season,title,url,text
M-4,【M-4 最終1位】結論ドヒドアマガ - soraぽけ,https://sso-061.hatenablog.com/entry/2026/08/06/213307,【M-4 最終1位】結論ドヒドアマガ - soraぽけ soraぽけ 読者になる soraぽけ 2026 - 08 - 06 【M-4 最終1位】結論ドヒドアマガ こんにちは。そらです。シーズンM-4お疲れ様でした。今回最終1位をとることが出来たので記事を書かせていただきます！是非最後まで読んでください！ 【使用構築】 チームID E871N4YCU0 【構築経緯】 マスカーニャ、ゲッコウガ、辺りの技範囲が広くメガじゃ対応しきれないポケモンに対して強いポケモンから構築を組むことから意識した。 M-3の時に使っていたドヒドイデが上記2体にそれなりにやれる+スコヴィランや積み系統の構築に対するマジレス性能が高いことからM-4でも使いたいと思いドヒドイデから組み始める事にした。 ドヒドイデの相方枠として当初はカバルドンを考えていたが、サイクルベースのカバルドンが前と比べてかなり使いずらくなっていた事から物理受けをカバルドン以外で考えた。 アーマーガアがドヒドイデと組み合わせる際に多くの相手に対応しやすくなりタイプ補完も良かったのでアーマーガアを物理受けとして採用。 ドヒドアマガを軸とし、それに合ったメガ枠としてフラエッテを採用した。知り合いが強いと言っていた甘える瞑想フラエッテがこの構築においてかなり使用感が良かったのでそのまま採用。 この三体で見づらいのが相手のギルガルドやサーフゴー、メガマフォクシー辺りだった。 そこに対してヒスイダイケンキが強く、まきびし+ドヒドアマガで相手を詰ませる事を視野に入れられる立ち回りが出来ると思い採用。 ここまでできつかったのが相手の電気タイプ全般(ライチュウ、ロトム、ハラバリー)だったので、電気技の一貫を切れられるポケモンを採用したかった。 眠カゴガブリアスが電気の一貫を切りつつ鬼火ロトムにも強く出す事が可能+ガブリアス自身が削れていれば眠るでカゴのみを自由に割れることによってギルガルドやソウブレイズのポルターガイストを透かせることができ、ダイケンキが出しずらい構築に対しての対ガルドへの解答としてガブリアスを採用した。 最後にメタグロスやゲンガーに強く、アーマーガアやハッサム等の受け寄りの鋼タイプを崩す手段が欲しかったのでメガマフォクシーを採用。 これで6体が完成 【構築コンセプト】 勝てない相手を構築で減らし、プレイングで勝ちに行く 【個体紹介】 ドヒドイデ @ たべのこし 特性: さいせいりょく 性格: しんちょう 157(32)-83-186(14)-65-200(20+)-55 アクアブレイク / どくどく / くろいきり / じこさいせい 調整 HD-特化ブリジュラスの10万ボルト+流星群を残飯込で確定耐 HB-特化イダイトウのお札お墓参り確定耐 最強の海星。エッテマフォが自然ときつくなるマスカゲコアシレ辺りに明確に強くメガ枠をエース運用する際に必要不可欠なポケモンだった。 自身がどくどく黒霧再生で相手を詰ませる動きを取れるのが強い+後述する甘える瞑想フラエッテと合わせることでリザXYに両対応できる点や毒が効かない毒やはがねタイプにはマフォクシーで強く出せる事ができ、メガ枠との補完が最高だった。 努力値の調整に関しては、ドヒドイデが受けたい先が基本的に特殊ポケモンであり、物理ポケモンで受けたいのはそこまでいなかったので特防に寄せ、最低限役割を持たせられるように物理に振り分けてる程度にした。 技構成は相手を定数で削れるどくどくと回復技の再生、ドヒドイデ自体が起点になりがちなポケモンなためそれを咎める黒い霧は確定。@1は攻撃技で最低限の打点が欲しく、マフォクシーやルカリオにそこそこの削りを入れられるアクアブレイクを採用した。イダイトウやゲンガーがきついとしっぺ返しが欲しくなるのですが、後述するガブリアスとダイケンキがそれらに強かったのでこの構築においてはアクアブレイクで充分だった。 持ち物は食べ残しかお盆の2択ではあるが、黒い霧連打する展開において食べ残しを持っていると体力管理をすることができ相手に殴り択を強要させれるのが強かった。お盆だとカバルドンの地震を2耐することが出来たり、お盆を発動させたあと相手のガルドやソウブレイズに強くなる利点があるが、黒い霧+食べ残しでドヒドイデの強さが最大限に引き出される+引き分け性能が十分高く負け試合を引き分けに持ち込める場面がいくらかあるのが強かったので食べ残しで採用。 現環境にいる中で1番レベルで性能が好きなポケモン。ずっと使ってて良かった😭 アーマーガア @ オボンのみ 特性: プレッシャー 性格: のんき 205(32)-108(1)-166(26+)-73-112(7)-78(-) ブレイブバード / とんぼがえり / のろい / はねやすめ 調整 HB-11n+1 A197メガメタグロスの雷パンチ15/16で2耐 特化メガミミロップの剣舞インファイト確定耐 HD-C222メガゲンガーのシャドーボール約89%2耐 A-2n S-全ての下からとんぼ返りをしたいので最遅 最強のカラス。構築経緯でも書いたように最初この枠はカバルドンで考えていたがラムガブリアスの増加や一定数いる草結びグロスに対してカバルドンだと負けてしまうことが多かったので、ガブグロス辺りに強く投げやすいアーマーガアを採用した。対面操作技のとんぼ返り+メガ枠でのスイープがかなり強く、相手の構築に対しての対応幅を広げる事が出来てかなり良かった。 技構成に関して、とんぼ返りと羽休めは確定。殴り技として、相手のフシギバナやミミロップが少しきつかったのでそこを殴れるブレイブバードを採用。ボディプレスだと対ゴーストに打点が無いのが乏しくフラエッテ軸だとゲンガーやガルドを削れないのがかなり渋く、アイアンヘッドだと相手の挑発ギャラドスに対しての打点が乏しくなってしまうことも踏まえ、ブレイブバードが1番使いやすかったと感じる。 そして結構珍しいのが呪い。ビルドアップと違い自身のSを下げられる点を評価した。相手のカバルドンがHDベースの初手起点型(地震欠伸ステロ飛ばし)がかなり多くその型が1番きつかった。そのカバルドンに対して初手エッテかマフォで殴りを入れつつ、ステロのタイミングでアマガに引き呪いを打つとカバルドンの下から動く事ができ、あくびループを抜けることが可能になる。また遅いギルガルドの下から動ける点やドヒドイデの技をアマガで受けつつ裏に繋げる動きが出来たり、アムハンメタグロスに対して相手はアムハンを打ち続けるとSがアマガより遅くなりこちらの羽休めタイミングにアムハンを打つと抜群でかなり削ることができるのだが、こちらがS下げ手段を持つことによりそれを防ぐ事が可能になったりもした。ビルドアップを採用するくらいなら呪いを採用した方が強い場面しか無かった。 特性は相手の攻撃技を羽休めで枯らす動きを取れるプレッシャー。PPが少なく高火力のポケモンが多く受けずらい環境ではプレッシャーがかなり強かった。 持ち物は本当は食べ残しを持たせたい気持ちはあったが仕方なくお盆。黒いヘドロがあれば、、 メガフラエッテ @ メガストーン 特性: フェアリーオーラ 性格: おくびょう 171(22)-94-118(11)-176(1)-168-169(32+) ムーンフォース / あまえる / めいそう / こうごうせい 調整 S-カイリューやリザードン意識で最速 HD-C222メガゲンガーのヘドロウェーブ確定耐 B-物理ポケモンに対して甘えるで1度突っ込みたい時を意識して極力高めに。 C-フェアリーオーラの効率意識で1振り 最強の花。環境にそこそこ多く対策しずらいカイリューやガブリアス等に強く、甘えるを絡めることで普通は不利よりのギルガルド等に対しても有利不利を逆転することができる神ポケモン。 アマガドヒド等の受けと組み合わせる上で瞬間的に高火力を出せるポケモンはかなり強く、等倍以上に対してかなりの火力を連打できるフラエッテは構築に必須レベルだった。 技構成に関してはムーンフォース確定で、裏のダイケンキやガブリアスと合わせて相手のギルガルドやソウブレイズを余裕持って見に行ける甘える、自分自身が積みエースとして活躍できる瞑想、安定した回復ソースとして光合成を採用した。もっと火力を出したい場面があったので破滅の光が欲しかったり、変化技を打ってくる相手に対して身代わりが欲しい場面もいくらかあったがこの4つの技で完結していたと思っている。 最速にする事でリザードンやカイリューに上からエアスラ怯みの心配が無くなるのが良かったり、意地グロスとかには上から甘えるを打てる点などがそこそこ強かった。 グロスゲンガーマフォクシーが多い現環境でフラエッテが通りにくいと思われるイメージがかなりあるが、実際は上記メガに対して強いのが基本悪タイプで、一般悪タイプが増えている環境かつ毒タイプ辺りが減っている環境においてはフラエッテが逆に1番通しやすいポケモンだと思っている。 M-B環境最強メガ。このポケモンがいなければ1位にはたどり着けなかった。Pay to Win！ ダイケンキ(ヒスイ) @ くろいメガネ 特性: きれあじ 性格: いじっぱり 181(16)-176(32+)-102(2)-108-91(6)-115(10) ひけん・ちえなみ / せいなるつるぎ / ふいうち / つるぎのまい 調整 A-全てを破壊するために特化 HD-特化ブリジュラスの流星群7/8耐 HB-特化メガメタグロスの雷パンチ13/16耐 S-最速50族(準速60族)+3 最強の海獣。構築で対処しにくいガルドサフゴイダイトウやメガスターミーメガマフォクシー辺りに滅法強い。 秘剣千重波が最強で、当てさえすれば1度まきびしを撒いた後に裏でサイクルを回す動きを取ることで相手を崩しやすくすることができる。 フラエッテの紹介でも書いたが、現環境は悪タイプがかなり強い環境で重宝されている。だが環境に多いあくタイプは対面性能が高いだけで崩し性能は低い。だがこのヒスイダイケンキは剣の舞を採用させる事で崩しとしての役割を持てる+不意打ちでのスイープ性能を高くすることができる点で、対面性能と崩し性能が高水準なのが他の悪タイプとは頭ひとつ抜けている強さを持っていると思っている。 技構成に関して千重波不意打ち剣の舞は確定で@1はブリジュラスやドドゲザンを殴ることが可能な聖なる剣を採用。技範囲も広くなり色々な相手に投げやすかった。 ダイケンキも性能が好きでずっと使っている為結果を残せてよかった。 ガブリアス @ カゴのみ 特性: さめはだ 性格: わんぱく 215(32)-150-144(16)-90-122(17)-123(1) ドラゴンテール / じしん / ステルスロック / ねむる 調整 HD-特化メガゲンガーのシャドーボール99.7%で2耐 HB-11n+1 様々な相手に役割を持ちたかった為最大値 S-ミラー意識 ガブリアス。構築単位ですごすぎる電気技の一貫を切りつつステルスロック+ドラゴンテールでの崩しを可能にできる補完として最高のポケモン。 おそらく全員が不思議に思っているのが眠るだと思う。 対ハラバリーやロトムに対して、電気技の一貫を切れるのは良いがどうしても毒や鬼火を入れられてしまい有限的になってしまう。そこに対して眠るを採用する事でそれらの状態異常に屈する事なくガブリアスを動かすことができ、眠る+カゴのみで体力管理をする事ができて最強だった。ロトムハラバリーに限らずフラエッテで対処しにくいとされるラウドボーンやドヒドイデ、鬼火メガゲンガー等搦手を使ってくる相手に眠るが有効に生きる場面が多かったり、ガルドソウブレイズ辺りのポルターガイスト勢に眠るで持ち物消費をしつつポルターガイストを透かす動きが出来るのが強く、この構築だとカゴガブリアスが最高のパフォーマンスを披露してくれた。あと地味にあくびに1度耐性を持っているのも強い。ゲンガー+ブラッキー的な構築やカバルドンに対して余裕を持ってステロ+ドラゴンテールの動きを出来るのが強かった。 体力管理も出来て何回でも動かせるのであればステロではなくまきびしのほうが良いと思われることもあるが、対マフォクシーサイクルに対してだとまきびしが有効に働かない+ダイケンキがまきびしを撒けるのでステルスロックを優先して採用した。雑にステロドラテを打つだけで相手がフラエッテやマフォクシーの圏内に入る展開もあり耐久振りガブリアスを上手く使えるとこの環境でかなり勝ちやすいと思っている。 メガマフォクシー @ メガストーン 特性: ふゆう 性格: おくびょう 163(13)-80-92-202(23)-146(1)-201(29+) オーバーヒート / サイコキネシス / みがわり / わるだくみ 調整 S-最速130族抜き HD-無振りハラバリーのボルトチェンジが身代わり15/16耐 C222メガゲンガーのシャドーボール15/16耐 C-余りで最大値 最強の狐。構築できつい鋼全般だったり受け寄りの構築を纏めて焼き尽くしてくれた。 技構成は瞬間的火力を出せるオーバーヒート、オバヒと組み合わせる事で相手の受け駒を崩し切ることが可能な悪巧み、対ガブリアスを意識してサイコキネシス(アシレ意識だとショックになるがガブリアスを意識した方が出しやすくなりそうだと感じた為)、欠伸等の搦手を受け止めることができる身代わりを採用した。身代わりの箇所はアンコールも脳内では強いと思っていたが、身代わりが活躍する場面が多くなかなか外せなかったので最終的に身代わりをそのまま使用。 選出率はそこまで高くなかったのだが、1位チャレの試合で急所以外負けの場面で急所に当てて勝った時このポケモンに大感謝した。本当にありがとう。 【選出】 基本的な選出等は特に無く、ドヒドイデかアーマーガア(もしくは両方)を絡ませながらメガ枠を通しに行く動きを柔軟に取っていました。 【重いポケモン】 メガクチート マフォクシーで不意打ち択無理やり通しにいくかガブリアスを切りながら動いて削って裏の圏内に行くことで頑張った。ガブが襷ならもうちょい楽 ラムサイコキネシスウルガモス ドヒドでウルガモス見る選出をする時は絶対に無理。最終日2回当たったが2勝した(1戦鬼のプレイング2戦目運勝ち) 【結果】 TNばつびょう　最終2567　1位 TNそら 最高2528最終2452　72位 【感想】 M-4は最終1桁を目標にして取り組んでましたが、まさかの最終1位を取れてびっくりしてます。 10時40分くらいに8位で1桁が怪しくて最後潜ったら急所以外負けの盤面で急所を当てて勝った+僕より上で1位チャレ潜っていた方が全員負けた事によって奇跡的にとれた1位でした。全ての流れが僕に来てて4年ほど諦めずポケモンやってて良かったです😭😭 ほかの1位経験者の方と比べてまだ結果も安定して残せなかったり実力も浅い部分があるのは自分で理解しているので、今回の結果で調子に乗らずこれからもいつも通り上手くなる事を目標に頑張っていきたいと思います！ 【最後に】 最後まで見てくださってありがとうございます！ YouTubeやってるので良かったら登録お願いします！ https://youtube.com/@sso_061?si=bJJ4_UoZQ7dSzL3y 何か質問あればXまで！ X→@sso_061 【おまけ】 TNの由来 https://youtu.be/C7h6-jU1DCA?si=pOM83VCzyfL2Y2jA Special Thanks 色アマガ貸してくれたいかさん フラエッテ貸してくれたりん 関わってくれてる全ての人 sso_061 2026-08-06 21:33 読者になる 広告を非表示にする 関連記事 2026-06-19 【M-2 最終32位】アマガドヒド こんにちは。そらです。シーズンM-2お疲れ様でした！チャンピオ… 2025-12-01 【s36 最終8位】フェアルセホウオウ こんにちは。そらです。s36お疲れ様でした。s36にて最終8位(レ… 2025-08-02 【s32 最終5位】ミライオーガ こんにちは。そらです。s32お疲れ様でした。s32にて最終5位 レ… 2025-07-01 【s31 最終198位】コライミライ こんにちは。そらです。s31お疲れ様でした。普段3桁では記事書… 2024-07-01 【s19 最終85位】ミライ攻めサイクル こんにちは。そらです。s19お疲れ様でした。2100のせれなかった… もっと読む コメントを書く 【M-3 最終26位】ニウムカバドヒド » プロフィール id:sso_061 読者です 読者をやめる 読者になる 読者になる このブログについて 検索 リンク はてなブログ ブログをはじめる 週刊はてなブログ はてなブログPro 最新記事 【M-4 最終1位】結論ドヒドアマガ 【M-3 最終26位】ニウムカバドヒド 【M-2　最終32位】アマガドヒド 【s38 最終35位】ミラコラマンボウ 【s36 最終8位】フェアルセホウオウ 月別アーカイブ ▼ ▶ 2026 2026 / 8 2026 / 7 2026 / 6 2026 / 2 ▼ ▶ 2025 2025 / 12 2025 / 10 2025 / 8 2025 / 7 2025 / 5 2025 / 2 ▼ ▶ 2024 2024 / 12 2024 / 7 2024 / 4 2024 / 2 2024 / 1 はてなブログをはじめよう！ sso_061さんは、はてなブログを使っています。あなたもはてなブログをはじめてみませんか？ はてなブログをはじめる（無料） はてなブログとは soraぽけ Powered by Hatena Blog | ブログを報告する 引用をストックしました ストック一覧を見る 閉じる 引用するにはまずログインしてください ログイン 閉じる 引用をストックできませんでした。再度お試しください 閉じる 限定公開記事のため引用できません。 読者です 読者をやめる 読者になる 読者になる
M-4,@Uy16X,https://x.com/Uy16X/status/2084958724595355895?s=20,"Post / X Post Log in Sign up Post Age-restricted adult content. This content might not be appropriate for people under 18 years old. To view this media, you’ll need to log in to X. Learn more Log in or sign up for X See what’s happening and join the conversation Continue with phone Continue with Apple Continue with Google or Log in with username or email Relevant people Trending now Terms · Privacy · Cookies · Accessibility · Ads Info · More © 2026 X Corp."
M-4,【ポケモン超流シングル】 シーズン4 レーティング2560 最終3位 獲得構築,https://blog.naver.com/2tjqja/224370602372,기록용 : 네이버 블로그
M-4,【シーズンM-4 最終4位】未完成限界プレイング - magicoのブログ,https://magico.hatenablog.jp/entry/2026/08/08/120910,【シーズンM-4 最終4位】未完成限界プレイング - magicoのブログ magicoのブログ 読者になる magicoのブログ 2026 - 08 - 08 【シーズンM-4 最終4位】未完成限界プレイング 初めましての方は初めまして！！ モスノウ大好きトレーナーことMAGICOと申します！！ 今回はシーズンM-4で最終4位を取ることができたので記念に記事を書くことにしました！！ ※他の方の記事に比べて自分の記事はかなり浅いと思っています。特に選出の欄は一応書いたものの自分自身感覚で選出したりしている事が多かったのであまり参考にならないかもしれない事を予めご了承ください🙏 【構築経緯】 シーズン3で使っていた構築が個人的に使用感が良く、実際に時間さえあれば2桁はいけるだろうというポテンシャルを感じていた為自分の使っていた構築を元に組み始めました。 ↑その時に使っていた構築です サザンドラのステルスロックからカバルドンorニンフィアで欠伸をしていき、裏の積みエースを通すというシンプル且つ強力な戦術です。 変更点を述べるのですが、ステルスロック要因を襷サザンドラから襷ガブリアスに変更しました。理由といたしましてはサザンドラがフェアリータイプに対して打点を一切持たず、ステルスロックを撒くだけしか役割を持てないのが使っていて苦しかったので同じフェアリー弱点ではあるものの、タイプ一致の地面技を打ち込むことができるガブリアスの方がステルスロックを撒く以外にも仕事ができそうだと判断した為、この枠を変更しました。 ここからはざっくりとした構築経緯です。 ・竜の舞を積めばほぼ全てのポケモンの上から殴ることができる メガギャラドス が今シーズンも強力だと思っていたので採用。 ・ メガ ギャラドス を通す上で相手の襷が面倒なので相手の襷を潰せるステルスロック要因且つ、相手の積みをドラゴンテールで流すことができる襷ドラテ ガブリアス を採用。 ・ステルスロックは欠伸と組み合わせることで真価を発揮すると思っているので欠伸要因としてフェアリーという強力なタイプに加え、願い事により自身だけではなく裏のエースの体力も回復させることができる残飯 ニンフィア を採用。 ガブリアス + ニンフィア + メガギャラドス を基本選出として構築を組み始めました。 ・この並びだと相手のハッサムやアーマーガア達に対して打点を一切持ち合わせていないので炎打点を持ちつつ蝶の舞という強力な積み技を有して自身が積みエースになることができるラムの実 ウルガモス を採用。（ウルガモスというポケモンが好きなので個人的な固定枠です🦋🔥） ・メガピクシー絡みのサイクルに圧をかけつつ、剣の舞という強力な積み技を持ち、ステルスロックで削れた相手を剣舞神速で一掃することができる メガルカリオ を採用。 ・ラストの枠はカバルドンやシャワーズのような第二の欠伸要因を試していましたが、相手の初手アシレーヌが個人的に面倒だったので珠ウッドハンマーでワンパン（する予定だった）しつつ、化けの皮という強力な特性で相手のストッパーになれる命の珠 ミミッキュ を採用。 以上で構築が完成した。 【個体解説】 ・ ウルガモス ・努力値調整 161(1)-×-86(1)-205(32 ↑ )-125-152(32) ・調整意図 C:火力を高めるために特化 S:準速 HB:余り 炎虫タイプのモスノウ（ ウルガモス ） この世で2番目に好きなポケモンです🦋🔥 シーズン中盤辺りまではイトケの実を持たせていましたが、効果を発揮する事が少なくなってきたこともあってラムの実に変更しました。 ラムの実を持たせたことによって相手の欠伸展開に強くなったりドヒドイデの毒毒や終盤辺りにいた眠り粉持ちのメガフシギバナに対しても強くでれる点が良かった。 中でもサイコキネシスが偉く、相手のキラフロルやドヒドイデ、バシャーモを見ても選出を渋ることがなくなったのはとても大きかった。 ガブリアスがかなりの天敵でガブリアスさえ処理出来ればかなり通りの良いポケモンでした。 ・ ギャラドス ・努力値調整 171(1)-176(31)-102(3)-×-120-145(31 ↑ ) ・調整意図 HB:陽気マスカーニャのトリックフラワーを最高乱数以外耐え S:S+1で最速メガゲッコウガ抜き A:なるべく高く 水飛行タイプのメガモスノウ（ ギャラドス ） 本構築のエースポケモンです。 竜の舞を積んだ時の全抜き性能が高く、カラフルな技範囲で大体のポケモンの弱点をつけるのが偉かった。 しかし、パワーウィップは頻繁に打つ技でありながら命中が85と不安定で毎回打つ度に「お願いします🙏」と祈りながら打ってました。その回もあってかあまり外さなかったような気はします。 正直滝登りや噛み砕くが欲しい場面もあったので技構成には一考の余地あり。 因みに、若干の耐久調整を行ってはいるが正直生きた場面を特に感じなかったので普通にASぶっぱで余りHB振り分けとかでもいい。 ・ ルカリオ ・努力値調整 147(2)-176(32 ↑ )-90-×-90-147(32) ・調整意図 A:相手を破壊するために特化 S:準速 H:余り 鋼格闘タイプのメガモスノウ（ ルカリオ ） 第二のメガ進化エースポケモンです。 性格をいじっぱりにしていることで相手がHBカバルドンだったとしてもA+2インファイトをステルスロック込みでワンパンできるのがとにかく面白かったです。 他にもメガマフォクシーやメガスターミーのようなメガルカリオより速いポケモンもステルスロックを1回、または複数回絡めることでA＋2神速で縛れる点も非常に強力だった。 剣の舞を積むタイミングが難しいポケモンなので選出する際はなるべくニンフィアを絡める事を意識していきました。 ・ ガブリアス ・努力値調整 185(2)-200(32 ↑ )-115-×-105-154(32) ・調整意図 A:とりあえずぶっぱ S:準速 H:余り ドラゴン地面タイプのモスノウ（ ガブリアス ） 本構築のステルスロック要因です。 基本的に初手に出しますが相手の構築次第では裏から出すこともありました。（初手に出し負けするなって感じた時はニンフィアから入ったりしてました）ステルスロックを撒くだけではなく、スケイルショットで素早さを上げて上から殴ったりドラゴンテールで相手の積みを阻害したりと起点作成をしつつ相手の起点にならない点が非常に強力でした。 スケイルショットもドラゴンテールも共に命中90なのが不安ではありますが（最終日に普通に技を外したりもしました）それでも採用する価値のある技だと使ってて感じました。 ・ ニンフィア ・努力値構成 202(32)-×-128(32 ↑ )-130-151(1)-81(1) ・調整意図 HB:物理に対してやくわりを持たせたい為特化 S:無振り60族抜き D:余り フェアリータイプのモスノウ（ ニンフィア ） 本構築の欠伸要因です。 元々高い特殊耐久に加え、物理方面に特化することで相手の技を受けてから欠伸で切り返す事ができます。裏から出すこともありますが相手の構築次第では初手から出すこともありました。（ガブリアスが出し負けしそうだと感じた時に初手出ししてました） 欠伸と守ると願い事を駆使して相手の対面を引っ掻き回しながら余裕のあるタイミングでハイパーボイスを打って相手を削ったりと使っていて楽しいポケモンでした。 これらの技を駆使して無理やり引き分けに持ち込む事が出来るのも強いポイントの一つです。 ・ ミミッキュ ・努力値調整 131(1)-156(32 ↑ )-101(1)-×-125-148(32) ・調整意図 A:じゃれつく+影うちのリーチを伸ばしたい為特化 S:準速 HB:余り フェアリーゴーストタイプのモスノウ（ ミミッキュ ） 本構築の諸説枠です。 元々は命の珠ウッドハンマーで初手に来やすいアシレーヌを倒す為に採用していましたが、大体のアシレーヌに耐えられて悲しい気持ちになりました。しかし、唯一無二の特性と優秀なタイプではある為、結局最後まで外すことが出来ませんでした。それでも相手の盤面を荒らせるだけのスペックはあったのでいて良かったのかも？ 基本的にあまり信用できていなかったので選出率でいえばかなり低かったのですが、もっと考えていれば選出できる場が増えていたかもしれない。 ウッドハンマーの枠はタイプ一致のシャドークローかバトン対策の呪いにした方が使いやすそうだと感じました。 【選出】 ① ガブリアス + ニンフィア + ギャラドス 困った時はこの選出をしていました。 大体の構築に メガギャラドス は刺さっているのでステルスロックと欠伸を絡めて起点を作り、全抜き体制を整えていく感じです。 初手の対面での話になるのですが、相手の構築にカバルドンがいて初手にカバルドンと対面した際にはドラゴンテールを押す事を徹底していました。 相手がステルスロックを撒いて来た際には裏のポケモンは削られるものの、 ガブリアス の襷が残り、地震を押された際には ガブリアス の襷は削れるものの、裏のポケモンに負荷がかからないからです。欠伸を押された際は一度 ニンフィア に引き、逆にこちらが欠伸で引っ掻き回す事が出来るので基本的にどの技が飛んできても損はしないと感じています。（ドラゴンテールが当たれば） ② ガブリアス + ニンフィア + ルカリオ or ウルガモス 相手の構築にハッサムやアーマーガアと言った メガギャラドス での突破が難しいポケモンがいた際に選出します。 ルカリオ か ウルガモス を出す基準としましては、明らかに剣の舞からの神速が通っている場合は ルカリオ 。そうでない 場合は ウルガモス を投げていました。 ここら辺は感覚なので正解みたいな選出はないかもです。 軽く例を出すと マフォクシー+アーマーガア見たいな並びは先にステルスロックを展開できると ルカリオ を通しやすいので ルカリオ 。 フラエッテ+ハッサム見たいな並びにはなるべく ウルガモス を投げたりしてました。（ ルカリオ でも良さそうに見えますが、相手のフラエッテが最速だった場合即負けに繋がる恐れがある為） ③ ガブリアス + ルカリオ or ギャラドス + ウルガモス 相手の構築がかなり受けによっていた際に選出します。この手の構築は ニンフィア を介さなくても積み技を比較的積めるので ガブリアス である程度荒らしてから裏の積みエースで倒していきます。 これらの選出はあくまで目安なので初手に ウルガモス が刺さってそうだなって思ったら初手に ウルガモス を投げたり メガルカリオ 刺さってるし普通に ギャラドス 投げてもいけそうじゃね？って思ったら2メガ選出してたりも全然してました。 【結果】 ポケモン対戦を通じて自分に取って一生手の届かないと思っていた最終一桁を取る事が出来て本当に嬉しいです☺️ しかし、構築自体の出来はとても良いものとは言えず、最終日は特に上振れがすごいと感じる試合が多く、ここまで来れたのが実力ではなく確実に上振れた結果だという事も身をもって感じています。 運も実力の内と言いますが運が絡まなくても勝てるような強いプレイヤーになって心の底から満足のできる結果を出せるよう精進したいと思います！ タイトルの未完成とはそういう意味です。 ここまで見ていただきありがとうございました！ ポケモン対戦自体はこれからも頑張っていきたいのでまた記事を書いた際には見にきてくれると嬉しいです😊 ↑念の為コーディネートチーム載せておきます！ 【 スペシャルサンクス】 ・お互い切磋琢磨していき、自分がレート2500を乗せた事を報告すると「一桁までいこう！」と背中を後押ししてくれたいかいおーさん。 （レート2500乗せた時点で気持ち的に撤退しようかなって思っていたのでこの言葉がなかったらこの結果はありませんでした） ・応援してくれた全ての方々 改めまして本当にありがとうございました😊 それではまた次回お会いしましょう！！ バイバ〜イ👋 MAGICO 2026-08-08 12:09 読者になる 広告を非表示にする もっと読む コメントを書く モスノウと共に 〜シーズンM-2 最終50位〜 » プロフィール id:MAGICO 読者です 読者をやめる 読者になる 読者になる このブログについて 検索 リンク はてなブログ ブログをはじめる 週刊はてなブログ はてなブログPro 最新記事 【シーズンM-4 最終4位】未完成限界プレイング モスノウと共に 〜シーズンM-2 最終50位〜 モスノウと共に歩んだSVの軌跡✨ レギュJ適正4桁によるオフレポ【ムンフォツアー編🌙】 好きなポケモンと共に戦う覚悟 月別アーカイブ ▼ ▶ 2026 2026 / 8 2026 / 6 ▼ ▶ 2025 2025 / 12 2025 / 11 2025 / 4 2025 / 3 2025 / 1 ▼ ▶ 2024 2024 / 12 2024 / 8 2024 / 5 2024 / 4 2024 / 3 2024 / 2 2024 / 1 ▼ ▶ 2023 2023 / 12 2023 / 10 2023 / 8 2023 / 6 2023 / 3 2023 / 2 はてなブログをはじめよう！ MAGICOさんは、はてなブログを使っています。あなたもはてなブログをはじめてみませんか？ はてなブログをはじめる（無料） はてなブログとは magicoのブログ Powered by Hatena Blog | ブログを報告する 引用をストックしました ストック一覧を見る 閉じる 引用するにはまずログインしてください ログイン 閉じる 引用をストックできませんでした。再度お試しください 閉じる 限定公開記事のため引用できません。 読者です 読者をやめる 読者になる 読者になる
M-4,【シングルM-4 最終5位 紫電アマガライチュウ】,https://pokesol.app/u/ftn_poke/articles/f45faf94b9410c0d,"【シングルM-4 最終5位 紫電アマガライチュウ】 ログイン ポケノート 注目記事 記事検索 ツール ダメージ計算(準備中) チーム管理 Pokémon Soldier X YouTube Twitch GitHub サポート お問い合わせ 条項 利用規約 プライバシーポリシー 免責事項 布団に入ってずる休み。 0 ふ ふとん 目次 ページトップへ 【シングルM-4 最終5位 紫電アマガライチュウ】 構築記事 シングル M-B M-4 2026年8月10日 に公開 はじめに みなさんどうもこんにちは。ふとんです。 この度はチャンピオンズシーズンM-4において最終5位という成績を収めることができました！ 今回はメガライチュウYを軸とした構築の紹介となります。 ぜひ参考にしていただけると嬉しいです。 それではどうぞ！ 結果 コーディネートチーム コンセプト ・メガライチュウYが与える選出圧力を理解し、最大限に利用して勝つ。 ・アーマーガアのとんぼがえり+高速高火力ポケモンによる「攻め崩し」で勝つ。 ・メガライチュウYの麻痺/マスカーニャのどくびし+ビルドアップアーマーガアによる「詰ませ」で勝つ。 構築経緯 メガライチュウY(以下、ライチュウ) が9世代のミライドン、8世代のサンダーやカプ・コケコを彷彿とさせるような、強い選出圧力を持つ電気タイプのポケモンであることに魅力を感じ、使用してみたいと考えた。 まずライチュウは低耐久で行動保証がないため、先制技に縛られやすかったり対面では打ち負けてしまうことが多いポケモンであった。 そのため HBに厚く割いた型 で採用してみたところかなり使用感がよく、M-3環境で1人も結果を残していなかったので想定されないだろうと思い、そのまま採用した。 また、特性ノーガードによる必中電磁砲(=確定麻痺)の圧力によって地面タイプの選出を半強制する性質を持つことから、取り巻きはその地面タイプを誘い狩りできるように考えていくべきだと考えた。 まず地面タイプ、特にガブリアスに対しての引先になりつつ、ミミッキュやマスカーニャといった物理ポケモンを誤魔化せる点を評価して アーマーガア を採用した。 ただしアーマーガア1匹では引先にはなれてもステロ撒菱+ドラゴンテールやつるぎのまいを持ったガブリアスに簡単に崩されてしまうし、そもそも倒すのに時間がかかってしまう。そこで、草打点+トリプルアクセルの存在により大体の地面タイプに有利が取れる マスカーニャ を採用した。 型の組み合わせであるが、 タスキどくびしマスカーニャ+ビルドアップアーマーガア の形が、ライチュウの電磁砲を地面で防ごうとする展開への明確な回答になると考え、これを構築の軸とした。 上記の3匹ではメガリザードン(特に中盤から流行っていたX)、メガルカリオ、バシャーモ、ギャラドスに展開を取られるとそのまま崩されてしまうため、それらへの切り返しとなる 最速スカーフガブリアス を採用した。 また、どくびし前提での選出を考えた時に、どくびしを踏まないゲンガー、ハッサムやメタグロスといった鋼枠全般がやや厳しい。 そのほか、ライチュウではメガメガニウムやメガスコヴィラン、メガフラエッテにはさすがに勝てないことから、上記の条件を満たすもう1匹目のメガシンカ枠として、 みがわりメガマフォクシー を採用した。 最後に、スカーフサザンドラ、毒菱+カイリュー、カバルドンやニンフィアのあくび展開、そして剣舞ドドゲザンへの回答として、 ラムのみアンコールアシレーヌ を採用した。 以上で構築が完成した。 個体紹介(チームの並び順) <調整意図> S:最速ガブリアス、フラエッテ抜き 意地っ張り珠ミミッキュのじゃれつく+かげうちを94.5%で耐え 意地っ張りメガハッサムのインファイト+バレットパンチ確定耐え(79.4%〜93.3%) 意地っ張りソウブレイズのポルターガイスト93.7%耐え 陽気適応力イダイトウのウェーブタックル93.7%耐え 控えめサザンドラ/ブリジュラスの流星群87.5%耐え メガ枠その1 従来のメガライチュウは最低限の耐久しか振らないCSベースの調整で使われることが多かったが、今回はHBベースの調整で採用。 これにより、珠ミミッキュに対面から勝てたり、初手からワンパンを狙ってくるスカーフイダイトウやスカーフマスカーニャなどを逆に返り討ちにすることができる。 明らかにこの耐久振りが(相手視点)想定外の勝ちを拾えている場面が多く、従来のメガライチュウYの処理方法の共通認識を理解していたからこそ強いと思える型であった。 Cに補正を乗せるかSに補正にするかはお好み。 最強技「でんじほう」 安心できる方の「きあいだま」 カバルドンを許さない「くさむすび」 足りない火力を補う「わるだくみ」 技構成について「でんじほう」「きあいだま」までは確定で、その他2つはシーズン中ころころ入れ替えて使用していた。「わるだくみ」も打てる場面は限られるが、低速～中速のサイクルを崩せる場面が少なからずあり、非常に強力であった。一番打たないのは「くさむすび」。 最終戦も、撒菱3回分のダメージが入っている状況でもなおくろいメガネをもったヒスイダイケンキの不意打ちの圏外であったことから、こちら視点でのみ電磁砲が安定択となり綺麗に勝利することができた。 ぜひ使ってみてほしい。 <調整意図> 陽気ミミロップのとびひざげりをたべのこし回復込で2発耐える メガルカリオやメガミミロップへのブレイブバードの乱数が変わるためA2振り ゲッコウガやアシレーヌ、メガフラエッテを意識してあまりD 構築の核① ライチュウが苦手なガブリアスを筆頭とした地面タイプへの引き先となり、とんぼがえりによってサイクルの中継役になれつつ、ビルドアップにより自身でエースにもなれる万能ポケモン。 ライチュウの電磁砲麻痺、マスカーニャの毒菱と組み合わせることで詰ませ性能が格段に引き上がる。 また、特性「ミラーアーマー」は構築単位で重いギャラドスの威嚇を跳ね返して起点にしたり、ギルガルドのシャドーボールやクエスパトラのルミナコリジョンの特防ダウンを気にせずに立ち回れることが偉く、プレッシャーよりも活きる場面が多かった。 一致高火力「ブレイブバード」 詰ませの「ビルドアップ」 後は頼みます「とんぼがえり」 唯一の回復技「はねやすめ」 M-B環境のアーマーガアはメインとなる攻撃技に「アイアンヘッド」を採用するケースが多い印象であるが、今回は特にメガフシギバナを意識して「ブレイブバード」を採用した。 状態異常+アーマーガアによる詰めの考え方はM-1最終12位の方の構築を参考にした。 ※無断転載のため、問題があれば削除します <調整意図> S:ミラー、陽気リザードンXを意識して最速 陽気適応力イダイトウのおはかまいり(150)87.5%耐え 主人公 わかりきっていることだが、リザードン、マフォクシー、ルカリオ、ライチュウ、バシャーモ、ミミロップなど、多くの中〜高速メガシンカ枠を上から縛りにいけるのは非常に強い。 アーマーガアのとんぼがえりと合わせて圧力をかけるのもよし、試合終盤のスイープ役にするでもよし、アーマーガアを「受け」の万能ポケモンとするならばスカーフガブリアスは「攻め」の万能ポケモンであった。 安定地面打点「じしん」 薙ぎ払え「げきりん」 一旦落ち着こう「がんせきふうじ」 あると便利「ステルスロック」 技について特筆することはあまりないが、「がんせきふうじ」はくだけるよろいソウブレイズを処理するのに非常に役立った。 「ステルスロック」は余裕がある対面で打っていたがその場面はかなり限られるので、メガニウムに強い「どくづき」などでも良いと思う。 <調整意図> S:準速ドドゲザン抜き 無振りカバルドンの地震2発+砂ダメージ2回の瀕死率6.2% 控えめキラフロルのヘドロウェーブ93.7％耐え ガブリアスへのムーンフォース+アクアジェットの乱数意識で控えめ(H2振りに104.3%〜) 補完枠 ラムのみを持たせることであくびやどくびし展開にテンポを取られないようにした。 サザンドラ入りにはほぼ必ず選出するようにしていた。 謳え「うたかたのアリア」 安定妖打点「ムーンフォース」 偉い先制技「アクアジェット」 もう一回「アンコール」 元々「めいそう」で使用していたがあまりにもドドゲザンがきつかったので準速ドドゲザン抜きまでSに振りつつ「アンコール」を採用することで一応抗えるようにした。 最終日に変更したため実際にドドゲザンにアンコールが決まった試合は少なかったが、副産物としてS90〜95付近のめいそうアシレーヌを完封できる場面が何度かあり、変更は正解だったと思っている。 <調整意図> 火力意識、Sも削る部分がないためAS振り切り トリックフラワー+不意打ちでH2振りスケイルショットガブリアス確定 本構築の核② 基本的には初手に置いてどくびしを撒きつつ、目の前にあるポケモンを削って裏に繋げてもらう偵察役。 何かとガブリアス対面の行動が話題になっていたが、本構築においてはトリプルアクセルで倒す必要はなく、対面で削るか引かせてどくびしを踏ませられれば十分であったので、こちら視点では択にならずに安全にゲームメイクすることができた。 どくびし撒きとしてタスキキラフロルを採用している時期もあったが展開が露骨すぎてなかなかこちらのペースで試合運びができないことが気になり断念した。 確定急所「トリックフラワー」 歌わせないよ「じこくづき」 高火力先制技「ふいうち」 後続サポート「どくびし」 「じごくづき」は「はたきおとす」との選択。 ニンフィアのハイパーボイスを一時的であるが止められたり、耐久にあまり振っていないマフォクシーやゲンガーを一撃で仕留められることを評価して最終的に「じごくづき」にした。 <調整意図> S:準速ゲンガー+2 だいもんじでH振りギルガルド確定 だいもんじ+マジカルシャインでH2振りガブリアス確定 意地ガブのげきりん確定耐え 陽気メガスターミーのアクアジェット93.7%耐え 陽気メガミミロップの+2とびひざげり確定耐え みがわりが無振りハラバリーのボルトチェンジを93.7%で耐える 臆病メガゲンガーのシャドーボール確定耐え メガ枠その2 構築コンセプトである毒菱が通らない鋼・毒全般に強く出ることができるメガ枠。 独特の技範囲で受けることが難しいポケモンであり、有利対面を取った際にサイクル崩しを遂行しやすいポケモンであったため非常に好みな性能をしていた。 撃ち合い性能を引き上げるため最低限耐久にも振り、相手を選ばず選出できるようにした。 水ロトムやスターミー、イダイトウといった水タイプはかなりきついためライチュウを優先して選出していたが、比率で言うとマフォクシーの方が選出率が高かった。 ハイリスクハイリターン「だいもんじ」 めいそうも怖くない「サイコショック」 悪を許さない「マジカルシャイン」 一旦様子見「みがわり」 「だいもんじ」は少し面倒なブリジュラスへの遂行速度を上げることができる他、H振りのみのギルガルドを倒しきることができたり、受け出しにきたスカーフガブリアスなどを次の「マジカルシャイン」で倒せるようになったりと、命中不安を考慮しても採用する価値は十分にあった。 「みがわり」はメガスコヴィランのやどりぎのタネを透かしたり、不意打ちを透かしたり、毒ダメージ稼ぎに使えたりと何かと便利だったので最後まで外せなかった。 選出パターン 基本選出 「どくびしマスカ+アマガ@1」 @1はメガ枠か、メガ枠の刺さりが悪ければガブリアスを選出することもある。 どくびし展開を絡めない場合 「メガ枠+アマガ@1」 @1はスカガブが一番パワーが出る。 いわゆる、攻め2+クッション1の形。 サザンドラ+メタグロス(追記) 「メガ枠+アシレーヌorアーマーガア@1」 メガ枠+アシレーヌの通りが良いことが多い。 個人的にはマスカ+アシレ+マフォクシーが広く浅く相手できると思っている。 並びによるが、スカーフガブリアスは一貫しにくいのであまり選出しなかった。 メタグロスとマフォクシーが対面した時など、サザンドラ引きが読めそう場面では積極的にマジカルシャインを押して処理を狙うこともあった。 ブリジュラス+ミミッキュ+リザードンのような対面構築 「ライチュウ+アマガ@1」 @1はガブリアスが多かった。リザードンをガブリアスで切り返すことができればほぼ勝ち。 カイリュー入り 「メガ枠+アシレーヌ@1」 ギルガルド等の取り巻きを考えるとメガ枠+アシレーヌで相手するのが一番良い。 リザードン入り 「メガ枠+ガブ@1」 うまいことガブリアスでリザードンを倒したい。 スコヴィラン入り 「マスカ+マフォ@1」 毒菱+みがわりマフォクシーで詰める。 フラエッテ入り 「マスカ+マフォ@1」 大体初手にフラエッテが来る。マスカ初手に合わせられた場合には毒菱から入り、襷で耐えて新緑発動→トリックフラワーで大きく削りを入れて裏に繋げるのが理想。ハッサムなどに引かれることもあるがその場合はフラエッテに毒が入るのでマフォクシー@1で詰められる。 @1はアーマーガアの選出が最も多い。 水ロトム、イダイトウ入り 「ライチュウ@2」 特にイダイトウに関しては初手スカーフイダイトウを置くプレイヤーが多かったのでHBライチュウを初手に置くか、裏にマスカーニャorガブリアスを置いてうまく切り返したい。ロトムに関してはうまく電気技のタイミングでひらいしんライチュウを着地できるとより有利な展開を取れる。 アーマーガア+ハラバリー絡み 「ライチュウ@2orマスカマフォ@1」 悪巧みライチュウでアーマーガアやハラバリーを起点にして崩すか、マスカのどくびしを絡めてみがわりマフォクシーを通したい。 M-3 1位構築へは、「マスカアマガライチュウ」の選出が多かった。エルフーンのおいかぜを枯らすタイミング、がむしゃらをもらってしまうタイミングには十分に気をつけたい。 ドドゲザン入り 「アシレーヌ@2」 アシレーヌは初手じゃなくても良い。 剣舞されると止める手段が択に勝つしかなくなるので、できればアンコールで止めに行きたい。 ウツボット+ドドゲザン+ミミッキュイダイトウ 「非メガマフォ+メガライチュウ@1」 一番特殊な選出。経験則だがほとんどのウツボット使いが初手にウツボットを出してくれるのでマフォクシーをメガシンカさせずにだいもんじで相打ちを取り、ライチュウをメガシンカさせて通しに行く。@1はアシレーヌ・ガブリアス・アーマーガアのいずれか。 その他は臨機応変に。 メガシンカの選出割合はライチュウ4:マフォクシー6くらいの割合だったと思う。 重いポケモン・並び ステルスロック+剣の舞しんそくルカリオ →通したら負け アローラキュウコン+バシャーモ+ギャラドス →壁+積みがかなり重い。 タスキドドゲザン →ギロチンもメタルバーストもきつい。 おわりに シーズンM-4、お疲れ様でした。 8世代ぶりに1桁順位を取れて本当に嬉しいです。 シーズンM-3の反省として土壇場（1桁帯での対戦）での勝負弱さが目立ったということがありましたが、今回は構築も、プレイングもほとんどミスなく勝ち切ることができたので、また一つレべルアップできたと確かに実感しています。 次にまた最上位で戦うことができたなら、1位から勝って、「最終1位」を目指したいと思います。 質問等あればX（＠ftn_poke)までお願いします！ スペシャルサンクス ・なんやかんやでライチュウアーマーガアを一緒に使ってくれたマキッペ（次は勝とう） ・最前線で戦い、刺激をくれたイカタコさん（最終10位）、まどれーぬくん（最終25位） ・応援してくれた方々 ・人生モチベをあげてくれる全ての音楽 tnの由来 KMNZ最高！ それではまた、ランクマッチで。 ポスト ふ ふとん 8世代からポケモンランクマッチ始めました。
黒バドレックスが好きです🫏🌳👑
8世代:最終2桁×10回　最終1桁×2回
9世代:最終2桁×2回
チャンピオンズ:M-1 422位　M-2 403位　M-3 23位　M-4 5位 ふ ふとん 8世代からポケモンランクマッチ始めました。
黒バドレックスが好きです🫏🌳👑
8世代:最終2桁×10回　最終1桁×2回
9世代:最終2桁×2回
チャンピオンズ:M-1 422位　M-2 403位　M-3 23位　M-4 5位 ポケノート ツール サポート 記事一覧 チーム管理 お問い合わせ 記事検索 記事一覧 記事検索 チーム管理 お問い合わせ"
M-4,チャンピオンズM-4 最終7位 全破壊対面構築 - 尸魂界,https://rukiapoke.hatenablog.com/entry/2026/08/05/203044,チャンピオンズM-4 最終7位　全破壊対面構築 - 尸魂界 尸魂界 読者になる 尸魂界 2026 - 08 - 05 チャンピオンズM-4 最終7位　全破壊対面構築 こんにちは闢夜です、チャンピオンズM-4 お疲れ様でした。 今月も真面目に取り組んでついに念願の最終1桁を取って終わることが出来たので構築記事を書きました　いつもよりは丁寧に書いたつもりなので最後まで見てくれると嬉しいです　お絵描きもまあまあよく描けたと思います 構築の出発点 いつも通り対面しか使えないので対面 対面性能の高い神速持ちのメガカイリューからスタート 第2メガ枠にカイリューに強いマスカーニャやフラエッテに強いハッサム 地面枠に　ガブリアス　襷枠にマスカーニャ 奇襲枠にスカーフキラフロル　受け崩しにラムのみ持ちのヒスイダイケンキで完成 極力　引きたくない為技範囲をみんな広くした パーティ ↓個体紹介 カイリュー 性格　おくびょう 特性　マルチスケイル 持ち物　カイリューナイト 基礎ポイント　H1 B1 C32 S32 技　竜の波動　10万ボルト　かえんほうしゃ　しんそく メガ枠1 前期結果の出たボディプグロスに強い対面性能の高いメガ枠を考えた時に一番最初に降ってきて結局最初から最後まで使ったポケモン ミラー意識で性格はおくびょう　地味にいじガブ抜けるのも偉い 流星群じゃなくて竜波の理由は撃ちたい相手がだいたい竜波＋しんそくで倒せるので　特攻下がるデメリット　大事な場所でのくそ外しを考えた結果竜波に 10万はアシレーヌギャラドスに　かえんほうしゃはメガメタグロス ハッサムギルガルド意識 必ず1匹は倒してくれて強かった 技構成は一度も変えませんでした ハッサム 性格　いじっぱり 特性テクニシャン 持ち物　ハッサムナイト 基礎ポイント H30 A32 B1 D2 S1 技　バレットパンチ　とんぼがえり　かわらわり はたきおとす メガ枠2 フラエッテかマスカーニャが居る構築にはなるべく投げた　技はとんぼ　バレパンは確定　かわらわりは壁対策がなかったので　はたきおとすはぶっちゃけ羽や剣舞でも良かったですが　積んだり回復するよりは攻撃範囲広げるほうがええとなりはたきに カイリューが出しづらい相手に強くうまく噛み合ってた ガブリアス 性格　ようき 特性　さめはだ 持ち物　達人の帯 基礎ポイント A32 B1 D1 S32 技　じしん　スケイルショット　炎の牙　剣の舞 構築の地面枠　持ち物はラム　襷　スカーフが使われてるのであえて達人の帯を持たせた 実はこの帯がけっこう凄くてスケショ3発で相手のASベースのガブをいい乱数で落とせたり　剣舞した後に来たアーマーガーを炎の牙で崩せたり地味に凄かった そもそもガブリアスにこんな持ち物を持たすやつはほぼいない為予想外の火力を押し付けて相手のプランを破壊できたりして　強かった 出した試合はほぼ活躍してくれた マスカーニャ 性格　ようき 特性　しんりょく 持ち物　気合いの襷 基礎ポイント A32 B2 S32 技　トリックフラワー　はたきおとす　ふいうち トリプルアクセル 襷枠 マスカーニャの多くがスカーフなのとパーティにガブリアスキラフロルがいる為　襷と思われにくく強かった しんりょくでもトリプルアクセルを3発当てればメガカイリューもガブリアスも吹き飛ぶし　しんりょくトリフラの大火力　一致先制技のふいうち　はたき　しっかりと強かった キラフロル 性格　ひかえめ 特性　どくげしょう 持ち物　こだわりスカーフ 基礎ポイント H1 B1 C32 S32 技　パワージェム　ヘドロウェーブ　大地の力 マジカルシャイン 奇襲スカーフ枠 環境に居るキラフロル自体が襷　メガ　たべのこししかほぼ居なく　さらにガブリアス　マスカーニャがパーティにいるので 再戦以外は全くスカーフが読まれずめちゃくちゃ強かった 極力最後に投げて上から制圧していったり　途中で半減技のタイミングで投げてどくびしを撒けたり　とにかく強かった 技は　一致技二つは確定 ガブリアス　サザンドラ　メガギャラドス　メガミミロップに撃てるマジシャ メガメタグロス  ギルガルド　ブリジュラスに撃てる　大地の力で完結 相手から見えない勝ち筋を何度も作ってくれてめっちゃ強かった 性格は　最初はおくびょうで使ってたが火力が足りなかったり　ひかえめでもメガマフォクシーやメガミミロップも抜ける為　途中から変えた 初日から最後までずっと使ってた ヒスイダイケンキ 性格　いじっぱり 特性　きれあじ 持ち物　ラムのみ 基礎ポイント　H20 A32 B1 S13 技　ひえんちえなみ　ふいうち　聖なる剣　剣の舞 受け崩し枠　ブラッキー入りや　受けループみたいなパーティには必ず選出した ラムのみを盾にあくびやどくどくに居座って強引に剣の舞を積み全部を破壊していく 剣の舞を積んだ聖剣がちょうどHB特化ブラッキーをワンパンできたり 有利対面で剣の舞を積んだ後ではメガヤドランも受からなかったり　めちゃくちゃ受けよりのパーティに刺さった　殴るたびにまきびしを撒くのが強すぎる 素早さは何度かミラーが起きた為　前期一位の方のダイケンキよりプラス1早くした 基本選出 スタンダードなパーティは カイリュー　マスカーニャ　キラフロル ハラバリーやアーマーガーの居る受け回しよりのパーティにはガブリアス マスカーニャやフラエッテが居るときはハッサム 受けループやブラッキーの居るパーティには必ずヒスイダイケンキを選出することを意識した ただ基本的には初手はカイリューでいいです だいたい1.5体は削ってくれます　マスカーニャやニンフィアがいる場合はハッサムでいいです仮に炎タイプが初手に来たら即フロルに引くとかで大丈夫です カイリューを出しづらくてアーマーガーとかが居る時は　ガブリアスでアーマーガーを粉砕するように意識します 1番重いポケモンがカバルドンなので 最悪眠らされても無理矢理倒すとかで大丈夫です ただその場合は相手に隙を与えるので即切り替えせる襷マスカーニャか積み技を積まれても上から叩けるキラフロルや　ステロを撒かせなければ カイリューをスタンバイさせとくで大丈夫です 自分の話 SVで最終1桁を取るチャンスが2回あり失敗してからずっと2桁止まりでついに1桁を取れてほんまに頑張ってきて良かったです 最終日は24帯から9連勝したりかなり調子が良かったので1桁取るなら今しかないと思い　最後まで頑張って取れて本当に良かったです ただまだ1回なのでやるシーズンはまた取れるくらいに頑張っていきたいです スペシャルサンクス いつも僕より先を進んでたまに構築相談に乗ってくれた　ゼオンさん 昔から　辛い時や嬉しい時通話相手になってくれた　ユキさん 今は調子悪いけど唯一知り合いで最終1位を取ったことのあるいつも通話相手になってくれてたくさん話してくれたスポンジさん ありがとうございました 結果 質問や相談は気軽にX→＠byacyapokeまで 最後まで見てくれてありがとうございました rukiapoke 2026-08-05 20:30 読者になる 広告を非表示にする 関連記事 2026-07-08 チャンピオンズM-3 最終163位 サクサク対面構築 チャンピオンズM-3 お疲れ様でした 闢夜です 2シーズン連続2桁… 2026-06-17 チャンピオンズM-2 最終53位 お久しぶりです闢夜です チャンピオンズM−2お疲れ様でした 久し… 2024-06-01 SV S18 最終59位レート2127 伝説の覇気で選出誘導ゴリ押しスタン S18お疲れ様でした お久しぶりです闢夜です ルールが変わった最… 2023-08-01 SV S8 最終100位 レート2103 好きなポケモン使ってただゴリ押ししたスタン お久しぶりです闢夜です S8お疲れ様でした 今月からルールも変… 2023-05-01 SV S5 最終60位 レート2113 ロックマンエグゼ式対面スタン シーズン5お疲れ様でした 今シーズンも一応最低限の2桁順位で終… もっと読む コメントを書く « 自己紹介 チャンピオンズM-3 最終163位　サクサク対… » プロフィール id:rukiapoke 読者です 読者をやめる 読者になる 読者になる このブログについて 検索 リンク はてなブログ ブログをはじめる 週刊はてなブログ はてなブログPro 最新記事 自己紹介 チャンピオンズM-4 最終7位　全破壊対面構築 チャンピオンズM-3 最終163位　サクサク対面構築 チャンピオンズM-2 最終53位 SV S30 最終47位レート2065  黒竜黒馬Wブラックスタン 月別アーカイブ ▼ ▶ 2100 2100 / 4 ▼ ▶ 2026 2026 / 8 2026 / 7 2026 / 6 ▼ ▶ 2025 2025 / 6 2025 / 2 ▼ ▶ 2024 2024 / 10 2024 / 6 2024 / 2 ▼ ▶ 2023 2023 / 9 2023 / 8 2023 / 6 2023 / 5 2023 / 4 2023 / 3 2023 / 1 ▼ ▶ 2022 2022 / 11 2022 / 4 2022 / 3 ▼ ▶ 2021 2021 / 12 2021 / 10 2021 / 6 2021 / 5 2021 / 1 ▼ ▶ 2020 2020 / 12 2020 / 11 2020 / 10 2020 / 8 2020 / 5 2020 / 3 2020 / 1 ▼ ▶ 2019 2019 / 9 2019 / 6 2019 / 4 2019 / 1 ▼ ▶ 2018 2018 / 11 2018 / 7 はてなブログをはじめよう！ rukiapokeさんは、はてなブログを使っています。あなたもはてなブログをはじめてみませんか？ はてなブログをはじめる（無料） はてなブログとは 尸魂界 Powered by Hatena Blog | ブログを報告する 引用をストックしました ストック一覧を見る 閉じる 引用するにはまずログインしてください ログイン 閉じる 引用をストックできませんでした。再度お試しください 閉じる 限定公開記事のため引用できません。 読者です 読者をやめる 読者になる 読者になる
M-4,永劫カイリューハッサム【シングルシーズン-M4/最終8位】 - ちぷ日記,https://megahushigisou.hatenablog.com/entry/2026/08/05/222128,永劫カイリューハッサム【シングルシーズン-M4/最終8位】 - ちぷ日記 ちぷ日記 読者になる ちぷ日記 2026 - 08 - 05 永劫カイリューハッサム【シングルシーズン-M4/最終8位】 ポケモンチャンピオンズシーズン-M4で使用した構築を紹介します。 使用構築 構築経緯 前期構築の使用感が良かったので煮詰めていく方向で構築をスタートしました。いろいろ試し、結果的にほとんど同じになったので細かい経緯はそちらを見て頂けると幸いです。内容もほとんど同じですが記念に改めて記載します。 黄金カイリューハッサム【シングルシーズン-M3/最終43位】 - ちぷ日記 概要は以下です ①主軸として メガハッサム ②ハッサムをステルスロックでサポートする カバルドン ③ハッサムのとんぼがえりから展開するエースとして サザンドラ ④補完のサブメガとして メガカイリュー ⑤メガカイリューを毒菱でサポートする ゲッコウガ ⑥崩し枠として サーフゴー 個体解説 ①メガハッサム 持ち物：ハッサムナイト HB：非メガ時に特化ガブリアスの地震2耐え A：なるべく高くしたいので補正あり HBベースのメガハッサムです。後攻とんぼ返りによる対面操作から有利なアタッカーを繰り出すクッションの役割を行い、サイクル下での削りの如何によって剣舞バレットによるスイーパーに切り替えていく動きがメインになります。調整は物理を相手にすることが多いのでB厚めで、カイリューとの同時選出を頻繁に行うため非メガでも運用しやすいところまで振りました。 今回の構築では2種の設置技を採用しており、ステルスロックは剣舞バレットを通す補助になることに加え、天敵となる炎タイプの繰り出し回数を大きく制限できます。毒菱はサイクル中の削りに加え羽休めと併せ詰ませ範囲が広がります。現在のレギュレーションは火力デフレ傾向にあるため、設置技で火力を補い、ハッサム＋アタッカーでダメージレースを制していくことが基本戦術になります。 技構成は基本の動きを成立させる「バレットパンチ」「とんぼがえり」「つるぎのまい」、体力管理ができる「はねやすめ」としました。 ②カバルドン 持ち物：オボンのみ リザードンYに一撃で倒される可能性を下げるためにHD特化 HDオボンのみカバルドンです。ハッサムのサポート用のステルスロック要員として採用で、基本的に初手投げしステロを撒くのが役割です。調整はリザードンY意識のHD特化で、多くの対面で行動回数を増やしやすいオボンのみを持たせました。一撃で倒されるポケモンが限られるので初手が安定しやすく選出事故が少ないことも魅力です。 技構成は採用理由の「ステルスロック」、メインの削り技である「じしん」、対面の相手にステロを踏ませたい場合の流し技として「あくび」、浮いているみがわり持ちが散見されたので詰まないように「ふきとばし」です。 ③サザンドラ 持ち物：こだわりスカーフ アタッカー性能重視でCS特化 CSスカーフサザンドラです。対面操作から有利対面で繰り出し上から制圧していくエースとしての採用です。ハッサムが物理受けを呼ぶ都合上特殊アタッカーで殴っていきたいので、流星群の技威力の高さで比較的火力が出しやすいこのポケモンを採用しました。カバハッサムが苦手イダイトウやロトム、両メガで重いマフォクシーに有利な点も好相性です。 技構成はメインウェポンの「りゅうせいぐん」と「あくのはどう」、鋼への打点で「かえんほうしゃ」、不利対面での撃ち逃げ用の「とんぼがえり」です。 ④メガカイリュー 持ち物：カイリュナイト アタッカー性能意識でCS特化、ミラー意識の最速 CSメガカイリューです。主にアーマーガアやメガカイリューなどのハッサムで崩しにくい相手のサイクルを崩しに行くサブメガ枠として採用しました。みがわりにより、アーマーガア等の受けポケモンの対面操作技からエースに繋ぐ動きに耐性を持ちつつ、毒菱と併せて崩しが見込めます。その上でハッサムで勝ちづらい相手のメガカイリュー入りをステルスロックと併せて崩しやすい最速CSで採用です。MA環境から同じ型で使っていましたが、今期からミラー同速負けの場面が目に見えて増えたため安定感が薄れていたように感じましたが、今回はそこから目を背けて使い続けました。 技構成はメインウエポンの「りゅうのはどう」、鋼意識で「かえんほうしゃ」、アーマーガア対面でとんぼがえりに対して残す「みがわり」、みがわりと併せて毒ターンを稼ぐ「はねやすめ」です。 ⑤ゲッコウガ 持ち物：気合の襷 襷で行動保証があるのでCS特化 CS襷ゲッコウガで毒菱要員として採用です。毒菱を撒けるポケモンのなかで、対面操作から多少は殴っていける高速アタッカー性能と、毒菱を踏ませたいフェアリーを殴っていける毒打点を評価しました。毒菱要員としてみたときの欠点として、毒菱を踏ませたい受けポケモンを対面に呼びやすく本命に毒菱を踏ませづらい点があります。そのためカイリューで受け崩しをする選出の場合は、一旦受けポケモンを流せるカバルドンやサーフゴーとセットで選出する必要があります。 技構成は採用理由の「どくびし」、フェアリー意識の「ヘドロウェーブ」、ドラゴン意識の「れいとうビーム」、ブリジュラスとクチート意識の「マッドショット」です。 ⑥サーフゴー 持ち物：カシブのみ HD：特化アシレーヌのうたかたのアリアほぼ2耐え C：H振りメガゲンガーをステルスロック込で確定1発 S：準速アシレーヌ抜き HCD振りのカシブの実サーフゴーです。崩し枠として採用で、おうごんのからだで厄介な技をシャットアウトしながら悪だくみにより崩していきます。調整として、アシレーヌ入りにカバルドンを出したうえでサイクルしたい場合に選出したいので、ある程度受け出しから処理が見込めるようにしました。崩し枠ですがカイリューサザンドラとのタイプ補完でサイクルがしやすい点が好相性でした。毒菱＋カイリューで崩しづらい構築に選出したいので、受けポケモン＋メガゲンガーの並びに臆せず選出できるようにカシブの実で採用しました。ただ実際に発動する機会はあまりなかったので強気に別のアイテムで採用してしまっても良かったかもしれません。 技構成はメインウェポンの「シャドーボール」と「ゴールドラッシュ」、崩し用の「わるだくみ」、体力管理の「じこさいせい」です。 選出 ・カバルドン + ハッサム + アタッカー + + 基本選出です。カバルドンでステルスロックを撒いてから、ハッサムのとんぼがえり＋アタッカーで攻め、ハッサムかアタッカーの一貫を狙います。カイリューとハッサムはどちらも非メガでも運用できるので2メガ選出も頻繁に行いました。 ・ゲッコウガ + メガ枠＠1 + 崩しに毒菱が必要な場合、もしくは単純に毒菱が刺さっている場合に行う選出です。@1はゲッコウガの対面が受けポケモンであっても毒菱を踏ませるために、受けポケモンを流せるサーフゴーやカバルドンを併せて選出することが多いです。 上記以外は雰囲気で対面サイクルを行います。 結果 TNリボルブート　最終8位　最終レート2550 megahushigisou 2026-08-05 22:21 読者になる 広告を非表示にする もっと読む コメントを書く 黄金カイリューハッサム【シングルシーズ… » プロフィール id:megahushigisou 読者です 読者をやめる 読者になる 読者になる このブログについて 検索 リンク はてなブログ ブログをはじめる 週刊はてなブログ はてなブログPro 最新記事 永劫カイリューハッサム【シングルシーズン-M4/最終8位】 黄金カイリューハッサム【シングルシーズン-M3/最終43位】 メガ式カイリューハッサム【シングルシーズン-M2/最終81位】 未来カイリューハッサム【S18/最終24位】 特異点ラティハッサム【S16/最終39位】 月別アーカイブ ▼ ▶ 2026 2026 / 8 2026 / 7 2026 / 6 ▼ ▶ 2024 2024 / 6 2024 / 4 2024 / 2 2024 / 1 ▼ ▶ 2023 2023 / 12 2023 / 11 2023 / 10 2023 / 8 2023 / 6 2023 / 5 2023 / 4 2023 / 3 はてなブログをはじめよう！ megahushigisouさんは、はてなブログを使っています。あなたもはてなブログをはじめてみませんか？ はてなブログをはじめる（無料） はてなブログとは ちぷ日記 Powered by Hatena Blog | ブログを報告する 引用をストックしました ストック一覧を見る 閉じる 引用するにはまずログインしてください ログイン 閉じる 引用をストックできませんでした。再度お試しください 閉じる 限定公開記事のため引用できません。 読者です 読者をやめる 読者になる 読者になる
M-4,@lgl_m,https://x.com/lgl_m/status/2084902152632484052?s=20,"ろくろ on X: ""TN ろくろ シーズンM-4 最終9位
チャンピオンでも1桁取れてよかった！ https://t.co/iNVz8kAcJJ"" / X Post Log in Sign up Post ろくろ @lgl_m TN ろくろ シーズンM-4 最終9位
チャンピオンでも1桁取れてよかった！ 7:19 AM · Aug 5, 2026 41.9K Views 8 21 640 79 もぐらちゃん @mogu_mogusan Aug 5 すき 1 1 4.9K 이우관 @W00GWAN Aug 5 Team code? 1 3.9K Log in or sign up for X See what’s happening and join the conversation Continue with phone Continue with Apple Continue with Google or Log in with username or email Relevant people ろくろ @ lgl_m Follow pokémon single ORAS:10位 SM:10位 SS:2位 SV:7位 Trending now Terms · Privacy · Cookies · Accessibility · Ads Info · More © 2026 X Corp."
M-4,【M-4 シングル 最終10位】続カイリューハッサム - 全力バレット,https://ikatako07.hatenablog.com/entry/2026/08/05/225057,【M-4 シングル 最終10位】続カイリューハッサム - 全力バレット 全力バレット 読者になる 全力バレット ラティオスとハッサムが好きです。 2026 - 08 - 05 【M-4 シングル 最終10位】続カイリューハッサム イカタコです。 M-4シングルで使用した構築を紹介します。 【構築経緯】 黄金カイリューハッサム【シングルシーズン-M3/最終43位】 - ちぷ日記 ぴちさんのM-3の構築が使いやすかったので、こちらの構築を自分なりに使いやすいようにアレンジし使用しました。 元記事のゲッコウガの枠を、タイプが優秀でメガハッサムとも相性の良いアシレーヌに変更しました。アシレーヌを選出に絡めることでタイプ受けサイクルの範囲を広げ、相手のアシレーヌに隙を見せにくくすることが可能になります。 また毒菱展開をやめたためカイリューの身代わりを10万ボルトにして殴れる範囲を広げました。 【個体紹介】 〈調整〉 C特化メガリザードンYに対して行動保証を持てるようにHD特化 基本選出の一匹です。ハッサムで相手をするのがきついリザードン、ギャラドス、ウルガモス、マフォクシーなどに対してステルスロックを絡めながらサザンドラやハッサムの通りをよくするのが主な役割です。ワンパンされることはほぼないので確実に仕事をしてくれました。 ステルスロック＋A2↑ メガハッサムのバレットパンチでいろんなポケモンを縛れる範囲が広がるので積極的に選出しました。 〈調整〉 メガカイリューミラー意識で最速CS特化 ハッサムの通りが悪い時に選出するサブのメガシンカ枠です。 ハッサムで相手をするのがきついリザードン、カイリューミラー、バシャーモなどに強くハッサムとの補完に優れたポケモンです。 カバルドンのステルスロックを絡めながら、カイリューギルガルドのようなタイプ受けサイクルを破壊してもらいます。 カイリューの通りが良いけど、相手の構築にミミッキュやマスカーニャがいるみたいな場合はカイリューとハッサム両方を選出し、展開を見ながら通りの良いほうにメガシンカを切るようにしました。 〈調整〉 対物理の殴り合いや、クッション性能を高めるためHB特化 本構築の軸であり最高のポケモン。 環境にいるメガシンカ枠のスターミー、メタグロス、ミミロップに強く、環境トップの一般ポケモンであるカバルドン、ガブリアス、アシレーヌ、ミミッキュ、マスカーニャ、ブリジュラスに不利を取らない安定感の塊でした。 またカバルドンのステルスロックを絡めたり、サザンドラ、アシレーヌとセットで出すことで環境に多かったマフォクシーやギャラドスにも高い勝率を出すことができました。 明確にきつい構築はメガシンカ枠がリザードン、バシャーモ、ルカリオの構築とハッキリしているため、それ以外の構築に対してはかなり動かしやすかったです。 M-A環境に比べメガハッサムへの対策が薄くなっていたのも追い風だったのかなと思います。 〈調整〉 CS特化 こちらも基本選出の一匹です。 火力が足りないので、カバルドンのステルスロック＋砂の定数ダメージとメガハッサムのとんぼがえりで相手のポケモンを削っていき、りゅうせいぐんやあくのはどうの一貫を作っていきます。 メガハッサムの弱点をカバーしてくれる相棒ポケモンで、たくさんのマフォクシーとスターミーを葬ってくれました。 〈調整〉 H：出来るだけ高く S：準速ドドゲザン抜き C：余り 相手のポケモンを素早く削れるようにひかえめで採用しました。 カバルドンが初手に出し辛い場合に、代わりに初手置きすることが多かったです。 特にアシレーヌミラーで殴り合ってもらうことが多く、ここまでSに振ることでミラーで有利になることができました。 ムーンフォース＋めいそうムーンフォースで相手のアシレーヌのオボンのみを食べさせずに倒したり、めいそうやねむるアシレーヌを上からアンコールで機能停止にしたり、柔軟に動かすことができました。 またサザンドラを起点につるぎのまいをしてくるドドゲザンを上からアンコールで縛る動きが強く、対ドドゲザンにもかなり安定しました。 〈調整〉 H：珠ダメ効率意識10n-1 S：最速以外のメガメガニウムを抜けるライン C：余り 補完枠です。 上記の5匹では厳しいピクシー、メガニウム、ルカリオ、受け系統の構築などに対して選出しました。 スタンパに対してはあまり強くないので、選出の見極めが大事でした。 ピクシーやメガニウムとあまりマッチングしなかったので選出率は低いですが、このポケモンがいることで鉄壁メタグロスの選出を抑制させたり、相手の選出を歪ませてくれるので構築にいてくれるだけでありがたい存在でした。 【選出】 ＜ 基本選出 ＞ カバルドン＋サザンドラ＋ハッサム 一番安定してメガハッサムの強みを活かせる選出です。 カバルドンで定数ダメージを稼いでサザンドラかメガハッサムの一貫を作りにいきます。 アシレーヌがいないリザードン軸にもこの選出で投げます。 フラエッテ、ニンフィア入りの構築は窮屈にはなりますが、カバルドンでこの2匹を削ってサザンドラorメガハッサムを通しにいきます。 スターミー入りの構築は初手にメガスターミーが来たら崩壊させられるので、初手にサザンドラを投げて事故を防ぎます。 アシレーヌ＋サザンドラ＋ハッサム 次点で多かった選出です。アシレーヌ入りのサイクルにはよくこの選出をし、こちらのアシレーヌで相手のアシレーヌを削ってサザンドラとメガハッサムを通しにいきます。 ＜対カイリューギルガルド ＞ カバルドン＋カイリュー＠１(ハッサムも可） 取り巻き次第ではカバルドン＋サザンドラ＋ハッサムで選出する場合もあります。 ＜対ゲンガーアシレーヌ ＞ カバルドン＋アシレーヌ＋ハッサム カバルドンで定数ダメージを稼いで、相手のアシレーヌをこちらのアシレーヌで牽制しつつ、メガハッサムで全抜きを狙います。不利な構築ではありますが、展開次第では勝てます。 後は相手の構築を見ながら上記以外の選出をする感じになります。基本はメガハッサムを優先して選出していました。 おまけ 最終日瞬間1位記念スクショ ikatako07 2026-08-05 22:50 読者になる 広告を非表示にする 関連記事 2040-01-01 ブログTOP 【自己紹介】 イカタコです。 ポケモンのネット対戦はBWから始… 2024-02-02 【ポケモンSV シーズン14使用構築】流星バレット【最終レート2135 49位】 イカタコです。SVシーズン14シングルで使用した構築を紹介しま… 2023-11-01 【ポケモンSV シーズン11使用構築】破カイリューハッサム【最終レート2126 54位】 イカタコです。SVシーズン11シングルで使用した構築を紹介しま… 2022-02-01 【ポケモン剣盾 シーズン26使用構築】オーガBullet Ver.2【最終レート2037 35位】 イカタコです。 今回はS25→S26の変更点のみ書きたいと思います… 2022-01-01 【ポケモン剣盾 シーズン25 使用構築】オーガBullet【最終レート2045 22位】 イカタコです。 剣盾シーズン25シングルで使用した構築を紹介し… もっと読む コメントを書く « ブログTOP 【ポケモンSV シーズン14使用構築】流星バ… » プロフィール id:ikatako07 読者です 読者をやめる 読者になる 読者になる このブログについて 検索 リンク はてなブログ ブログをはじめる 週刊はてなブログ はてなブログPro 最新記事 ブログTOP 【M-4 シングル 最終10位】続カイリューハッサム 【ポケモンSV シーズン14使用構築】流星バレット【最終レート2135 49位】 【ポケモンSV シーズン13使用構築】流星剣カイリューハッサム【最終レート2128 26位】 【ポケモンSV シーズン11使用構築】破カイリューハッサム【最終レート2126 54位】 月別アーカイブ ▼ ▶ 2040 2040 / 1 ▼ ▶ 2026 2026 / 8 ▼ ▶ 2024 2024 / 2 2024 / 1 ▼ ▶ 2023 2023 / 11 2023 / 8 2023 / 7 2023 / 6 ▼ ▶ 2022 2022 / 7 2022 / 4 2022 / 2 2022 / 1 ▼ ▶ 2021 2021 / 11 2021 / 9 2021 / 7 2021 / 6 ▼ ▶ 2020 2020 / 12 ▼ ▶ 2019 2019 / 11 2019 / 9 はてなブログをはじめよう！ ikatako07さんは、はてなブログを使っています。あなたもはてなブログをはじめてみませんか？ はてなブログをはじめる（無料） はてなブログとは 全力バレット Powered by Hatena Blog | ブログを報告する 引用をストックしました ストック一覧を見る 閉じる 引用するにはまずログインしてください ログイン 閉じる 引用をストックできませんでした。再度お試しください 閉じる 限定公開記事のため引用できません。 読者です 読者をやめる 読者になる 読者になる
M-4,"【レンタルIDあり】シーズン4で1位チャレンジまでいった""新メタグロス構築""を徹底解説！【ポケモンチャンピオンズ】",https://www.youtube.com/watch?v=jnnWBC_FP4U,"„Äê„É¨„É≥„Çø„É´ID„ÅÇ„Çä„Äë„Ç∑„Éº„Ç∫„É≥4„Åß1‰Ωç„ÉÅ„É£„É¨„É≥„Ç∏„Åæ„Åß„ÅÑ„Å£„Åü""Êñ∞„É°„Çø„Ç∞„É≠„ÇπÊßãÁØâ""„ÇíÂæπÂ∫ïËß£Ë™¨ÔºÅ„Äê„Éù„Ç±„É¢„É≥„ÉÅ„É£„É≥„Éî„Ç™„É≥„Ç∫„Äë - YouTube About Press Copyright Contact us Creators Advertise Developers Terms Privacy Policy & Safety How YouTube works Test new features NFL Sunday Ticket © 2026 Google LLC"
M-4,【シーズンM-4最終16位】覇道ガブキングエッテ - harubouzu11’s blog,https://harubouzu11.hatenablog.com/entry/2026/08/06/152854,【シーズンM-4最終16位】覇道ガブキングエッテ - harubouzu11’s blog harubouzu11’s blog 読者になる harubouzu11’s blog 2026 - 08 - 06 【シーズンM-4最終16位】覇道ガブキングエッテ こんにちは、はるぼうずです。 シーズンM-4にて最終16位を獲得した構築記事になります。 個人的に気に入っている構築なのでぜひ目を通していただけると嬉しいです。 (レンタルしばらく公開しておくのでぜひ使ってみてください！) 構築経緯 メガメタグロスが環境トップであること、および剣舞キンシ残飯ギルガルドが有意に減っていることから甘えるメガフラエッテ+受けの形が強いと思いメガフラエッテを1枠目として採用。 そこでまずメガメタグロス受けについてアーマーガア、ラウドボーン、ヤドラン、ヤドキングを試したのでそれぞれの所感を以下に。 ①アーマーガア ・蜻蛉返りによりフラエッテの超火力を押し付ける動きを行いやすい ・炎メガに対してフラエッテとともに隙を見せるため選出が窮屈になりやすい ②ラウドボーン ・特性天然によりフラエッテが隙を見せるメガルカリオやメガハッサムに安定して引くことが可能 ・フラエッテミラーを誤魔化せる ・イダイトウ、メガスターミーに対して大きく隙を見せる ・ガブリアスをはじめとする地面の一貫X ③ヤドラン ・特性再生力によりリソース管理がしやすい ・物理受けでありながらメガマフォクシーに強め ・ガブリアスに基本的に有利 ・雷パンチメタグロスに対して耐久がカツカツ これらを踏まえた上で、ガブリアスや炎メガに対して隙を見せないことを大きく評価しヤドランを仮採用した。しかし、巧み+草結びマフォクシーにeasy loseしてしまうこと、蜻蛉返りやボルトチェンジ持ちに不利をとることが気になった。 そこで、原種ヤドキングが+2草結びを耐える特殊耐久を確保しながら寒いギャグにより対面操作持ちに自然に強くなれることに気づき試したところしっくりきたので採用。 雷パンチメタグロスへの対処、加えて剣舞キンシギルガルドの対処にも不安が残ったので、電気の一貫を切りながら設置物により上記2体の性能を飛躍的に向上させることができ、さらにフラエッテと最強の攻めの補完を誇るオボンHBガブリアスを3枠目に採用。 上記3体での使用率の高いポケモン、技に対する課題として、 ・ミミッキュが明確にきつい ・毒びし耐性のなさ ・フラエッテミラーの不安定さ ・マスカーニャの一貫 があったのでこれら全てを解決できるメタルコート霧払いハッサムを4枠目として採用。ここまでを軸として、ここからは少し使用率の低いポケモン・技への対策を考えることにした。 メガクチート・メガハッサム等の鋼メガに構築単位で大きく不利を取ること、メガフシギバナを倒し切るのが難しいことを解決できる鬼火羽休めメガリザードンYを採用した。フラエッテを出しづらいメガゲンガーに十分戦えることも大きく評価した。 ラスト1枠は展開次第でキツくなりがちだったメガカメックス、メガギャラドス、イダイトウへの明確な切り返しを行えるスカーフ雷パンチマスカーニャを採用し、構築が完成した。 個体紹介 フラエッテ(永遠の花)@フラエッテナイト 特性：フラワーベール→フェアリーオーラ 実数値(努力値)：171(22)-x-118(11)-176(1)-168-169(32+) 技構成：ムーンフォース/瞑想/甘える/光合成 調整意図： H-対アシレーヌ、リザY意識で可能な限り高く HB-ステルスロック+メガギャラドス+1滝登りを81.25%耐え C-フェアリーオーラ効率のいい1振り S-最速メガカイリュー、メガリザードン意識の最速 pay to win。その火力はタイプ相性すら時に超越する。最終日に残飯悪巧みサーフゴーに鬼の択の末対面勝った時は目を疑った。強すぎ。剣舞キングシールド両採用でないガルドや珠ミミッキュを乗り越えたりフラエッテ単体として最も汎用性の高い型だと感じた。技構成は甘える型としてこの4つで完結。余談だが筆者はフラエッテのためだけにチャンピオンズがリリースされてからZAを無心でクリアしたのである程度の結果が出せて少しホッとしている。 選出率3位。 ヤドキング@食べ残し 特性：再生力 実数値(努力値)：201(31)-x-125(25)-120-154(10+)-50 技構成：熱湯/あくび/寒いギャグ/怠ける 調整意図： H-再生力効率最大の3n HB-特化ガブリアスの地震地震を残飯込み最高乱数切り耐え HD-1/16スリップ+メガマフォクシーの+2草結びを75%耐え 30%ホウオウ。こう聞くと弱そうに感じるが実際はすごく強かった(ホウオウが最強すぎるだけ)。具体的な強みは、 ・水・エスパーという希少な耐性によりフラエッテの苦手なメタグロス、マフォクシー、バシャーモ、ルカリオ、スターミーといったメガを幅広く見れる ・カバルドンなどのあくびポケモンに対して下から守るに引っかからない対面操作技を打つことでループを抜けられる&熱湯で圧をかけることができる ・最強技の熱湯を強く使える など数えきれないほど多い。実際にカバルドンに対するオボンガブリアスの行動回数を増やす動きやリザードンの天候ターンを管理する動きは再現性が高く本当に強かった。技構成に関しては最強技熱湯、対面操作のあくび寒いギャグは確定で@1は冷凍ビームで使ったこともあったが最終的には体力管理しやすくするための怠ける。 svでホウオウをずっと使っていた身としてすごく手に馴染むものがあり、最終日は軸としてたくさん選出し、たくさん活躍してくれた。最高のポケモン。 選出率1位。 ガブリアス@オボンのみ 特性：鮫肌 実数値(努力値)：213(30)-150-155(26+)-112(7)-125(3) 技構成：地震/ドラゴンテール/ステルスロック/撒菱 調整意図： HB-意地ガブリアスの逆鱗確定耐えかつ陽気スケショの乱数が大きくずれるライン HD-特化アシレーヌのムーンフォースを81.25%耐え S-同型意識 環境の覇者。フラエッテの大きな障害であるギルガルド、ソウブレイズなど有象無象の鋼・炎に対してあと投げから圧力をかけるのが主な役割。技構成に関しては結論の4つ。単体として一番パワーが高いガブリアスの型は間違いなくこの型な一方で対ブリジュラスでの行動保証のなさが最大の欠点であると考えているがフラエッテ+ヤドキングで自然に乗り越えてストレスフリーに動かすことができた。 選出率2位。 ハッサム@メタルコート 特性：テクニシャン 実数値(努力値)：177(32)-165(0+)-146(26)-x-108(8)-85 技構成：バレットパンチ/はたき落とす/霧払い/羽休め 調整意図： A-H159メガゲンガーに対して、はたき+バレパンが乱数80.5% HB-特化ガブリアスの地震x2を82%で耐える A209メガメタグロスの雷パンチを71.8%で3耐え HD-フラエッテ意識であまり全て 便利な羽虫。クッションハッサムの大きな問題の一つとして鉄壁メガメタグロスの起点になるということが挙げられるがヤドキングと合わせることで解決することができた。技構成に関して採用意図上、霧払い羽休めは確定で最強技のバレットパンチ、フラエッテの苦手なギルガルドに対しての打点となるはたき落とすとした。特にはたき落とすという技が偉く、襷毒びしマスカ+ギルガルドの並びに対して選出圧縮することが可能になった。 選出率5位。 リザードン@リザードナイトY 特性：猛火→日照り 実数値(努力値)：175(22)-x-115(17)-184(5)-135-156(22+) 技構成：火炎放射/ソーラービーム/鬼火/羽休め 調整意図： HB-特化ギルガルドのポルターガイスト+かげうちを69.5%耐え C-あまり S-準速102族、ビビヨン抜き 全てを焼き尽くす竜。ミミクチゲコなどの対面系に刺すメガとして採用したが想定通りの活躍をしてくれた。準速ミミッキュの上から鬼火を打ちたかったことからついでに準速102族抜きの調整を施したが、これが非常に強かった。型のわからないガブリアスに対して行動が安定しないことが難しいがヤドキングハッサムである程度型を絞ってから上から打つ鬼火が安定行動になりやすく使いやすかった。またヤドキングハッサムとのシナジーが素晴らしく、vsスターミーにおいてヤドキングのやや心許ない耐久を晴れでカバーしつつ、ハッサムに完全耐性を付与できるのが素晴らしかった。技構成は鬼火型としてこの4つで完結。 選出率4位。 マスカーニャ@こだわりスカーフ 特性：変幻自在 実数値(努力値)：159(8)-176(30+)-90-x-90-171(28) 技構成：トリックフラワー/トリプルアクセル/雷パンチ/蜻蛉返り 調整意図： H-16n-1 A-11n最大 S-最速102族抜き抜き(からやぶカメックス意識) 魔幻仮面猫。ギャラドス、カメックスに対するストッパーとしての採用だったが、メガ枠がどちらも強めであるため出さないパターンも多く存在した。技構成に関してはカバルドン、アシレーヌへの安定打点かつ小さくなる意識のトリフラ、竜への打点トリアク、対面操作の蜻蛉返りは確定で今回はアマガドヒドへの打点とギャラドスへの安定行動を意識して雷パンチを採用した。ミラーでのS勝負や技選択など安定する側のポケモンではなく選出率が上がると勝率が悪くなるため選出は慎重に検討していた。 選出率6位。 選出 ・基本的にメガ枠@2で投げる(メガ枠以外に試合を決められるパワーがないため) ・優先的にフラエッテを出す ・出さないパターンはドヒドイデやヤドキングなど明確な受け先がいるか ゲッコウガなど技範囲ポケモンがいる時およびクチートがいる時 ・リザードンを出す場合はステルスロックのケアするためにハッサムを大体同時に出す (ガブリアスに対してはマスカ等で圧力をかけ型を割りながら鬼火を早めに入れに行く) きついポケモン・並び リザX+ライチュウ+ミミズズ オニシズクモetc... 結果 TN よるばんち　最終16位 (TNは友人のあさばんち様から) Special thanks 内定祝いにヤドキングの色違いをくれたかいおーさん 名前を貸してくれたあさばんち あとがたり 今期はリアルで就活を終わらせることができたし、まあまあな結果を出せたので良かった。と見せかけて構築のポテンシャル的にはもっと上を目指せた感があり、ただただ自分の弱さ(メンタル含め)を痛感したのでもっとポケモンが上手くなりたい。 ただ潜り方など学びもあったので今後に生かしていく🫡 harubouzu11 2026-08-06 15:28 読者になる 広告を非表示にする 関連記事 2026-04-01 【ポケモンSV S40 最終5位】コライ鳳凰finale~守るの密林~ こんにちは、はるぼうずです。SV最後で需要はあまりないかもし… 2025-11-04 【ポケモンSV S35 最終26位】ミライルナ終 こんにちは、はるぼうずです。S35の構築はコンセプトは好きでし… 2024-11-06 【ポケモンSV S23 最終68位】ポリラッシャの可能性 こんにちは、はるです。 前期初めて最終2桁を取ることができた… 2024-09-24 ポケモンSV S22 キョジゴンの夢 はじめに 3ヶ月ぶりに最終日のランクマに潜れる、たぶん今後は… 2024-04-05 【ポケモンSV S16 最終154位】諦めきれないポリドヒド、しかし現実は実質偽装パ... こんにちは。はるです。 前期と軸が変わっていないので簡単にで… もっと読む コメントを書く 【ポケモンチャンピオンズ シーズンM-1 最… » プロフィール id:harubouzu11 読者です 読者をやめる 読者になる 読者になる このブログについて 検索 リンク はてなブログ ブログをはじめる 週刊はてなブログ はてなブログPro 最新記事 【シーズンM-4最終16位】覇道ガブキングエッテ 【ポケモンチャンピオンズ シーズンM-1 最終35位】秘剣ガブゲンアマガ 【ポケモンSV S40 最終5位】コライ鳳凰finale~守るの密林~ pkmn 【ポケモンSV S35 最終26位】ミライルナ終 月別アーカイブ ▼ ▶ 2026 2026 / 8 2026 / 5 2026 / 4 2026 / 2 ▼ ▶ 2025 2025 / 11 2025 / 9 2025 / 7 2025 / 3 ▼ ▶ 2024 2024 / 11 2024 / 9 2024 / 4 2024 / 3 2024 / 1 はてなブログをはじめよう！ harubouzu11さんは、はてなブログを使っています。あなたもはてなブログをはじめてみませんか？ はてなブログをはじめる（無料） はてなブログとは harubouzu11’s blog Powered by Hatena Blog | ブログを報告する 引用をストックしました ストック一覧を見る 閉じる 引用するにはまずログインしてください ログイン 閉じる 引用をストックできませんでした。再度お試しください 閉じる 限定公開記事のため引用できません。 読者です 読者をやめる 読者になる 読者になる
M-4,[포켓몬 챔피언스] M-4 싱글 최종 17위 달성 구축 소개,https://blog.naver.com/suzupoke1010/224369814136,suzupoke1010님의 블로그 : 네이버 블로그
M-4,対面展開 - ものおき,https://yu7u.hateblo.jp/entry/2026/08/05/231400,対面展開 - ものおき ものおき 読者になる ものおき 2026 - 08 - 05 対面展開 【構築経緯】 ギャラドスを軸とする上でステルスロックの展開を無視できないため、襷アシレーヌでの展開阻害を中心に構築全体をステロ絡みに強くした。また、対面的な選出が好きなので対面よりに寄せた。 【個体紹介】 ギャラドス@ギャラドスナイト A-竜の舞後のパワーウィップでステロ混み無振りギャラドス確定1発 Ｓ-準速イダイトウ抜き 軸として組んだが終盤はあまり投げれなかった。メインウェポンを環境で増加していたHBアシレーヌに強めにした影響でマフォクシーやアーマーガアなどに選出できないうえ、すばやさ130族以上のポケモンが最速に寄っていたため、置物と化していた。しかし、その分選出できる構築には1匹で破壊するパワーがあり技構成や性格は要検討。 カバルドン@お盆の実 S-だいたいのハラバリー抜き。（HD特化でいいと思います） カイリュー入りやマフォクシーにハッサムを通す上でステルスロックが不可欠だったこと、クエスバトンや小さくなる展開、鉄壁メタグロスなどが無視できなかったため採用した。 それだけでなく毒びし＋ムクホークに対してカバルドンハッサムでしか投げれなかったことやマッチングして気づくその他の構築の欠陥を誤魔化してくれた。 ブリジュラス@白いハーブ ギャラドスが越えられないマスカーニャに強くカバルドンの受け出しや受け気味なサイクルに強い要素を持つ。対面選出でもカバルドンと絡めた崩しの選出もやりやすく扱いやすいポケモンだった。 アシレーヌ@気合いの襷 構築の中核。 ステロ展開に強く、耐久振りのブリジュラスの上からステロやミラーコートをアンコールでき、相手のステルスロックにリスクをつけられる強力なポケモンだった。加えて食べ残しギャラドスやサーフゴー、ロトムなどの低速クッションの上から動けるため、対面からでも後発からでも崩しにいくこともできた。 ハッサム@ハッサムナイト ステロ＋マスカーニャをギャラドスが超えられないため補完のメガとして採用したがもはや構築の軸だった。 一般枠への対面性能の高さと鋼の耐性を生かした剣の舞が強力で、上位でフラエッテともよく当たったので刺さりが良かった。また、相手の選出からギャラドスの選出圧力がハッサムを強く動かせているように感じた。 ガブリアス@ラムの実 アシレーヌと絡めてカバ＋ルカリオ、食べ残しギャラドスや鉄壁メタグロスなどの展開構築に強く、カバルドンを出さない場合でもハッサムとの両選出でステロ撒きや強い削りが行える。構築のどのポケモンと選出しても歪まない耐性が強力だった。 また眠り粉フシギバナへのストレス軽減にも貢献してくれた。 【選出】 ※あくまで一例 ◯カイリューガルドマスカーニャ →カバルドンハッサムアシレーヌが投げることが多かった。 シーズン1からマスカーニャにギャラドスを投げる選出を考えていたが、どうしても安定しないため、マスカーニャ入りにはできるだけギャラドスは投げないようにした。 ◯マフォクシー絡み →カバルドンハッサムアシレーヌガブリアスのうちから3体が多かった。 ギャラドスを陽気で滝登りなどにするとハッサムの負担も減るので要検討。 ◯カバルドン+ブリジュラス+メガ枠など →アシレーヌガブリアス＋ギャラドスorハッサム 初手カバルドンブリジュラスにアシレーヌが強く、HDカバルドンからあくびで流される場合もガブ引きからステロ剣舞で強い動きができる。 ◯フシギバナなど受けサイクル →カバルドン+ギャラドスorハッサム＋ブリジュラスorガブリアス この流れで投げることが多かったが相手の構築によって柔軟に。 【不利構築】 毒びし+ムクホーク →カバルドン＋ハッサム＋アシレーヌ 最速起きされるとかなりきついので、最終日はほぼ負けてました。 ミトムガブフラエッテ アシレーヌとガブリアスの通りがいいのでハッサムを絡めて柔軟に立ち回りたいですがあまりポケモンが上手くないので負けることが多かったです。 あまり強い構築ではないですが見ていただいてありがとうございました。 Yu7u 2026-08-05 23:14 読者になる 関連記事 2024-01-05 ポケモンSV シーズン13 最終12位 【使用構築】レンタルです。良かったら使ってください。 【構築… もっと読む コメントを書く ポケモンSV シーズン13 最終12位 » プロフィール id:Yu7u はてなブログPro 読者です 読者をやめる 読者になる 読者になる このブログについて 検索 リンク はてなブログ ブログをはじめる 週刊はてなブログ はてなブログPro 最新記事 対面展開 ポケモンSV シーズン13 最終12位 月別アーカイブ ▼ ▶ 2026 2026 / 8 ▼ ▶ 2024 2024 / 1 はてなブログをはじめよう！ Yu7uさんは、はてなブログを使っています。あなたもはてなブログをはじめてみませんか？ はてなブログをはじめる（無料） はてなブログとは ものおき Powered by Hatena Blog | ブログを報告する 引用をストックしました ストック一覧を見る 閉じる 引用するにはまずログインしてください ログイン 閉じる 引用をストックできませんでした。再度お試しください 閉じる 限定公開記事のため引用できません。 読者です 読者をやめる 読者になる 読者になる
M-4,MB-4【最終１９位】ちゃぼ式ネオ・ギャラクシープライマルバレットカスタム【レート２５１５】 : ハッサムと僕の365日,http://blog.livedoor.jp/sibakentomodachi/archives/1084401284.html,MB-4【最終１９位】ちゃぼ式ネオ・ギャラクシープライマルバレットカスタム【レート２５１５】 : ハッサムと僕の365日 ハッサムと僕の365日 ハッサム好きトレーナーのブログ。ハッサム軸で毎シーズン最終2桁目指しています。 【実績】 ●剣盾・・・最終２桁５回　最高最終順位１３位 ●S  V・・・最終２桁１９回　最高最終順位１ ・Xやってます：https://mobile.twitter.com/zkqm3EA6ylfH3o2 2026年07月27日 MB-4【最終１９位】ちゃぼ式ネオ・ギャラクシープライマルバレットカスタム【レート２５１５】 チャボマツデス。 シーズン４にて、最終１０位台を取ることができました！！ 構築の出来栄えには、我ながら非常に満足しています。理由は、 ①ハッサムの選出率がとても高い ②好きなポケモンだけで固められた ③下振れても、必ず取り返せるという自信がある構築を作れた の３点です。 最終日はレート２３１０くらいからスタート。前日に２４００から２００溶かしていましたが、怒涛の１１連勝を含め、爆勝ちでシーズンを収めることができてよかったです。 １．構築誕生経緯 前期使用したこの構築 【MB-1　最終85位】ちゃぼ式プライマルバレット【レート２４７８】 : ハッサムと僕の365日 に、それなりの手ごたえを感じていたため、練度をさらに高めることにした。 パーティの中で唯一の変更はアローラキュウコン⇒ロトムである。これは前期と比較して、カイリュー＋ドドゲザンの並びが増えたことと、急増すると予測したメガスターミー・ハラバリー・アーマーガアの並びに抗うためである。また、個々の技や調整も環境に合わせて変更した。 見た目はほぼ同じだが、動かし方や対応範囲が前期とまるで異なり、MB環境をとらえた構築へとブラッシュアップできたと感じている。 そして何より重要なことだが、 ハッサムの持ち物をメガストーンからメタルコートへと変更 した。 これについては周辺のハッサム界隈（私１人）がざわついた。 詳しくは、個別解説で説明する。 構築完成！ ２．個別解説 ハッサム＠メタルコート 【調整意図】 Ｓ・・・Ｓ２振りブラッキーを確実に抜くために、抜き抜き。 Ａ・・・火力を落とすとこの型の価値がなくなるので特化。 【解説】 ここは本記事で最も重要な部分なので刮目していただきたい。 本来、 ♰ハッサム使い♰ を名乗るのであれば、ハッサムの最大値の姿であり、Mシリーズを象徴するメガシンカを冠する「メガハッサム」を採用すべきだと考えている。おそらく、他のハッサム使いの方々も「メガハッサムを入れて構築を作る」ことに苦心し、研鑽を積んでいるのであろう（そうですよね？）。 上位を目指しているだけのプレイヤーなら「同じハッサムやん」と思うかもしれないが、 断じて違う。完全な別物である。 これが、相棒を採用し続けるプレイヤーたちの性であり、私自身もそうでありたいと願っていた。 ただ、言い訳になるが MB環境でメガハッサムを軸にするのは本当に難しい ある程度は強いが、あくまでも補完の立ち位置になってしまう。 そんな中で、「あれ、もう片方のメガ枠の方が選出率高くね？」と感じていた。そして、徐々に選出率の落ちていく相棒の姿に、涙した。 そこで私は考えた。 「メガハッサムにこだわる」か「メガを捨て、選出率を上げる」かを。 そしてこう結論付けた。 「置物にするより、バトルに出そう。ハッサムと戦う時間こそ、至高ッ！！！！！」 と。 そう決意した私は、ハッサムからM環境の象徴ともいえるメガストーンをそっと優しく取り上げ、コーティング剤を持たせた。 『ハッサムにメタルコートを渡したときの私』 技構成もインファイトからとんぼ返りへ切り替え、エースアタッカーからサイクルパーツ兼スイーパーへとジョブチェンジした。 課題であった初手マスカーニャに対する明確な回答を得たことで、選出や戦いの幅が格段に上がり、苦手な構築が一気に少なくなった。 何より、ハッサムの選出率が格段に上がった（体感７割）ことが嬉しかった。 構築として、そしてハッサムファンとして、この持ち物変更は功を奏したと結論付けたい。 持ち物はオボンや残飯なども強いとは思うが、ＨＢにするといよいよ軸とは言えないような気がしたので、しっかりとＡに振ってエースの面影も残した。 『+２バレパンなら耐えると思っているメガミミロップやサザンドラ、メガカイリューを、想定外の火力で倒してゲームセットした時の私』 【参考ダメ計】 ⇒A+２メタルコートバレパン ・H１B１メガミミロップに１００％～　（メガは乱数５６％） ・H32メガゲンガーを乱数８１％　　　 （メガは乱数３７％） ステロ有り ・B2サザンドラを最低乱数切り１発 ・H1B1メガカイリューを75％の乱数１発 ・B2メガリザードンＹを確定１ ゲッコウガ＠ゲッコウガナイト 【調整意図】 Ｈ・・・意地ガブリアスの逆鱗３１％の乱数。 Ｃ・・・火力が低いのでぶっぱ。 Ｓ・・・最速メガミミロップ抜き抜き 【解説】 セカンドパートナー（公認） ４シーズン目も、引き続きの使用。MB２シーズン目に流行したカイリュー＋ギルガルドorカバルドンの並びに非常に強い。前期マッドショットと入れ替えながら使用していた草結びは、ギャラドス環境だったために完全固定。Sはミラーや一定数いたドラパルトのために最速にしてもいいが、やはりスカガブと対峙する機会が圧倒的に多いため、削って耐久に回した。S２６振りでメガミミロップ抜きにはなるが、そのラインに調整しているメガゲッコウガも多いだろうと考え、＋１しておいた。結果的にはミラーはほぼなく、あっても大体勝てていたのでこれでよかったと思っている。 ちなみに肝心のスカガブは２回対峙して、両方地震急所で飛んだ。 ゲッコウガ自体のスペックは決して高くないが、タイプと技の範囲が環境に刺さりまくっているので相対的に強くなっているポケモンだと感じている。 同じ高速特殊アタッカーのドラパルトと性能が似ている気もするが、 ①環境に多い先制技の「影うち、バレパン、ふいうち、アクアジェット」を半減で受けられる ②メガ権が残っていればスカーフイダイトウにも勝てる ③カバルドンをワンパンする技がある などが大きな差別化点となっている。特に高速低耐久アタッカーでありながら先制技に縛られにくい①が最も偉いと考えている。 ガブリアス＠気合の襷 【調整意図】 ASぶっぱ H・・・あまり 【解説】 雨パが減ったので雷の牙を別の技に変えることを検討した。オボンステ撒ガブと襷ガブを両方使用した自分としては、ステ撒ガブは高火力抜群技で出オチの可能性があり、襷ガブは起点回避ができないというそれぞれの弱点を感じていた。特に襷ガブを使っていてキツかったのは、初手のメガフシギバナ＆ムクホーク、後出しのブラッキーである。これらのポケモンと対面したとき、こちらはステロだけ撒いて相手のHPはフルと、ディスアドバンテージがすさまじい状況が多々あった。 そこで、解決策をえるために構築記事を読み漁った結果、このガブリアスを発見した。襷の対面性能を維持しながら、偶発的な前述ポケとの対面にもドラテで状況を打破することができるこのガブリアスは、まさにハイブリッド型である。またオボンガブのドラテは申し訳程度の削りだったのに対し、A特化ドラはすさまじいパワーが出るため、安易なブラッキー引きを咎めることができた。ブラッキー引きに対して地震→ステロ→ドラテと押すことで、相手は願い事で回復できず、次のサイクルが非常に窮屈になる。 両方無効タイプのある技なため、最初は懐疑的な型ではあったが、使ってみてその強さに気づくことができた。 ただし スケショもドラテも 外す めっちゃ！！ リザードン＠リザードナイトＹ 【調整意図】 HB・・・特化メガスターミーのアクアブレイクを、晴れ下で87.5％耐え。 S   ・・・準速ブリジュラス抜き C   ・・・余り。なるべく高く。 【解説】 受け崩し＋ メガスターミー・ハラバリー・アーマーガアへの回答その① 前期はCSぶっぱしていたが、メガスターミーに対面で勝てないと崩しきれない試合が多々あり、このような調整にした。 ちなみに、メガスターミーが陽気の場合は、アマガの蜻蛉込みでもアクブレを確定耐えできる。 身代わりは、ブラッキーやニンフィアを起点にして崩したり、ドヒドの前で身代わりを張って圧倒的有利確率のエアスラ怯みから受けループを崩したりと、非常に偉い技だった。 ミミッキュ＠命の珠 【調整意図】 正直あまり覚えていない。確か、＜A＋１の陽気メガギャラのかみ砕く確定耐え＞で、＜皮ダメ＋珠ダメ＋陽気ガブの地震を確定耐え＞みたいな感じだったはず。 【解説】 前期はほぼ毎試合投げていたが、今期はそれほど環境に刺さっているとは思えず、選出機会が激減した。主にピクシーやハリーマン入りの積み構築に対して投げ、呪いをかける呪詛師として転生した。珠＋先制技で、対面チックにも使え るよ的な。 シャドクロがあれば流行りのカイリューガルドに有利な顔して全然有利ではないため、そこへの対策はあきらめた。 代わりに♰ドレインパンチ♰を採用し、前期課題だったドドゲザン対策とした。また、カエンジシ入りにも選出理由をつけることができるようになるなど、ドンチ採用は正解だった。 シーズン開始時はＡＳでスタート。中盤に「ミミッキュの耐久ふっとけばな～」と感じる試合が多かったので耐久調整した。 メガギャラの+１噛み砕くを耐えられることで、メガゲッコウガがS+１で抜かれる場合（陽気）に、裏からストッパーになれる点が非常にシナジーがあった。 ロトム＠食べ残し 【調整意図】 HB・・・陽気メガギャラの+１地震が１８％ HD・・・残飯込みで何かを確定２耐えさせるために３振り。忘れた。 【解説】 構築のラストピース。 爆増した メガスターミー・ハラバリー・アーマーガア（エルフーン）への回答その②である。 スタン構築に対しての固定選出は 無いものの、唯一メガスターミー・ハラバリー・アーマーガア（エルフーン）構築に対しては、初手ロトム＋ガブリアス＋リザードンを固定して投げていた。 アーマーガアよりもエルフーンがよく投げられたので、それを想定した崩しを紹介する。 初手ロトムＶＳハラバリー（再戦以外は９９％これ） ①ターン目 ロトム：鬼火＝残飯つぶし ハラバ：どくどく ②ターン目 ロトム：ドロポン＝怠けるを打たせるトリガー ハラバ：どくどく（当然のガブ引き読み。９割８分のプレイヤーがこれ。） ③ターン目 ロトム：ボルチェン⇒ガブ交代 ハラバ：怠ける。ここでガブにどくどくをされたとしてもまだいける。 ④ターン目 ガブリ：ステロ ハラバ：エルフーンに交代 ⑤ターン目 ガブリ：リザ交代（襷は温存。毒が入っていても、ハラバリーを倒すために保存） エルフ：ムーンフォース ⑥ターン目 リザY：エアスラ（どうせ襷だし、放射だとスターミー引きが厳しいため） エルフ：大体ムンフォ。たまに追い風。どっちでも問題ない。 ⑦ターン目 リザＹ：ソラビ、エアスラアンコされたらそれはそれでいい。 エルフ：アンコ、がむしゃら、追い風。なんでも問題なし。 ⑧ターン目 死に出しスターミーが出てくるので、リザＹを切る。 クイタンでリザードンを倒して来た場合は、 ハラバリーにガブを出してゲームセット ⑨ターン目（アクブレなどでリザを倒した場合）⇒ロトムを出す ロトム：ボルチェン スタミ：クイタン引きか、サイコカッターなどで無理やり居座り クイタンしてきた場合は ボルチェンからガブだしでゲームセット ⑩ターン目⇒ガブ出し サイコカッター持ちはスピナーが無いため、 サイコカッターを耐えてハラバリーまで貫く。 カッターがない個体は、もう一度ロトム出し。 このように、非常にシステマティックに、詰将棋のように勝つことができた。 ロトムを採用してから、この系統の構築には７～８割以上の勝率があった。負ける理由としては、 ・鬼火ドロポンの４連外しにより、ロトムの全身に毒が回る（２連くらいまでならリカバリーできる） ・サイコカッター急所などの事故 ・初手ハラバリーのボルチェンなど、あまりにも想定外な動きによるもの。 ・再戦による選出読み である。流行構築だけに、きちんとした勝ちパターンを用意できたことは非常に良かった。 余談：ロトムというポケモンについて 個人的に、ロトムというポケモンを構築に入れることに対して非常に抵抗があった。何故なら、４シーズン採用しているスケショやドラテでさえ、技を打つ時には気合玉を打つ時のように念を込めている私にとって、鬼火やドロポンといった更に命中不安な技があまりにも怖かったからだ。 ただ実際に使用してみて、この認識が大きく変わった。 ロトムには、１度くらいなら技を外しても十分な強さがあると気付いたからである。「痛み分け」が本当に偉い技で、１度くらいの技外しなら、リカバリーできる性能があり、なんなら技外しが削りにつながって功を奏すことすらあるほどだった。 ３.基本選出 VS：カイリューカバガルド系統＆サザングロス系統 ⇒ガブ+ゲッコウガ+ハッサム（マスカいない） ハッサム+ガブ+ゲッコウガ（マスカいる） 環境構築に対する選出はこれ。この選出を軸とできたことで、ハッサムの選出率が爆増（体感７割）し、MA－1以来の楽しいシーズンとなった。 VS：スターミー＋アマガ（エルフーン）＋ハラバリー ⇒ロトム＋リザードン＋ガブ 前述の通り、読みを介さずシステマティックに勝つ VS：受け構築 ⇒ガブ+ハッサム＋リザードン ステロを撒いて、ハッサムかリザードンを通す。 VS：カバギャラ系統 ⇒ガブリアス＋ゲッコウガ+ハッサムorミミッキュ 実はステロ＋草結び＋バレパンでメガギャラを縛れているので、耐久調整をしたにもかかわらず ハッサムを投げることの方が多かった。ギャラに対して下から動くと運ゲーを押し付けられるの で。 ４.苦手な構築、ポケモン ≪苦手な構築≫ 選出画面で詰む構築はなかった。しいて言うならクエスバトンからのピクシーが、少し苦手。でも何とかなることの方が多かった。 ≪苦手なポケモン≫ 選出されるメガハッサム 相手のメガハッサムがきつい。ハッサムの性能というよりは、「え、ハッサム投げてるの？」的な感じで。自分だったら、ミトムリザがいる構築にハッサムを投げたくないので、こちらがハッサムに薄い選出をすることが多く、きつかった。 ５.おわりに 同構築を使用したマンスリーチャレンジでは、スケショとドラテを開幕から外しまくり20戦して1600前半だったので心が折れて撤退した。 短期決戦では下振れた者が負けるため、この構築とちゃぼまつではなかなか結果を残すことが難しい。これを読んだ多くの人がこう思うだろう。 「言い訳乙wwwwwwwwwww」 来シーズンは絶対メガハッサム使うぞ！しらんけど！ カテゴリなしの他の記事 コメント数: 0 コメント by ちゃー < 前の記事 コメント コメントフォーム 名前 コメント 評価する リセット リセット 顔 星 投稿する 情報を記憶 ギャラリー 最新記事 MB-4【最終１９位】ちゃぼ式ネオ・ギャラクシープライマルバレットカスタム【レート２５１５】 【MB-1　最終85位】ちゃぼ式プライマルバレット【レート２４７８】 【MA-2 最終258位】ちゃぼまつ探検隊【レート2329】 【最終レート２５２８・最終４２５位】ちゃぼ’ｓビューティフルメモリーズ ちゃぼ式「ポケモンに関する〇〇５選」 シーズン３２【最終５５位】ミライハッサムDX【R２０１６】 シーズン３１【最終５７位】月光ミライハッサム【R２０２１】 シシーズン３０【最終8９位】意味不明ハッサムオーガミミッキュ【R２０５１】 シーズン２9【最終82位】ちゃぼ式ミライハッサムニューラ☆THE・END【R２０２４】 シーズン２８【最終３２位】The☆ミラハムニューラ【R２０８３】 アーカイブ 2026年07月 2026年06月 2026年04月 2025年08月 2025年07月 2025年05月 2025年04月 2025年02月 2025年01月 2024年10月 2024年09月 2024年07月 2024年06月 2024年05月 2024年03月 2024年02月 2024年01月 2023年07月 2023年05月 2023年02月 2022年11月 2022年10月 2022年02月 2021年12月 2021年11月 2021年09月 2021年08月 2021年07月 2020年12月 2019年12月 2019年10月 2017年10月 2017年01月 2015年08月 カテゴリー ↑このページのトップヘ Powered by ライブドアブログ
M-4,【M-4 最終22位】3メガカバブリミミ - なんもねえ,https://rainyswaggerdendemi.hatenablog.com/entry/2026/08/08/125237,【M-4 最終22位】3メガカバブリミミ - なんもねえ なんもねえ 読者になる なんもねえ 2026 - 08 - 08 【M-4 最終22位】3メガカバブリミミ 最終日戦績 2408→2510 11勝4敗2分 2500チャレ通した時点で終了 サブロム無し 構築経緯 先発 オボンHDブリジュラス と 珠ミミッキュ で 対戦を簡単にしたい というところからスタートした。 ブリジュラス＋ミミッキュ＋アタッカーメガ枠の選出では相手のミミロップの処理が難しいため、物理受け兼展開要員として HBカバルドン を採用した。 メガ枠として、M-3で結果を残したメタグロス軸や中盤流行したギルガルド絡みのサイクルにブリジュラス＋ミミッキュと合わせて有利をとることのできる メガゲッコウガ を選択した。 残り2枠に、ストッパー不在の有象無象を破壊できる 鉄壁移動メガメタグロス と、浮き駒でありながら低速サイクルを崩しに行ける 剣舞ニトチャメガリザードンX を採用した。 メガを3体採用したのは、尖った性能のメガを刺さっていない相手に無理やり投げて負ける試合を減らすことだけでなく、ゲッコウガのメガを隠すことも狙いだった。 個別紹介 ①ブリジュラス＠オボンのみ 特性:じきゅうりょく 197(32)-125-150-/-126(30+)-109(4) ステルスロック/ドラゴンテール/アイアンヘッド/ミラーコート 初手置きしてほとんど出落ちすることがなく、多くの試合で2回以上行動できる万能初手駒。 ステルスロック＋流し技@2まで確定で、今回は削りを優先したかったため流し技としてドラゴンテールを採用。 残りはフェアリーへの打点となるアイアンヘッド、悪魔の技ミラーコートとした。 ②ミミッキュ＠いのちのたま 132(2)-156(32+)-100-/-125-148(32) じゃれつく/シャドークロー/かげうち/つるぎのまい あらゆる構築に選出したいことから、最も汎用性の高い技構成での採用。 ミラー意識と、珠持ちに耐久振りするのが好みでないというのもあり、努力値はAS振り切りとした。 ③カバルドン＠たべのこし 215(32)-132-187(32+)-/-94(2)-67 じしん/あくび/ふきとばし/なまける 中盤以降増えてきたミミロップを意識して、被ダメージを抑えるためHB特化での採用。 ブリジュラスが身代わり持ちに隙を見せるという理由から吹き飛ばしを採用している。 ④ゲッコウガ＠ゲッコウガナイト　特性:へんげんじざい 155(8)-/-87-155(32)-91-184(26+)→155(8)-/-97-185(32)-101-206(26+) あくのはどう/ヘドロウェーブ/れいとうビーム/くさむすび 対面の打ち合いは涙が出るほど弱い反面、相手が削れた状態で繰り出すと強いため、ブリジュラスと相性抜群なメガ枠。 役割対象となるメタグロス軸やカイリュー＋ギルガルドを相手するうえでこれ以上の技構成はないように感じた。 ⑤メタグロス＠メタグロスナイト 183(28)-156(1)-200(32+)-/-111(1)-94(4)→183(28)-166(1)-222(32+)-/-131(1)-134(4) ボディプレス/サイコファング/てっぺき/こうそくいどう 鋼霊タイプ、アーマーガア以外の鋼の絡んだ並びに強いことの多いメガ枠。 展開次第で捲れる範囲を広げるために、バレットパンチではなく高速移動を採用した。 鉄壁メタグロスは中盤のギルガルドブームが逆風となり大きく数を減らしたポケモンだが、その期間中でさえ選出の機会はいくらでもあったことから、むしろチャンスだと考え最後まで使い続けた。 ⑥リザードン＠リザードナイトX　特性:もうか 155(2)-149(32+)-98-/-105-152(32)→155(2)-200(32+)-131-/-105-152(32) フレアドライブ/げきりん/ニトロチャージ/つるぎのまい 地面無効、受け崩し、リザYの物理受けへの圧力など諸々の要素を評価し、補完枠としての採用。 最終日の上位帯では、構築段階で軽視していたアーマーガアやピクシー入りのサイクルに多くマッチングしたことで、補完枠ながら選出を検討する頻度自体は高かったものの、相手のガブリアスとステルスロックを牽制する手段に乏しいため、負けを覚悟しながら選出したりしなかったりしていた。 選出 ブリジュラス＋ミミッキュ＠１ ブリジュラス＋カバルドン＠１（出し負けそうならカバルドンを前に置きたい） 一般枠2体の組み合わせだと誰が倒せないのかを考え、試合展開をイメージして3体目を決定することが多い。 相手のやりたいことが露骨な場合や再戦時には上記の型を崩して選出することもなくはない。 総括 相手視点では初見で型や動きを見抜くことが難しく、こちらのやりたい行動は単純かつ強力という好みの形に仕上がった。 単体レベルでは新しい要素は皆無だが、ポケモン同士の連携と役割補完が上手くいったのが今回の構築の良かったところだと思う。 一方で、受けの突破を積みに依存しているせいで、積みに耐性のあるサイクル構築の攻略が難しかった点は明確に良くなかった。このような不利な相手が上位帯でそこそこ多く、勝敗をマッチングの噛み合いに委ねる部分が大きかったのは否めない。 今後もたまに噛み合って上に行けたらラッキー程度の緩いスタンスで取り組んでいきたい。 愚痴 シーズンM-3頃から起き始めた 選出エラー と 初手操作不能 にストレスを感じている。 これらのトラブルが起こらなくなるまでは上位を目指す対戦から距離を置きたいというのが正直なところだ。 8/2夜　レート2393から潜った試合 選出時間残り24秒で切断されるも、運良く残り7秒で復帰できた （アプリ版　bluestacks） 8/5(最終日)朝　レート2480から潜った試合 初手操作不能対策でステルスロックを1番上にしていたおかげで勝てた （switch1 光有線接続） 他のプレイヤーからも同様の現象が多数報告されていることから、ユーザー側ではなくゲーム側の問題であることはほとんど明らかである。 全ユーザーが不利益を被りうるこれらの不具合は一刻も早く 非サイレントで 修正されることが望ましいのだが、これまでの傾向を見るに公式の積極的で誠実な対応にはあまり期待出来ないのが現状である。💩 rainyswaggerdendemi 2026-08-08 12:52 読者になる 広告を非表示にする コメントを書く もっと読む 【SVS23 最終87位タイ】アシパトラ軸 » プロフィール ねそべりぞく BW1 BW2 ORAS SM SVで対戦やってました このブログについて 最新記事 【M-4 最終22位】3メガカバブリミミ 【SVS23 最終87位タイ】アシパトラ軸 【SVS19 最終58位】輪投げVGC 【SVS18 最終64位】毒菱＋やどまもみが黒バドレックス Season 5　さかさ 月別アーカイブ ▼ ▶ 2026 2026 / 8 ▼ ▶ 2024 2024 / 11 2024 / 7 2024 / 6 ▼ ▶ 2017 2017 / 9 2017 / 7 ▼ ▶ 2016 2016 / 9 リンク 思考の裏側(なごしさん) やべーよの汎用性はやべーよ(アカギエスブイさん) 晴れ時々雨のちにさにでんそん！(たむらしぐれさん) すべての路の果てに(ミラさん) はてなブログをはじめよう！ rainyswaggerdendemiさんは、はてなブログを使っています。あなたもはてなブログをはじめてみませんか？ はてなブログをはじめる（無料） はてなブログとは なんもねえ Powered by Hatena Blog | ブログを報告する 引用をストックしました ストック一覧を見る 閉じる 引用するにはまずログインしてください ログイン 閉じる 引用をストックできませんでした。再度お試しください 閉じる 限定公開記事のため引用できません。 読者です 読者をやめる 読者になる 読者になる
M-4,シーズンM-4 最終24位2508 ブラッキーフロル - ブラッキーたわむれ日記,https://nemunemu-poke.hatenadiary.jp/entry/2026/08/06/000345,"シーズンM-4 最終24位2508　ブラッキーフロル - ブラッキーたわむれ日記 ブラッキーたわむれ日記 読者になる ブラッキーたわむれ日記 ブラッキーと楽しく遊ぶ 2026 - 08 - 06 シーズンM-4 最終24位2508　ブラッキーフロル 閲覧ありがとうございます ねむねむです 今回はシーズンM-4で24位達成できた構築を紹介したいと思います 拙い文章ですが最後まで読んでいただけると嬉しいです （以下常体） 【M-4結果】 最終24位　2508.828 TN なきり 余さんかわ余 オタクTN 【並び】 ID：6YUU5FC1T0 【構築コンセプト】 ・ブラッキーを最大限活かす ・定数ダメージで試合展開を有利に進める 【構築経緯】 軸：ブラッキー×メガキラフロル これまで基本選出のメガ進化枠でゲンガーやマフォクシーが候補にあったが、どれもしっくり来なかった 理由は""珠ミミッキュ"" 初心者かよwとなるかもしれないが本当に重い サイクル下でメガ進化側から崩されるのが前述したメガ進化枠であった そこで選んだのがキラフロル 選んだ理由 ・対面ミミッキュに勝てる ・毒びし回収が軸に組み込める ・ニードルガードで定数ダメージ稼ぎ可能 ・アシレーヌやフラエッテへの回答になり得る ・タイプ一致技のパワー 実際に使い始めから感触が良く、1日でブラッキー×メガキラフロルを軸に最後まで戦うと決めた 一般枠：3枠 ブリジュラス：ステルスロック枠 シーズン途中まで腕白HBガブリアス@オボンを採用していたが、対マスカーニャへの回答難しいことからブリジュラスに変更 また対ガブリアス@オボンへの回答もかなり苦しかったため流星群を採用し、これまで困ってきた相手の初手ポケモンに強くなった マスカーニャ：毒びし枠 ブラッキーの願い事守る（相手になんの圧力もかからないターン）でも相手に蓄積ダメージを入れられる毒びし枠を探した ガブリアスやアシレーヌなどの採用率高いポケモンに有利を取ることができるマスカーニャを採用 イダイトウ：対面枠 ここまでの4匹でバシャーモやルカリオの格闘タイプ、カバルドンやマフォクシーが重いと感じたため採用 カバルドンやバシャーモへのサイクル性能や遂行速度を考えAbsベースの雫持ち 補完メガ枠：メガカイリュー ここまで重いハッサム、ギルガルド、サーフゴー、メタグロスなどの鋼ポケモンやバシャーモに強い枠 選出頻度は非常に低いため替えをずっと考えていたが最後までカイリューのかわりになるポケモンはいなかった 以上で構築が完成 【個体紹介】 ※経緯順ではなく並び順で記載 ※調整は意識した順番から記載 努力値：H32 B32 D2 性格：ずぶとい 個体・調整について語ることはなし ブラッキー使う上で意識してること ・体力管理 ・技選択のメリット・デメリット ステルスロックや毒びしを撒いていれば、欠伸や耐久で楽に勝てる、みたいなポケモンではない 技選択にメリット・デメリットがしっかり存在する 練度ポケモンであることは間違いない ブラッキー好きで使いたい方は根気強く使って欲しい 努力値：H7 C30 S29 性格：控えめ S→準速ミミッキュ（148）+1 C→11n H→あまり 技選択 流星群→一致最高打点 10万ボルト→アシレーヌやダイケンキへの打点 火炎放射→採用理由にもある鋼ポケモンへの打点 羽休め→サイクルするうえでの体力管理技 構築の諸説枠 マスカーニャやキラフロルがいることで毒びし+カイリューの並びに感じ、キラフロルのメガを切った立ち回りをされることもしばしばあった為相手からの見え方含め良かったのかもしれない 技範囲は豊富だがキラフロルのように圧倒的パワーがあるわけではないのでしっかり定数ダメージを稼ぎつつメガカイリューの圏内に入れる動きを意識して動かした 努力値：H32 D32 S2 性格：穏やか HD→アシレーヌを意識し振り切り S→ミラーのドラゴンテールや吠える意識 技選択 流星群→タイプ一致最高打点 ラスターカノン→アシレーヌやフラエッテ意識、雑に打っても上振れる一致技 吠える→機転回避やビビヨン、バトン構築意識 ステルスロック→コンセプト 元々はガブリアス@オボンだった枠から変更 フェアリーポケモンやビビヨン、バトン構築に手厚くなったのがよかった マスカーニャへの圧力も強く、最終日付近でマスカーニャを出されることがほとんどなかった 見せ合いで存在していることにも意味があると感じた 努力値：A32 B19 S15 性格：意地っ張り A→振り切り S→最速ドドゲザン（112意識）、無振り80〜85族の少しS振り意識 B→ステルスロック+特化ミミロップの飛び膝蹴りを最高乱数切耐え 初手カバルドンに合わせるだけで3vs2から試合が始まることも多々 母数自体少なく対策手薄になりがちなルカリオやバシャーモにも有利を保ちながらサイクルができたので非常によく活躍してくれた 努力値：H1 B3 C30 S32 性格：控えめ S→準速 C→11n　瞑想+1アシレーヌに対して、""1/8定数+ヘドロウェーブ""が81%で落とせるライン HB→メガ進化時：珠ミミッキュの影打ち+シャドークロー+影打ちを98%耐え（瀕死率2.09%） 技選択 大地の力→鋼ポケモンへの打点 ニードルガード→定数ダメージの確保 M-4で選んだ相棒メガ枠 採用理由でも述べたようにブラッキーと相性が良かったため選出、立ち回り共にしやすく、メガ進化の選出割合も8:2比率で圧倒的に多かった 最終日では発生しなかったが、ノーメガ段階でマスカーニャの蜻蛉返りにキラフロルを投げたりミミッキュの影打ちにあと投げをしたりと毒びし展開をマスカーニャいらずで行うこともあり、予定値+αの定数ダメージを出してくれるのも強力であった マスカーニャを使ううえで重いリザードンやウルガモスに迷わずあと投げでることも、このポケモンの偉さが発揮されていた 努力値：H2 A32 S32 性格：陽気 特性：変幻自在→新緑（最終日ずっと変幻自在で採用していたが最後数試合だけ新緑採用のため画像が新緑） 技選択 トリックフラワー→アシレーヌやダイケンキへの打点 はたき落とす→サーフゴーやギルガルドへの打点、ブリジュラスの型判別弱体化 トリプルアクセル→ガブリアスへの最強打点 毒びし→コンセプト スカーフ1点読みしてくる方は最終日でも多く、このポケモンが相手にかける圧力の大きさを感じた 特にガブリアスはトリプルアクセルを切って立ち回ることが多々見受けられ、とんぼ返りがない私からすると感謝でしかなかった 変幻自在を新緑に変えた理由は、最終日対戦相手の対応力によってタイプ変更がデメリットになるケースが増えたためである 新緑トリックフラワーであればもっと楽に勝てた試合も多く反省 【選出】 ・基本選出 マスカーニャorブリジュラスorイダイトウ +ブラッキー+メガ枠 ・ブラッキーなし バトン構築 受けサイクル（ドヒドイデ絡みやブラッキー絡み） スターミーハラバリーアーマーガア 【終わりに】 拙い文章でしたが最後まで読んでいただきありがとうございます M-1,M-3と2桁すらはいれず本当に悔しい思いでしたがやっと2桁、そしてSVの27位も超えることができ本当に嬉しく思います 次はさらに上の順位で結果を残せるよう頑張ります 構築について、なにかご質問ある方は https://x.com/nemunemu_tm こちらDMまでお願いします nemunemu-poke 2026-08-06 00:03 読者になる 広告を非表示にする 関連記事 2026-05-13 Champions S1 ブラゲン【雑書き】372位 こんにちは ねむねむです 結果振るわなかった 構築記事ではなく… 2020-12-01 新生ブラマンダ [最高209× 最終2077 114位] こんにちは お久しぶりです！ねむねむです今期遂にボーマンダが… 2020-04-01 S4最終83位 ブラパルト ~おもちゃ！タラプミミッキュ！~ こんにちはねむねむですS4お疲れ様でした 初めて最終2桁83位を… 2020-03-02 剣盾S3最終198位 ブラパルト こんにちはねむねむです剣盾が始まりやっと最終日戦える構築が… 2018-09-04 S11使用構築 ブラッキーマンダ[最高レート2095] こんにちはねむねむですS11お疲れ様でした。 基本的に同じです… もっと読む コメントを書く Champions　S1　ブラゲン【雑書き】372位 » プロフィール id:nemunemu-poke 読者です 読者をやめる 読者になる 読者になる このブログについて 検索 リンク はてなブログ ブログをはじめる 週刊はてなブログ はてなブログPro 最新記事 シーズンM-4 最終24位2508　ブラッキーフロル Champions　S1　ブラゲン【雑書き】372位 第9回25%禁止杯　第8位　総合ランキング2位浮上 第8回TOP25%禁止杯 第4位　総合ランキング3位 第8回TOP25%禁止杯　事前考察Tier表 月別アーカイブ ▼ ▶ 2026 2026 / 8 2026 / 5 2026 / 3 ▼ ▶ 2025 2025 / 8 2025 / 7 2025 / 6 2025 / 3 ▼ ▶ 2024 2024 / 10 2024 / 3 ▼ ▶ 2023 2023 / 11 2023 / 1 ▼ ▶ 2021 2021 / 9 2021 / 2 ▼ ▶ 2020 2020 / 12 2020 / 6 2020 / 4 2020 / 3 ▼ ▶ 2019 2019 / 12 2019 / 11 2019 / 9 2019 / 6 ▼ ▶ 2018 2018 / 11 2018 / 10 2018 / 9 2018 / 7 2018 / 5 2018 / 3 2018 / 1 ▼ ▶ 2017 2017 / 11 2017 / 9 はてなブログをはじめよう！ nemunemu-pokeさんは、はてなブログを使っています。あなたもはてなブログをはじめてみませんか？ はてなブログをはじめる（無料） はてなブログとは ブラッキーたわむれ日記 Powered by Hatena Blog | ブログを報告する 引用をストックしました ストック一覧を見る 閉じる 引用するにはまずログインしてください ログイン 閉じる 引用をストックできませんでした。再度お試しください 閉じる 限定公開記事のため引用できません。 読者です 読者をやめる 読者になる 読者になる"
M-4,シーズン4使用構築 ギャラミミ積みリレー 最終25位 レート2507 - 元祖戦闘マシーン,https://eff4dckeqm1cwsf.hatenablog.com/entry/2026/08/07/202950,シーズン4使用構築　ギャラミミ積みリレー　最終25位　レート2507 - 元祖戦闘マシーン 元祖戦闘マシーン 読者になる 元祖戦闘マシーン ポケモンのブログを投稿していきます！！ 2026 - 08 - 07 シーズン4使用構築　ギャラミミ積みリレー　最終25位　レート2507 シーズン4使用構築　ギャラミミ積みリレー　最終25位　レート2507 こんMEM、ばどちょです。 シーズン4で使用した構築を紹介します。 良ければ見ていってください。 順位 構築 ギャラドス ニンフィア ガブリアス ミミッキュ マフォクシー ブリジュラス 基本選出 スペシャルサンクス おまけ 順位 構築 前期13位のおにーやんさんの構築を使わせていただいたところかなり使用感がよかったのでこちらをベースにいくことに決めました。 この原案から少し自分好みにアレンジしました。 1.原案の をvs 意識でスカーフ に変更しました。 2.それ以外は技構成こそ変えましたが、持ち物は全く同じで行きました。 【M-3 最終13位】ニンフィア展開ギャラマフォクシー【Champions】 - そこの鬼畜なおにーやん(^ω^)日記 転載許可ありがとうございます。 ギャラドス 特性　威嚇→型破り もちもの　ギャラドスナイト 性格　陽気 努力値 171(1)-177 (32) - 100(1)- x -120(0)- 146 (32) 技　噛み砕く　パワーウィップ　やけっぱち　竜の舞 構築のエース。 自分がよく使用する対面構築が苦手とするポケモンです。 使ってみて対策を知ろうと思ってたら最後まで使っていました。 ステロと合わせたこのポケモンはシンプルに強力で で止まらないエースという点がやはり魅力的です。 原案からの変更点です。 1．性格を意地っ張りから陽気にしました。 意識で選出される、 や毒技持ちの 意識でこれらを竜舞1回で抜けることによりゲームメイクがしやすくなると考えたからです。 実際火力が足らなかった場面もありましたが、これらを抜けているおかけで勝った試合がたくさんありました。 2．技構成を地震→やけっぱちに変更しました。 構築単位で重たい を倒してイージーするためにやけっぱちを採用しました。実際最終日付近で を何度も倒して勝利に貢献してくれました。 残りの技は に対する打点の噛み砕く、 で止まらないようにパワーウィップを採用しました。 メガ前の耐性からメガ後への耐性がガラッと変わることと持ち前の数値と威嚇で無起点でも竜舞しやすい点が魅了的です。 いつの日かヘイラッシャをパワーウィップで突破する姿、みてみたい。 ニンフィア 特性　フェアリースキン もちもの　食べ残し 性格　図太い 努力値 202(32)- x - 127(31) -130(0)-150(0)-83(3) 技　ハイパーボイス　欠伸　守る　願い事 同族意識のs3振り 最終日付近話題のポケモン。 の鋼技採用率が低いことで動かせるポケモン。 HBに厚く寄せることで竜舞や剣の舞を積んだ を無理矢理1回流すことができる点も強力です。 メガ進化枠が苦手とする に強めなのも使いやすかったです。 終盤は動画にあがっていたこともあって少し選出率を下げましたがそれでも十分すぎる強さでした。 基本的には でステルスロックを撒いてから裏に置いて欠伸で起点を作成していました。 技構成はテンプレのハイパーボイス、欠伸、守る、願い事にしました。 マジカルフレイムや電光石火をいれるか迷いましたが、原案通りの方が強いと考えたのでそのままいきました。 ガブリアス 特性　鮫肌 もちもの　気合いの襷 性格　意地っ張り 努力値 185(2)- 200 (32) - 115(0)- x -105(0)- 154 (32) 技　地震　ドラゴンテール　どくづき　ステルスロック ポケモン界の主人公。ポケモンチャンピオンズのパッケージポケモン（うにさんによると）らしいです。 剣盾、svと構築記事をたくさん書いてきて初めてガブリアスを書くらしいです、剣盾は しか使ってないしSVはディンさんとクマさんばっかりだったので。 初手に置いてステルスロックを撒き、 で欠伸をすることに繋ぎます。 今回は原案とは少しずらして起点回避のできるドラゴンテール型にしました。 ただ襷でないと 等に無理矢理動かせないので襷で使ってます。 タイプ一致の地震、コンセプトのステルスロック、起点回避のドラゴンテールにしました。 残り1つは 意識で選出される 、たまに当たって嫌な 意識で毒づきを採用しています。 何度かこれらを返り討ちにしたので上手く技選択ができたと思います。 ミミッキュ 特性　化けの皮 もちもの　命の珠 性格　意地っ張り 努力値 131(1)- 156 (32) - 101(1)- x -125(0)-148 (32) 技　じゃれつく　影うち　剣の舞　呪い 化けの皮でなんやかんやできるポケモン。 ガブリアス→メガ進化→ミミッキュと出すことが多かったです。 他のポケモンが削り残したポケモンをラストに掃除するスイーパー役です。 との相性補完がよく、スカーフ の技の一貫を切れる点が優秀です。 これらのスカーフの技でどっちかが倒されたらどっちかの積み技の起点にすることができました。 ドラゴン技で が倒されたら で剣の舞できる 地震や悪の波動で が倒されたら で竜舞できるといった形です。 今回は呪いを採用しました。 一定数存在したバトンや小さくなるに対して抗うことができる他、有象無象の要塞ポケモンのふんわりとした回答になる点が素晴らしいです。 これらの構築は対策してないと一瞬で負けてしまいますが、呪い がいるだけで勝負になる点が優秀です。 マフォクシー 特性　猛火→浮遊 もちもの　マフォクシナイト 性格　控えめ 努力値 159(9)- x -99(7)- 220 (21) -145(0)-183(29) HB　意地っ張りA32 の逆鱗ほぼ耐え S　控えめ32 ＋1 友人のふとんくんが使っていた調整を真似しました。 技　オーバーヒート　サイコショック　草結び　悪巧み 裏メガ枠です。 あまり使いこなすことはできなかったですが、 が止まりがちな 入りのサイクル構築や草タイプのメガ進化枠がいたらよく選出していました。 オーバーヒートと悪巧みで を、サイコショックは瞑想 などを意識しています。 マジカルシャインも良かったですが構築単位で が面倒なので負荷をかけるための草結びとしました。 ここまで耐久に振ることでスタンパに出しても行動保証があるので選出することもできます。 対面構築が苦手なサイクル構築に出すことができる点が魅力的です。 ブリジュラス 特性　頑丈 もちもの　拘りスカーフ 性格　臆病 努力値 167(2)- x -150(0)-177(32)-85(0)- 150(32) 技　流星群　ラスターカノン　10万ボルト　悪の波動 スカーフ枠です。ポケモンチャンピオンズのパッケージポケモンその2（うにさんによると）らしいです。 原案の から変更しました。 意識で の選出率がかなり高かったのでそれを意識しました。 と組んでいるのでステルスロック型と誤認してくれないかなという意味も込めています。 等の素で速いポケモンにはこちらのポケモンが一方的に上から行動されてしまうので構築の全体のSラインの向上も兼ねています。 技構成はスカーフブリジュラスのテンプレでタイプ一致の流星群、ラスターカノン、 意識の10万ボルト、 意識の悪の波動にしました。 基本選出 ＋メガ進化 これが1番多いです。 が通っていることが多いのでこちらを優先していました。 等には を優先していました。 ＋メガ進化 こちらも良くしました。 ギャラドスやマフォクシーが地面無効なこともあり スカーフガブリアスにドラゴン技を打たせるのでそこをミミッキュで起点にできます。 スペシャルサンクス ふとんくん たくさん通話ありがとう＆いつもありがとう。 最終5位流石に強すぎますわ。 おとぎんさん たまに通話してくれてありがとう。 おもしろい漫画みつけたらまた教えて。 通話してくれた ふとんくん、おとぎんさん、かげみやくん、あーちゃんさん、ソラくん ありがとうございました。 Twitterやディスコードで仲良くしてくれる皆さん ここまで読んでくれた方 ありがとうございました。 質問があれば@Mado_poke0408まで おまけ 最近カフェに行くことが多いです。 ここまで読んでくれた方にクイズです。 全国チェーン店のコメダ珈琲発祥の都道府県はどこでしょう？ A.京都 B.愛知 C.兵庫 D.静岡 なんとなく喫茶文化がありそうな地域をごちゃまぜにしてみました。 正解は B.愛知です！ 戦後の名古屋で喫茶店がコーヒーを飲む場所に加えて近所の人が集まる場所になったそうです。 その文化で愛知県名古屋市でコメダ珈琲ができました。 なので厳密な正解は愛知県名古屋市です。 喫茶店のモーニングサービスも元々愛知県が発祥が有力であると言われています。 今では全国チェーン店として有名なコメダ珈琲ですが、モーニングサービスがあるのも 愛知県発祥の名残なのかもしれませんね。 ちなみに自分がコメダ珈琲ではいつもハンバーガー食べてます、おいしい。 こうやって喫茶文化を少し調べてみるのもおもしろかったです。 ではまた！ eFF4DcKeQM1cwSf 2026-08-07 20:29 読者になる 広告を非表示にする 関連記事 2026-05-15 チャンピオンズ シーズン1 レギュレーションM 使用構築 ミニマムディンバドザシ 最終77位 レート… チャンピオンズ レギュレーションMシーズン1 使用構築 ミニマム… 2026-03-03 シーズン39使用構築 電光雷轟ザシミライ 最終49位 レート1989 シーズン39使用構築 電光雷轟ザシミライ 最終49位 レート1989 … 2025-09-03 シーズン33使用構築 雷光一閃ミライパゴス 最終17位 レート2077 シーズン33使用構築 雷光一閃ミライパゴス 最終17位 レート2077… 2025-03-02 シーズン27使用構築 カバザシゴッドノウズ 最終30位 レート2064 シーズン27使用構築 カバザシゴッドノウズ 最終30位 レート2064… 2024-08-02 シーズン20使用構築 カバザシ皇帝ペンギン 最終83位 レート2067 シーズン20使用構築 カバザシ皇帝ペンギン 最終83位 レート2067… もっと読む コメントを書く « まどの自己紹介 チャンピオンズシーズン2使用構築　影兎対… » プロフィール id:eFF4DcKeQM1cwSf 読者です 読者をやめる 読者になる 読者になる このブログについて 検索 リンク はてなブログ ブログをはじめる 週刊はてなブログ はてなブログPro 最新記事 まどの自己紹介 シーズン4使用構築　ギャラミミ積みリレー　最終25位　レート2507 チャンピオンズシーズン2使用構築　影兎対面構築　最終48位　レート2411 チャンピオンズ　シーズン1　レギュレーションM　使用構築　ミニマムディンバドザシ　最終77位　レート2670 S40使用構築＆簡易振り返り 月別アーカイブ ▼ ▶ 2349 2349 / 4 ▼ ▶ 2030 2030 / 9 ▼ ▶ 2026 2026 / 8 2026 / 6 2026 / 5 2026 / 4 2026 / 3 2026 / 2 ▼ ▶ 2025 2025 / 12 2025 / 11 2025 / 9 2025 / 8 2025 / 3 2025 / 1 ▼ ▶ 2024 2024 / 11 2024 / 9 2024 / 8 2024 / 5 2024 / 4 2024 / 2 2024 / 1 ▼ ▶ 2023 2023 / 12 2023 / 11 2023 / 9 2023 / 8 2023 / 7 2023 / 3 2023 / 2 2023 / 1 ▼ ▶ 2022 2022 / 11 2022 / 10 2022 / 9 2022 / 8 2022 / 7 2022 / 6 2022 / 5 2022 / 4 2022 / 3 2022 / 2 2022 / 1 ▼ ▶ 2021 2021 / 12 2021 / 10 2021 / 9 2021 / 8 2021 / 7 2021 / 6 2021 / 5 2021 / 4 2021 / 3 2021 / 2 2021 / 1 ▼ ▶ 2020 2020 / 12 2020 / 10 2020 / 9 2020 / 8 はてなブログをはじめよう！ eFF4DcKeQM1cwSfさんは、はてなブログを使っています。あなたもはてなブログをはじめてみませんか？ はてなブログをはじめる（無料） はてなブログとは 元祖戦闘マシーン Powered by Hatena Blog | ブログを報告する 引用をストックしました ストック一覧を見る 閉じる 引用するにはまずログインしてください ログイン 閉じる 引用をストックできませんでした。再度お試しください 閉じる 限定公開記事のため引用できません。 読者です 読者をやめる 読者になる 読者になる
M-4,【M-4最終27位】鬼火スタン,https://pokesol.app/u/lig/articles/8a06d06a288cd24f,【M-4最終27位】鬼火スタン ログイン ポケノート 注目記事 記事検索 ツール ダメージ計算(準備中) チーム管理 Pokémon Soldier X YouTube Twitch GitHub サポート お問い合わせ 条項 利用規約 プライバシーポリシー 免責事項 0 L Lig 目次 ページトップへ 【M-4最終27位】鬼火スタン 構築記事 シングル M-B M-4 2026年8月6日 に公開 構築経緯 1.新しい構築を考える時間も頭もなかったので、前期の構築を使う所からスタート。前期の記事↓ https://pokesol.app/u/lig/articles/72898173b1678805 2.ジュカインは普通に強かったが、こいつがいると並びを見ただけで構築の中身が一瞬でバレてしまう+構築の核となるのはマフォクシーだったので、泣く泣く外れてもらうことにした。同時に、ジュカインとの補完はとても良いが、マフォクシーとの相性は微妙だと感じていたカバルドンも解雇を決定。 3.ジュカインとカバルドンの担当していた役割を新たな2枠で補いつつ構築を纏めることを考えた結果、メガミミロップ、メガギャラドス、メガルカリオ等への切り返しを意識した地面枠として スカーフガブリアス と、重いアシレーヌに圧力をかけつつその他水タイプ全般やミミッキュ等に強めな駒として メガフシギバナ を採用して完成した。 個体紹介 C…H2ガブリアスをサイコキネシス×2で92.6%で倒せる S…準速130属抜き HB…あまり、できるだけ高く ・軸。デバフによるサイクル補助と起点作り、高い数値と独特の耐性を活かした撃ち合いやサイクル、アンコールを用いた崩し、詰め等、活躍は多岐に渡る。 ・耐久に厚く振ったことにより、デバフも合わせると思った以上に硬い。何度ハッサムの剣舞バレットパンチをミリ耐えして焼却に成功しただろうか。 ・毎試合のように鬼火を撃つので心臓に悪い。外すと当然ヤバいことになるので、手放しで強いポケモンだとは言い難いが、軸にする価値はあると思った。 ・HB…特化ミミッキュの剣舞珠じゃれつくをオボン込みで2耐え ・HD…できるだけ高く ・今期はミミッキュへの後投げを安定させるためにB補正にした。D特化にする一つの理由として、襷キラフロルに対面殴り勝てるというのがあったが、別にマフォクシーでも見れる+フシギバナの採用によりカバーできていると判断。 追記 +4珠じゃれつくが余裕で乱数なので、ブリ引きに合わせて剣舞→剣舞ラスカ→じゃれつくと動かれると怪しいことに今になって気づきました…。できるだけ殴ってくるタイミングに合わせて引きたい。 追記おわり ・とりあえず初手に投げてステロを撒くというよりは、マフォクシーとの相性補完を活かしたクッションのように扱うことが多い。このとき半減技に後投げすることが多く、デバフも合わせるとHPを多く保ったまま特性を発動することができるのが強力であり、選出次第ではそこから相手を半壊させることも可能だった。 ・アシレーヌとアーマーガアへの打点となる10万ボルトがとても欲しかったが、どの技も必須で切ることはできなかった。 S…ミラー、遅いアーマーガア意識で最低限 HB…できるだけ高く ・積みエース1。本構築においては、特に対カイリュー、マフォクシー、カバルドンの役割が大きい。 ・特殊耐久は素の数値+瞑想により安心感があるものの物理方面は脆いポケモンであるが、鬼火と組み合わせることで補える。特に対ステまきガブリアスにおいて、鬼火を入れてからドラゴンテール無効の耐性を活かし瞑想眠るの起点にする動きが強力だった。 ・カゴを食べるとギルガルドのポルターガイストを透かすことができる+特殊型には瞑想が強いので、中盤爆増したカバカイリューガルドにめっぽう強い。 ・アシレーヌミラーで上を取られまくったので、もう少しSを伸ばしても良かったかも。 A…特化 HB…特化ガブリアスの地震75%耐え HD…特化サザンドラの大文字確定耐え S…無振りメガハッサム抜き、遅いアシレーヌを抜けるように ・積みエース2。 ・このポケモンはアシレーヌと違い、特性と先制技により全抜き性能がとても高いので、ラス1に残して剣舞不意打ちで一掃する使い方が主。取り巻きと合わせて色々なタイプの一貫を切れ、一度剣舞を積んでしまえば超リーチの不意打ちを相手の素早さを無視して撃てるため、特に相手のスカーフ枠(マスカガブサザンイダイ)に並びで自然に強くなれる点が素晴らしい。 ・ギルガルドやサーフゴーへの引き先としても使えたり、無視できない数存在するピクシーへの対策になったりと外せない枠だった。また、環境には少なかったが、悪戯心無効+剣舞がオーロンゲ展開にかなり強く、シーズンを通して一度も負けなかった。 ・持ち物は、カバルドンに止められなくなるラムの実も候補だと感じる。 AS…ぶっぱ ・一般枠最強ポケモン。今回は、相手の高速メガ枠を上から縛る処理ルートを用意したかったこと、積み(特にメガギャラドス)へのストッパーが欲しかったことからシンプルなスカーフ型で採用。 ・無振りメガギャラドスをステロ+特化逆鱗+鮫肌で大体落とせる点を評価し性格は意地っ張り。陽気にしたいと思うことはなかったので正解だった。 ・地震逆鱗以外の技は撃たないので多分何でもいい。他にはステロ、毒突き、アイへ、ドラクロ、岩雪崩、ストーンエッジ等も採用の余地はありそうに感じる。 ・無難に想定通りの活躍をしていたという感想。 HB…厚め、できるだけ高く HD…231メガゲンガーのヘドロウェーブを87%で2耐え S…準速ドドゲザン抜き ・最終日の朝に急遽招集された花。 ・構築単位で水タイプが重い(特にアシレーヌ、ギャラドス)ので、この枠には草タイプを採用したかった。その中でも、メガルカリオに(ついでに取り巻きのカバルドンにも)弱くない、ミミッキュイダイトウのような対面構築に強め、フラエッテ+ミトムに圧力をかけられる等の要素が良さそうだったのでこのポケモンを採用した。 ・個人的に単体として強いポケモンとは思っておらず、取り巻きもフシギバナを強く動かせるようなものではないので、刺さっている並びにしか投げなかった。しかし、選出圧力は相当のものがあったようで、具体的には初手アシレーヌが全く出てこなくなり、初手メタグロスとカイリューをあり得ない位投げられるようになったので、初手マフォクシーでかなりテンポを取ることができた。その点では、しっかり勝利に貢献していたと言える。 ・ちなみに、最初はDに薄いカバルドンをワンパンでき、剣舞ガブリアスにも(当てれば)対面勝てる、Cを伸ばしたリーフストーム採用で使っていたが、別に強くなかったので大人しくテンプレの耐久振りにしたという裏話もある。 選出 ・初手マフォクシー後発@2の投げ方が最も多く、たまに初手ブリジュラス後発マフォクシーのような選出もする(初手マフォクシーを投げ辛いゲッコウガ入り等にすることが多い)。 ・フシギバナはあまり投げない。 ・以下、選出時に特に気をつけるポケモンを記載 カバルドン…できるだけアシレーヌを投げたいが、取り巻き次第ではマフォクシーで誤魔化す選出をすることもあった。 ギルガルド、サーフゴー…できるだけドドゲザンを投げたい。 イダイトウ…ドドゲザン+水半減を投げたい。 バシャーモ、ルカリオ…ブリジュラス、ドドゲザンはあまり投げたくない。2匹同時選出はNG。 ヒスイダイケンキ…アシレーヌを投げたい。取り巻き次第ではフシギバナ@2で見る。 ハッサム…絶対にマフォクシーを投げる。 ピクシー…絶対にドドゲザンを投げる。(もしかしたらフシギバナでもいける？) ブラッキー…アシレーヌか、マフォクシー+ドドゲザンを投げる(鬼火を入れるとイカサマのダメージを抑えつつ剣舞を積める)。 スコヴィラン…取り巻き次第だが、ブリジュラスを絡めたい。 マンムー…初手マフォクシー。 他に思い出したら追記するかも 重いポケモン アシレーヌ、ダイケンキ、ミトム、ムクホーク、ハラバリー、ソウブレイズ、ドリュウズ、エンペルト等 結果 最高レート252X最終レート2503 最終27位 感想 最終日の夜にレートを100溶かし、そこから全然戻せず苦しかったですが、なんとか最終的にはそれなりの順位に乗せることができて安堵しています。 これからしばらくポケモンやるつもりはないですが、次やる時は一桁取れるように頑張りたいです。 何かあればTwitterまで @Ligg_byle ポスト L Lig L Lig ポケノート ツール サポート 記事一覧 チーム管理 お問い合わせ 記事検索 記事一覧 記事検索 チーム管理 お問い合わせ
M-4,【M-4最終31位】ほろゲンサイクル - A級機関,https://www.puni-perpetual.com/entry/2026/08/06/201715,【M-4最終31位】ほろゲンサイクル - A級機関 A級機関 ゲーム攻略メインのブログです。 MENU ホーム ゲーム攻略 ポケモン記事 お問い合わせ トップ > ポケモン記事 > 【M-4最終31位】ほろゲンサイクル 2026 - 08 - 06 【M-4最終31位】ほろゲンサイクル ポケモン記事 チャンピオンズM4にて最終31位を達成した構築を紹介します。 使用構築 構築経緯 個体解説 アーマーガア ゲンガー ブラッキー ライチュウ イダイトウ♂ ガブリアス 選出 対処が難しいポケモン ヒスイダイケンキ 珠剣舞聖剣ガルド 結果 使用構築 構築経緯 M-3の上位構築を踏まえて、以下の内容を満たす条件で構成したいと考えた。 ①鉄壁を含めたメガメタグロスを安定して対処できる ②ハラバリー絡みのサイクル構築に有利を付けられる ③ミミッキュに対して後投げから対処できるポケモンを採用する まず、③を満たすポケモンは限られており、その中では アーマーガア が最も単体性能が高いと考え採用した。 アーマーガアの強みである対面操作を強く活用できるメガ枠として、メタグロスにも強く出られる メガゲンガー を採用した。 メガゲンガー入りで構築を組む以上、ゲンガーミラーで後投げをする選択肢は必須だと考え、さらにこの2体で重めなスカーフサザンドラにも安定して後投げできる ブラッキー を採用した。 アーマーガア+ブラッキーの組み合わせを破壊できるポケモンを複数体選出できない構築に対して、メガゲンガーで1:1交換を仕掛けることで戦況が圧倒的有利になると思い、この段階でメガゲンガーの型を1:1交換に特化した「滅びの歌+道連れ」にすることを決定した。 この3体では②を十分に解決できていないため、2体目のメガ枠で対応したいと考えた。 この枠でもメタグロスにある程度戦えることが好ましかったため、S110以上の特殊メガシンカを候補とした際に、避雷針+身代わり悪巧みでハラバリーを完全に起点にできる メガライチュウY に目を付けた。 ここまでの4体ではバシャーモ、ウルガモス、マフォクシーが非常に厳しいため、それらに強い 雫イダイトウ♂ を採用した。 A特化雫アクアジェットをもってしてもこの3体に確1を取ることはできないため、ラスト1枠は設置技を撒けるポケモンが好ましい。 そこでステロ撒き要員として、どちらのメガリザードンにもそれなりに戦え、単体性能、型の匿名性も十分に高い 襷ガブリアス を採用し、構築が完成した。 個体解説 記載は採用順 アーマーガア 205(32)-107-172(32+)-x-107(2)-78(-) アイアンヘッド/とんぼ返り/ビルドアップ/羽休め 特性：プレッシャー 持ち物：オボンの実 ミミッキュへの対応力を重視すると技構成はこれ以外考えられなかった。 アシレーヌに後攻蜻蛉→ライチュウ着地の動きをしたい時があるため最遅とした。麻痺した最速メガフラエッテを抜くことができないことで困った試合が数戦あったため、性格については検討の余地あり。 ゲンガー 149(14)-x-100-210(20)-115-200(32+) シャドーボール/守る/道連れ/滅びの歌 特性：呪われボディ→影踏み 持ち物：ゲンガナイト 調整意図 H-D 特化ブリジュラスの流星群を確定耐え S ミラー意識で最速 C 余り できるだけ高く 幅広い範囲に1:1交換をすることを目的としたポケモン。メガニウム、フシギバナ、クチートが見えた際や受け構築には基本的に選出する。 攻撃技はシャドボのみではあるが、目の前の敵にできる限り大きなダメージを与えたい場面が多かったため、最低限の耐久振りとし残りをCに割いた。 バナブラッキーが少し流行していたが、バナを滅ばせることで簡単に崩すことができたので環境的にも刺さっていたと感じた。 ブラッキー 202(32)-x-166(21+)-x-163(13)-85 イカサマ/守る/どくどく/月の光 特性：精神力 持ち物：食べ残し 調整意図 H-B 特化ギルガルドの+2聖なる剣を最高乱数切って耐える D 余り できるだけ高く ブラッキー単体で相手をできる範囲を広げるためにどくどくを採用。 技構成の関係上、実際の所ゲンガーと対面させることは極力避けたい。 特殊と物理両方を相手するために上記の配分とした。カイリューやサザンドラがいる構築には選出するが、対サザンドラは身代わり悪巧みを考慮すると念の為にゲンガーもセットで選出したい。 運や型次第ではアシレーヌや欠伸ニンフィアにも勝ってしまうかなり危険な存在。 月の光よりも願い事の方が明らかに立ち回りに幅を持たせることができるが、プレイングの難易度を考慮して月の光で一旦使用した。願い事であれば勝てた試合が多ければ変更する予定だったが、シーズン全体を通して月の光による明確な負け試合は無かったように思う。 ライチュウ 137(2)-x-75-212(32)-100-200(32+) 電磁砲/気合玉/身代わり/悪巧み 特性：避雷針→ノーガード 持ち物：ライチュウナイトY 当初スターミー抜きで余りをHPに振っていたが、ミラーやゲンガーにワンチャン作れるメリットの方が大きいと判断してCSに振り切った。悪巧みを積んでいない状態でのガブリアスへのダメージを考慮するとCを削ることはできなかった。 ハラバリー絡みのサイクルを破壊することを理由としての採用だったが、イダイトウやアーマーガアの対面操作技と絡めることで様々な構築へ無理なく選出することができた。 身代わりはハラバリーを起点にするだけでなく、パイロットがバ〇ビーさん以外のドドゲザンに対して有利に立ち回ることが可能。結果としてライチュウを選出できる範囲が広がった。 イダイトウ♂ 195-180(32+)-114(29)-x-95-103(5) ウェーブタックル/アクアジェット/クイックターン/氷の牙 特性：適応力 持ち物：神秘の雫 調整意図 A 最大限負荷をかけるため全振り B 余り 特に対ガブリアスとミミロップを意識 S 準速ドドゲザン抜き バシャーモが見えた場合は基本的に選出していた。 後攻クイタンで対面に大きな削りを入れながらゲンガーやライチュウを着地させる動きが強い。 氷の牙の枠はお墓参りで使用していたが、初手ステまきガブリアスに対してウェブタで相打ちする展開があまり嬉しくなかったため、反動ダメがない氷の牙を採用した。 お墓がないことによる負け試合もあったが、それ以上に終盤増加したガブニンフへの勝率が改善した。 ドドゲザンにアクジェを当てたいことが多かったためSに少し振っている。己にバ◯ビーさんを宿すことでイダイトウ単体で突破してしまうこともあった。 ガブリアス 185(2)-200(32+)-115-x-105-154(32) ドラゴンテール/地震/岩石封じ/ステルスロック 特性：鮫肌 持ち物：気合の襷 ここまでの5体と異なり明確な採用理由がなく、自分の練度不足もありシーズン終了までにガブリアスと本構築の強いシナジーを見つけられなかった。型やポケモンを変更するならこの枠だと考えている。 一応、重めなカメックスやギャラドスにドラテや岩石で抗え、サーフゴーやドドゲザンにも強い点は構築と噛み合っていた。 選出 論理的に破綻していない選出を心がけ、相手が何を出してきたとしても勝つことを意識する。 まずアマガブラッキーゲンガーで勝てそうかどうかを検討していたが、大体無理か引き分け濃厚という結論になるため、その場合は自分の中での規則に従って選出する。 選出ルールは組み合わせによって細かく変わるため全てを公開することは難しいが、その中でも優先度が高いものを以下に記載する。 【(ほぼ)絶対選出】 アーマーガア：ミミッキュ ブラッキー：サザンドラ、カイリュー イダイトウ：バシャーモ ゲンガー：フシギバナ、メガニウム、クチート ライチュウ：ハラバリー 選出枠が余ったら広い範囲に1:1交換できて腐りづらいゲンガーを選出。逆に選出枠が足りない場合は、ガブリアスを絡めることで脆さは出るものの枠を圧縮できることが多かった。 対処が難しいポケモン ヒスイダイケンキ イダイトウを出すリスクが非常に高くなるうえ、剣舞聖剣を考慮すると受けでの対応も厳しい。 先制技がメガ枠とイダイトウに刺さる。 珠剣舞聖剣ガルド ダイケンキと同様の理由。 ブラッキー+アーマーガアで受けられない、メガ枠とイダイトウが簡単に影打ちで縛られてしまう。 電磁砲を当てればイダイトウやブラッキーで対処できるが、その展開を作れるように試合を運ぶ難易度が高い。 結果 TNぷ　最終31位　レート2490.611 TNブロヴーダ　最終102位　レート2433.698 puni_poke 2026-08-06 20:17 関連記事 2021-03-15 【DQMSL】ザオリク卵考察会(2021年3月) 2021年3月現在、合計6個の「ザオリク」超マスターエッグが配布… 2020-08-26 【イルルカSP】段位戦マスターD到達！（両面スモボ） イルルカSPの段位戦でマスターDランクに到達することができまし… 2019-06-07 【DQMSL】GP歴4か月でウィークリー3位！物質＆悪魔マスター獲得【系統杯】 系統杯第一ターム、物質＆悪魔系の全ステータスが20％アップす… 2019-03-04 【DQMSL】竜王杯GP 1週目 ラプマジンガエビプリの未来は...！【W140魔王1体制限】 先週から竜王杯が復刻開催されていますね。 私は昨年9月頃からD… 2019-03-01 【DQMSL】5周年杯GP S以下オムドパ ポイント17000~【S以下限定W90殿堂】 S以下GPの備忘録的な。 ランク 5周年の花嫁☆3 最終ポイント 170… スポンサーリンク スポンサーリンク 【FE烈火の剣】ヘクハー評価S攻略　感想と… » カテゴリー FE風花雪月 (41) イース セルセタの樹海 (27) DQB2 (25) DQMSL (8) 風来のシレン (8) P5R (6) ポケモン記事 (5) プロフィール id:puni_poke はてなブログPro 読者です 読者をやめる 読者になる 読者になる このブログについて 人気記事 このサイトについて お問い合わせ プライバシーポリシー 引用をストックしました ストック一覧を見る 閉じる 引用するにはまずログインしてください ログイン 閉じる 引用をストックできませんでした。再度お試しください 閉じる 限定公開記事のため引用できません。 読者です 読者をやめる 読者になる 読者になる
M-4,포챔스 M-4 최종 32위 파티글,https://blog.naver.com/jiwon0523-/224370132778,싱글배틀 유저 : 네이버 블로그
M-4,ポケモンチャンピオンズM-4シングル最終33位最終レート2485欠陥スターピクシー｜hoosedeer,https://note.com/fair_ferret658/n/ncb4d10e93635,"ポケモンチャンピオンズM-4シングル最終33位最終レート2485欠陥スターピクシー｜hoosedeer 投稿 ログイン 会員登録 ポケモンチャンピオンズM-4シングル最終33位最終レート2485欠陥スターピクシー 22 hoosedeer 2026年8月5日 21:21 初めに hoosedeerです 今回はチャンピオンズで初めて最終2桁に残れたので記事を書きます 普通にガチ欠陥構築なので参考にはしない方がいいと思います コーディネートチーム 構築経緯 珠サーフゴーが眼鏡サーフゴーの幻影を追いつつ受けをボコボコにできて †最強†ではないかと思い込んだので珠サーフゴーから組み始めた 次にサーフゴーに強い一般枠のガブリアスやシャドクロミミッキュ サザンドラなどに強い天然HBメガピクシーと メガ枠でサーフゴーに強いリザードンやゲンガーなどを 上から倒せるスカーフガブリアスを採用 この並びだと水とゴーストが一貫しており ガルドやメガスターミーにボコボコにされるのが容易に想像できるので 水とゴーストを半減にできてギルガルドとスターミーに後投げができる ヒスイダイケンキを採用 後投げ回数を増やすため持ち物はオボン マスカーニャが少し重く感じたためそこにほぼ無限に後投げができて 汎用性のあるポケモンとして残飯ブリジュラスを採用 最後にこの並びだとメガフラエッテとメガバシャーモが積んで殴ってるだけで負けかねないことに気が付いたので フラエッテを上から高火力で殴れてH2メガバシャーモを ちょうどステロ+アクジェで倒せるメガスターミーを入れて完成となった ポケモン スターミー スターミー 持ち物 メガストーン 特性 自然回復 → 力持ち 性格 ようき メガ前:141(6)-127(32)-106(1)-x-105-178(27+) メガ後:141(6)-152(32)-126(1)-x-125-183(27+) アクアブレイク/サイコカッター/ビルドアップ/アクアジェット 調整 HB 陽気メガルカリオのインファ+神速2連最高乱数切り耐え A 火力が欲しいポケモンなので全振り S 準速130族抜き メガルカリオ抜き抜き抜き調整 高速高火力メガ枠 フルアタがテンプレだからかどいつもこいつも舐めた守るをしてくるので そこに強いビルドアップを入れてみた アクジェのリーチが伸びたりして結構使用感は良かったが 普通に技スペが足りないとは思う 使ってて何回もスピナーケアしろ クイタンケアしろって叫んでました ダイケンキ(ヒスイ) ダイケンキ(ヒスイ) 持ち物 オボンのみ 特性 きれあじ 性格 いじっぱり 197(32)-159(17+)-107(7)-x-86(1)-114(9) ひけん・ちえなみ/せいなるつるぎ/ふいうち/つるぎのまい 調整 H 耐久重視で全振り A 補正のみ無振りブリジュラスが聖剣で確定2発 B 特化メガハッサムのとんぼがえり確定耐え D C194(特化サザンドラ,ブリジュラス)流星群確定耐え S 準速60族抜き抜き 過労死枠 ゴースト半減がこいつしかいないので 相手にイダイトウがいる時点でこいつの選出がほぼ確定する 剣舞がギルガルドの舐めたキングシールドに対する回答になって強かった H振りオボンなので普通にそれなりに対面性能もあって結構使いやすかった サーフゴー サーフゴー 持ち物 いのちのたま 特性 おうごんのからだ 性格 ひかえめ 189(27)-x-116(1)-187(17+)-112(1)-124(20) ゴールドラッシュ/シャドーボール/わるだくみ/じこさいせい 調整 H 10n-1 C 11n h1メガマフォクシーがシャドーボールで確定1発 S 最速60族抜き 軸として組んだはずが気付いたら選出率最下位になってた金持ち 主に受けやバトンパ ピクシー入りなどに投げます 珠巧みサーフゴー自体あまり数が多いポケモンではないので ケアされることが無くメガフシギバナみたいな巧みゴールドラッシュなどの 攻撃を1発は耐える想定の相手をワンパンできたのがすごい強かったです ブリジュラス ブリジュラス 持ち物 たべのこし 特性 じきゅうりょく 性格 ずぶとい 197(32)-x-165(+)-145-116(31)-108(3) りゅうせいぐん/ラスターカノン/ステルスロック/ほえる 調整 H 耐久重視で全振り D 臆病32メガライチュウYのきあいだま確定耐え S ミラー意識 普通のステロ残飯ブリジュラス 大体なんでも1発は耐えるので実質襷ステロ枠みたいな気分で使ってた HDに振ってるので特殊でも等倍技なら基本2発は耐え反撃のラスカ流星で メガゲンガーやメガゲッコウガなどのメガに対面を勝つこともできる 意味不明な数値してて使ってて楽しかった ガブリアス ガブリアス 持ち物 こだわりスカーフ 特性 さめはだ 性格 いじっぱり 195(12)-187(20+)-115-x-108(3)-153(31) じしん/げきりん/がんせきふうじ/ステルスロック 調整 H 特化ミミロップのトリアクを96%で2発まで耐える(大体逆鱗で対面勝てる) A 11n ステロorまきびし一回+逆鱗でH2メガゲッコウガが最低乱数以外死ぬ D 臆病32リザYの晴れウェザーボールを2耐え S 準速100族抜き ちょっと耐久に振ったスカーフガブリアス スカーフで大体の相手を上から殴れるので 出したら必ず何かしらの働きはしてくれた 環境にいるスカーフガブリアスがAS全振りしかいないので スカーフガブリアスミラーで同速は全部負けたが 切りで勝ちの場面以外は引けばいいだけなのであまり困ることはなかった メガニウムが重いのでステロをどくづきに変えるのも考えましたが ステロのおかげで勝てた試合もそれなりにあるので何が正解かは知りません ピクシー NNをPixivにするかmixiにするかで9時間悩んだ ピクシー 持ち物 メガストーン 特性 てんねん → マジックミラー 性格 ずぶとい メガ前:202(32)-x-137(32+)-115-112(2)-80 メガ後:202(32)-x-159(32+)-155-132(2)-90 ムーンフォース/コスモパワー/アンコール/つきのひかり 調整 物理に後投げする想定なのでHBあまりD なぜか俺以外誰も使ってるのを見たことがないコスパアンコピクシー 通常コスパピクシーの弱点として挑発などに弱いというものがあり それを克服したのがマジックミラーであるメガピクシー ピクシーでメガを切ればもう天然では無いので 当然相手は積み技をするわけですが そこにアンコールを合わせることで非常に愉快な気持ちになれます メガピクシー自体Cが135もあるので無振りでも3回殴ったら 耐性のない積みポケモンは大体倒せます 耐性のある鋼タイプや炎タイプなどは裏のガブリアスで倒せます アンコールを持ったピクシーの型で一番多いのが初手の起点作成型なので 裏から出して耐久するピクシーのアンコールはケアされにくく 竜舞してくるギャラドスなどにアンコールを撃つ動きはよく通りました 物理受けをこいつに一任してるのでたまに2メガ選出もしましたが 自身に飛んでくる鋼技を1発耐えてアンコールし メガスターミーのビルドの起点にする動きなども強かったです 重いポケモン ミミッキュ マジで重い ピクシーとブリジュラスが勝てる顔をしているが ブリジュラスは剣舞に後投げ無理だしピクシーは呪い無理だしで 全対応ができてない サザンドラ やや重い ピクシーさえ出してれば全く怖くないが スターミーダイケンキブリジュラスみたいな選出した瞬間すごいことになる 7割くらいの試合はステロとダイケンキと気合いでどうにかしてた メガメガニウム かなり重い ブリジュラスもサーフゴーも上を取られてると対面負けるので 安定して確実に勝てるみたいなのが存在しない ほぼ毎試合初手に出されてたのでそこにブリジュラスを合わせて ステロ吠えるラスカみたいなので削り入れるのが主な対処法 一応メガピクシーでコスパで耐久しつつアンコール絡めて勝てなくもない 初手襷キラフロル やばい 無理 覚えてる限り9割は負けてる 対面勝てるスターミーとガブリアスはどくびしを確実に撒かれ どくびしを撒かせないサーフゴーとブリジュラスは上から大地で対面負ける 当たらないことでしか対策できてなかった気がする メガはスターミーとガブリアスで上からしばけるのであんまり重くないです ブリジュラス すごい 種族値600で殴ればBが上がるのに特殊で殴ればミラコが飛んできて起点にしようとすればドラテ吠えるされる多分居酒屋で考えたポケモン 安定して勝てそうなのがサーフゴーしかいないので サーフゴーを出してないときは基本2体がかりで倒してた メガフラエッテ 引けない 受かんない マジでやばい スターミーとガブリアスで上から頑張って殴り殺すのが主な対処法 一応サーフゴーの珠ゴールドラッシュでなんとかできないこともない 相手のドドゲザンとかに向けて出したダイケンキが 不意圏外のこいつと対面した瞬間試合が終わる メガルカリオ 引けない 受からない スターミーとガブリアスで上から処理できるが 基本的に相手がそうならないように動いてくる マスカーニャと組んでることが多く そこに対して出したブリジュラスと対面した瞬間俺のポケモンが一体死ぬ 感想 シーズンM-1で最速2500載せて調子乗ってたらそこから3シーズン連続4桁で ちょっと前に序盤元気でイキってただけの雑魚でしかなかったので なんとかまともな結果を出せて嬉しい 久しぶりに最終日上位で戦えるポケモンができてすごく楽しかった でもなんでこんな欠陥まみれの構築でここまでやれたかはよく分かってない ダウンロード copy いいなと思ったら応援しよう！ チップで応援する #ポケモン #ポケモンチャンピオンズ #構築記事 #サーフゴー #ガブリアス #ブリジュラス #メガスターミー #ヒスイダイケンキ #メガピクシー 22 hoosedeer フォロー ポケモンsvシングル S11 55位 s13 130位 s20 32位 s21 48位 s24 30位
国語力がゴミカスです
noteではポケモンの何かを書きます トップ ゲーム RPG (ロールプレイングゲーム) noteプレミアム note pro ヘルプ プライバシー クリエイターへのお問い合わせ フィードバック ご利用規約 通常ポイント利用特約 加盟店規約 資金決済法に基づく表示 特商法表記 投資情報の免責事項"
M-4,【M-4最終34位】ブリムキホークwithヒョロガリ【シングル】 - ふかふかの深み,https://fukada1215.hatenablog.com/entry/2026/08/09/105819,"【M-4最終34位】ブリムキホークwithヒョロガリ【シングル】 - ふかふかの深み ふかふかの深み 読者になる ふかふかの深み 2026 - 08 - 09 【M-4最終34位】ブリムキホークwithヒョロガリ【シングル】 初めましての方は初めまして、ふかです。 前々日まで1桁〜10位代をキープしてた、 ビルドムクホーク軸の構築になります 性能に惚れてM-B初日から使い込んでました。 仕事の関係で1日2時間潜るのが体力的にも 限界なので、最終日水曜固定は まだまだ慣れませんね… 【最終結果】 TNおせチーズ→ルーデウス 最終34位 レート2485.136 【使用構築】 レンタルID:FVALPQ3VMF 【構築経緯】 メガムクホークの能動的な要塞性能に注目したが、回復技持ち物理受け勢に容易に受けられることが想定できたため、足りない火力を補える ビルドアップ型 を採用した。 次に、ビルドアップを楽に積めるように、両壁を貼れるポケモンから、挑発、ソルクラで相手の展開を防ぎながら起点作りできる オーロンゲ を採用した。 少しでも足りない火力を補うため、ステロ撒菱ドラテ持ちの ガブリアス を採用し、一旦この3匹を軸とした。 ムクホークがきつい並びとして、速い特殊（ゲンガー、ライチュウ、マフォクシー、ゲッコウガ）+霊が挙げられるので、これらに偶発対面した時に有利を取れる、 スカーフヒスイダイケンキ を採用した。 ここまでで、フェアリーの一貫や、少しでも上記速い特殊メガの選出の抑えておきたかったため、 メガマフォクシー を採用した。 最後の1枠は、オーロンゲ、ガブリアスあたりをみて、初手のアシレーヌが投げられることが多かったため、意表をつきながら処理できる 珠ウドハンミミッキュ や 珠キラフロル などをコロコロ回して使っていた 。 ここまでで、壁＋ムクホークが理論上強かったが、オーロンゲ＋ムクホークで選出すると、最後の決め手がムクホークに一任する形になり、被弾回数が増えて運負けに苦しむ場面が増えた。 （にしても、M-3では1発麻痺、凍りは数え切れないぐらい引いて、運の悪いシーズンだった） M-4では、オーロンゲの壁展開を捨てて、Wエースの形を目指して構築を組み替えた。 壁がなくなったことで、初手アシレーヌ、ゲッコウガなどに安定してステロ撒きを行うことが難しくなったため、ステロ撒きをガブリアス→ HDブリジュラス に変更した。 残り１枠は、クルクル回していたミミッキュとキラフロルを同時採用して回したら、感触が良かったため、珠ミミッキュと襷CSキラフロルを入れて、構築が完成した。 【個体解説】 H 16n-1 S 最速 D 特殊技意識で余り全振り(具体的には、メガゲッコウガの冷Bなどの乱数が動く） メガ前は耐久が無さそうに見えて、威嚇＋ビルドのBアップで、Sの遅い物理相手は、メガクチートですら起点対象。 特に、非ビルドではガン不利になる、ミミッキュに対して滅法強く、後出しから起点にすることも可能。 本来なら安定となるインファ読み霊引きに対して合わせることでも、大きなアドバンテージを得ることができた。 状況によってはビルドにこだわらず、メガ切って荒らして後ろのミミッキュ、ダイケンキを通すプレイングの選択肢を取ることも重要。 選出画面で相手に出したくなくなるのは、ライチュウ、アーマーガア、ゲンガー、ラウドボーン、ピクシー。 S 準速60族抜き(襷アシレーヌ意識), 同族意識で速め(上からドラテを押すため) HBD 余りを満遍なく 最恐の起点作り。 基本ワンパンで落ちることがないので、ステロ＋ドラテで裏を見つつ荒らしたり、高速アタッカーは電磁波で足を奪ってムクホークのサポートなどに徹した。 また、1試合で打てるアイへの数がバグっており、構築に足りない上振れ要素を満たしているポケモンでもあった。 特に大事なのが、こいつを倒しに来るギルガルドの型の判別であり、 ①物理→ムクホークで起点、②特殊→裏で対処の選択を試合中に取るのがポイント。 普通の珠ミミッキュ シャドクロとウドハンは選択だが、増えていたサーフゴー意識でシャドクロ。 ムクホークとのダブルエースを担うだけではなく、オーロンゲを抜いたことで重くなった初手ガブに対して、ミミッキュを合わせることで、ステロを撒かせることなく突破することが可能。(ステロなら、皮が残る) ムクホークを見て出てくる速い特殊、霊に対して強く出れるため、攻めの補完が取れていた。 同じく、ムクホークを見て出てくる速い特殊、霊に対して能動的にまきびしを撒けるのが強み。 ブリのドラテとも非常に相性がいい。 また、メガルカリオ、メガミミロップ、メガゲッコウガあたりを聖剣で縛れるのもよし。 アクアカッターではなくシェルブレードにより、物理偏重の構築であるため、Bダウンが裏の補助にもなるのと、上振れで物理受けを崩すことも可能になる。 ピクシー、ハラバリー、やどみがエルフーン、 まもみがペンドラー あたりを意識したサイコノイズを採用。 特にピクシーに対しては、後出しからかえんほうしゃ→サイコノイズと入るだけで簡単に処理することができる。 マジカルシャインは草結びと選択だが、炎半減の悪組（サザン、ダイケンキあたり）に重宝した。 みがわりは、アマガサイクルに対してアマガマフォクシー対面を作り、蜻蛉に合わせて貼ることでサイクル崩壊を狙える。 あまり信用して出しすぎると頼りないポケモン ヘドウェとヘドロ爆弾は選択。（追加効果期待でヘドロ爆弾にしてたつもりだった） ガブの後出しや、サザン居座りを許さないマジカルシャイン カバへの打点のエナジーボール ブリ、ガルド、サフゴあたりの鋼意識のだいちのちから どれも切れなかったため、フルアタ採用 ステロ、パワージェム、ニードルガードあたりも欲しかったが、切るとしたらマジカルシャインか？ 【基本選出】 ブリ＋ムクホーク＋@1 ブリで荒らせそうな構築はだいたいこれ マフォクシーも出したい時は2メガ選出もごく稀にしていた。 フロル＋メガ枠＋@1 ルカリオ、ミミロップ入りには基本フロルを投げたい。 途中でクルクルしてた影響か、臨機応変に選出していた。 【重いポケモン】 ・メガライチュウ ガブ抜いたせいで電気の一貫がものすごくて苦戦を強いられる。 ・スカーフ水ロトム ムクホークが事前に積めてないとかなり無理。 霊とハッサムと組んでるやつがきつすぎた。 【感想】 最終日前日までの感覚としては1桁取れそうなシーズンではあったが、 絶賛繁忙期のため仕事の疲れの蓄積で1戦目から勝てる試合をプレミ、その後押しミス、時間切れで勝ち試合を3試合負けにしたあたりから、今日は無理と悟り、30位代着地...。レート実質90くらい損しましたよ...。 最終日に勝ちきれないシーズンが続くのがなかなか応えますね。 社畜の中では頑張ってる方だと思うので、同じ社畜勢の方、専業勢に負けぬよう頑張っていきましょう！ まずは水曜日固定、廃止求む。 【スペシャルサンクス】 ・はるちー 同じ軸を擦り続けてくれた。 勝ってくれてたので、自信持って最後までムクホークを握り続けることができた。 ↓記事 note.com fukada1215 2026-08-09 10:58 読者になる 広告を非表示にする もっと読む コメントを書く « 自己紹介 【SV S27~29】復活の眼鏡ミライ » プロフィール id:fukada1215 適当に思ったことや構築など 読者です 読者をやめる 読者になる 読者になる このブログについて 検索 リンク はてなブログ ブログをはじめる 週刊はてなブログ はてなブログPro 最新記事 自己紹介 【M-4最終34位】ブリムキホークwithヒョロガリ【シングル】 【SV S27~29】復活の眼鏡ミライ 【SV S19最終4位】積み偽装拘りミライウーラ 【SV S18最終34位】旧式ミライハッサム 月別アーカイブ ▼ ▶ 2999 2999 / 1 ▼ ▶ 2026 2026 / 8 ▼ ▶ 2025 2025 / 5 ▼ ▶ 2024 2024 / 7 2024 / 6 2024 / 5 2024 / 3 ▼ ▶ 2023 2023 / 9 2023 / 6 2023 / 1 ▼ ▶ 2022 2022 / 9 2022 / 8 2022 / 6 ▼ ▶ 2021 2021 / 11 2021 / 10 2021 / 9 ▼ ▶ 2020 2020 / 2 はてなブログをはじめよう！ fukada1215さんは、はてなブログを使っています。あなたもはてなブログをはじめてみませんか？ はてなブログをはじめる（無料） はてなブログとは ふかふかの深み Powered by Hatena Blog | ブログを報告する 引用をストックしました ストック一覧を見る 閉じる 引用するにはまずログインしてください ログイン 閉じる 引用をストックできませんでした。再度お試しください 閉じる 限定公開記事のため引用できません。 読者です 読者をやめる 読者になる 読者になる"
M-4,【MBシーズン2最終36位】竜妖一体カイリュークチートサーナイト構築 - やっすんポケモン対戦記録,https://yassunpokemon.hatenablog.com/entry/2026/08/05/181102,【MBシーズン2最終36位】竜妖一体カイリュークチートサーナイト構築 - やっすんポケモン対戦記録 やっすんポケモン対戦記録 読者になる やっすんポケモン対戦記録 2026 - 08 - 05 【MBシーズン2最終36位】竜妖一体カイリュークチートサーナイト構築 7月のMBシーズン2お疲れ様でした。 やっすん(@yassunbaseball)です。 チャンピオンズで初めて最終2桁を獲得&初めて相棒3体(カイリュー、サーナイト、メガクチート)勢揃いでの2桁なので記念に構築記事を書きました！ この構築と同じベースでマンスリーチャレンジ6月に最終3位も獲得しているので、構築の強さについてはこれで実績で証明できたのかなと思います！ 【シーズン結果】 【使用構築】 【構築経緯】 【個体説明】 ◯カイリュー ◯サーナイト ◯カバルドン ◯マスカーニャ ◯リザードン(Y) ◯クチート 【選出パターン】 【最後に】 【シーズン結果】 TNやっすん　最終36位　最終レート2480 【使用構築】 【構築経緯】 MBルールからメガクチートが解禁され、7世代以来ずっと待っていた自分のプレイングの核となる一番の相棒が使えるようになったため、メガクチートを最大限強く使える構築を組むことを目標として構築を考え始めた。 まず、クチートを使う上での並びから考え始めることにしたが、真っ先に特殊ベースのカイリューの採用を決定。 これは、7世代USUMで使用していた特殊飛行Zカイリュー+クチートの組み合わせの縦の補完が非常に優れていることを知っていたことからすぐに決められたが、現在のルールではZ技による瞬間火力の押し付けができないため、クチートの苦手とする毒、鋼(主にキラフロル)の対して通る両刀型での採用とした。 クチートを使う上では、可能であればトリックルームは構築に採用したいところだが、メジャーなミミッキュ+クチートの並びはクチートを裏に置いて先発で荒らす動きを取れないと上手い相手には通用しないことから却下。 9世代(SV)にてグラードン+癒しの願いサーナイトを使用して結果を残した経験から、先発でエースを繰り出し相手を制圧、クッション性能のあるポケモンを介してトリックルームからエースを再展開する動きが強いことがわかっていたので、トリックルーム始動役としてサーナイトを採用。 癒しの願い+トリックルームを使うことができるポケモンは複数存在するが、その中でもサーナイトは中速帯に位置し、トリックルームを使用しない展開にも柔軟に対応できる点と特性トレースによる立ち回りの幅の広さを評価して採用。 ここまでで軸となる3体が決まったので、クチートと補完の取れるもう一体のエース枠を検討。 この枠に求めるのはクチートが苦手な鋼高耐久ポケモン、メガフシギバナ、鬼火持ちやメガスコヴィランに強いポケモンとなるが、候補としてはメガリザードン、メガマフォクシーの2体を考えていた。 エース枠は癒しの願いとのシナジーも考え、瞬間火力に優れるメガリザードンYを採用することとした。 リザードンとクチートを合わせることにより、ガブリアスを呼び込んでクチートを通す形も組み込むことができ、クチートミラーに対する解答にもなることからこの2体の組み合わせは最良のものだったと思っている。 ここまででエース、一般枠共にまだ相手のガブリアスが重たく、メガメタグロスやメガスターミーといった高速高火力のアタッカーに上から縛られやすい点も問題であったため、ガブに強くリザードン軸に対してステルスロックから展開できるカバルドン、ガブリアスに加えて上記のメガ枠に対して強いマスカーニャの2体を採用して構築の並びを完成させた。 【個体説明】 ◯カイリュー 相棒その1 調整はHB方面をガブリアスのスケイルショットの乱数が変わるBに1振り。 H奇数調整のC特化余りA。 個体も７世代の頃から対戦で使い続けている愛着のある相棒。 メガカイリューにするとクチートとの同時選出ができないため通常カイリューで採用し、足りないダメージは技威力＋達人の帯による火力補正で補っている。 達人の帯があると、例えばH252のメガクチートに対して大文字が約50％の乱数（S振りで少し耐久を削っていれば何もさせず落とせる。）だったり、アーマーガアが対面操作してくるターンに4分の3以上のダメージを与えてクチートの受けを成立させなくしたりなど、ダメージ計算上大きな恩恵を得られる。 また、りゅうせいぐんによって特攻がダウンしている状態でも弱点を突いた場合に相手の想定外のダメージ量を出せたりなど、相手からは想定できない勝ち筋を掴むことにつながりとても優秀なアイテムだった。 現ルールでは通常カイリューを単純な特殊型で採用してしまうとどうしてもメガカイリューの下位互換になってしまうため、カイリューを強く使うために元々高い攻撃数値も活かした両刀型での採用とした。 両刀＋帯の採用により、アーマーガア＋ハラバリーやドラミドロといった数値受けのサイクルを補正込みの両刀火力で崩しに行ける点がエースポケモン2体と非常に相性がよかった。 鋼への打点を炎タイプに一任せず、なおかつ炎タイプが苦手な炎ミラー、ドラゴンに対しても弱点を突いていける点が構築において非常に優秀だった。 ◯サーナイト 相棒その2 調整はHB特化余りD。補正をかけることにより、ステルスロック込みで特化メガバシャーモのフレアドライブレベルの攻撃まで耐えることが可能となる。 8世代（剣盾）のシーズン1で初めて2桁前半を取った時から使い続けている相棒個体。 構築経緯において採用意図は説明しているが、特性のトレースによる立ち回りの幅の広さがこのポケモンの唯一無二の強みとなる。 具体例を挙げると、とにかくギャラドスに対して無類の強さを持つ。威嚇を持っている限り投げるたびに威嚇をしてくれるし、ギャラドス側はメガシンカするわけにいかないので一方的に負荷をかけることができる。 また、実はメガライチュウに対しても一定条件下では強く出られる。相手がミラーの一貫切りや対ハラバリーを意識して避雷針にしている場合、直接あと投げすることでライチュウYからの打点をなくすことが可能となる点がこのポケモンの面白い点になる。 もちろん、カイリューに対してマルチスケイルをトレースしても強いし、タスキがある状態ならメガルカリオに対して適応力をトレースして大ダメージを与えることも可能となる。 こうした能動的に戦術幅を広げていける点が他のトリックルーム始動役にはない部分であり、自分がこのポケモンを構築の軸として採用した最大の理由である。 カイリューと並べた際の縦の並びの補完もよく、ガブリアスに対して強い点が構築全体のコンセプトとも一致していて頼もしい。 元々は非常に防御数値が低いが、特化することにより上記のメガバシャーモクラスの攻撃まで耐えることが可能となり、相手の想定を上回る範囲に対してトリックルームでの切り返しが可能となる。 他では替えが効かない唯一無二の性能を持った相棒枠。今シーズンの結果の最大の功労者。 ◯カバルドン HD方面をリザードンYの特化ソーラービーム耐え、余りB。 クチートを使ううえで、いつも使い慣れているコータスはクチート、リザードンとまとめてガブリアスに弱いことから、今回はクッション役としてカバルドンを採用。 構成はテンプレートの吹き飛ばし採用で、メガムクホークで詰まされないようにしている。 まだまだカバルドンの扱いに長けた上位プレイヤーと比べると付け焼刃な部分は多いが、それを補って余りある単体性能で活躍してくれた。 この構築においては基本的にクッションor削り役としての役割を求めているため、あくびループに嵌めていく動き方よりは的確に狙った相手を削りに行く技選択を心がけることで練度の不足を補って使うことができた。 役割対象が裏にいる場合はステルスロックを優先し、目の前に削りたい相手がいる場合は地震での削りを狙いに行くようにしていた。 ◯マスカーニャ B方面、ステルスロック込みメガルカリオの＋２バレットパンチ耐え、最速、余りA。 目の前の相手に通る技を押し続けて勝つマスカーニャ。 マンスリーチャレンジ7月で記事にした珠マスカーニャの使用感が想像以上に良かったため採用。 元々は耐久に厚くしたスカーフ型（ふいうちの枠をとんぼ返り）で採用していたが、マンスリーチャレンジでの珠採用を経て、マスカーニャが目の前に通る技を打ち分け続けると面白いように相手が崩れていくことがわかり採用。 特性は、メガスターミーやイダイトウに対して常に耐性を持てるようにしんりょくで採用。トリプルアクセルの足りない火力を珠で補って制圧していく。 珠イカサマは純正アタッカー型のメタグロス（鉄壁メタグロスではない個体）を上から1発で倒すことができ、スカーフの悪技では倒されないとみて居座ってくるメタグロスを吹き飛ばして試合のテンポを握ることも多かった。 珠の補正込みでの火力が通常のマスカーニャに対する想定を上回り、相手の受けが崩れて勝ちにつながるケースも多くあった。 このマスカーニャを使っていて一番強いと感じた点が、威嚇などの能力変化に対してトリックフラワーとイカサマという2つの技が非常に強い点にある。 特にイカサマは相手が剣の舞を積んだ場合、半減であっても大ダメージを与えることができるので、剣の舞で裏まで縛ったと思った相手を想定外のルートから崩すことができて非常に強力な技であった。 ◯リザードン(Y) HB→メガクチートの＋２ふいうち（ステロ込みふいうち）確定耐え （※ガブリアス等の不一致岩石封じも確定耐え） C→HD振り補正なしブリジュラスに対してオーバーヒートが乱数80％ S→準速ギャラドス抜き カイリュー、クチートと同じく7世代から愛用している個体。 リザードンも好きなポケモンではあるので、リザクチの並びで勝てたことも嬉しい。 このポケモンに求めるのは高物理耐久相手の崩し、鬼火等の絡め手を得意とする相手を対面から制圧すること。 不利対面を作っても強引に居座って状況を打破するためにかなりB方面を厚く調整している。 とにかくガブリアスが重たくなるため、ガブリアスがサイクル介入してきても通していけるように意識をして調整している。 オーバーヒートの枠を竜の波動、ニトロチャージ、身代わり、原始の力など直近の環境を見ながらカスタマイズして、最終日は最大火力での崩しが最も勝率に寄与すると感じたためオーバーヒートに決めた。 クチートで処理が難しいHB特化カバルドンや物理受けに対して強いのはもちろんのこと、クチートがふいうちで縛りづらい中速帯のそこそこ耐久もあるポケモンを瞬間火力によって破壊できる点が非常に相性が良く使いやすかった。 ◯クチート 相棒その3 調整はHをメガカイリューの特化火炎放射耐え、Sを無振りメガピクシー抜き、余りA。 7世代で対戦を始め、初めて対戦に勝てるようになったときに使っていた一番信頼している相棒。 ポケモン対戦の勝ち方を掴むきっかけになったポケモンなので、またメガクチートと勝つことができて何よりも嬉しい。 技構成は叩き落とすの枠を選択として、初期は雷パンチ（マンスリー6月の3位は雷パンチ採用）、前期最終日は冷凍パンチを採用していた。 今シーズンはギルガルドが明確に数を増やし、さらに毒菱と合わせた身代わり型も数を増やしていたため、カイリューガルドの並びを崩せるように叩き落とすにした。 叩き落とすにすることにより、アーマーガア、ドヒドイデも幅広く相手できるようになり、トリックルーム下でマフォクシーへの打点も確保でき、持ち物ありハッサムに対しても打点が高めなど、クチートの構成としては最も単体性能を発揮できる型となった。 先制技と超火力に積み技が合わさることにより立ち回りの幅が広く、常に相手視点で圧力をかけながら立ち回れる点がやはり唯一無二の性能をしている。 また、サーナイトの癒しの願いがあることで序盤は体力を雑に減らしても何ら問題なく運用できる点が非常に強力だった。 一般的なクチート軸と異なり、トリックルーム一辺倒にならずに立ち回れる点がサーナイトという中速帯から動ける相方と組む最大のメリットとなる。 素早さにかなり努力値を割いているため、サーナイトで削ってトリルをせずに癒しの願いで蘇生するという動きのバリエーションが作れる点が他の癒しの願いの使い手との最大の差別化点になる。 上からの押し付けに対して弱いというトリックルーム始動役の弱点を素早さと先制技で克服してクチートにつなげてくれた。 【選出パターン】 ①クチート＋カイリュー＋サーナイト 基本選出。相手の物理受けにもカイリューで対応が可能で、3体の弱点を綺麗にカバーしているためサイクル戦にも対応できる。 初手のクチートで荒らして相手の出方を見てカイリューかクチートを蘇生するか判断して対応。 ②リザードン＋カバルドン＋＠１ カバリザ選出。太古の昔から強いと言われているので文句なしに強い。 ガブリアスがきつくなるので、＠１をマスカーニャにして誘い出して刈り取ってもいいし、カイリューで無理やり対面突破してもいい。 サーナイトで蘇生したっていい。 なんでもござれ。 ③クチート＋カバルドン＋マスカーニャ サイクル戦特化。この場合は選出順はカバルドンを前にする場合もある。 サーナイトを選出できていないため、誰の体力を優先して維持するかの判断が重要となる。 主にメガスターミーを見た場合にこのパターンで立ち回りたい。 （メガスターミー軸は裏に受けが控えており、基本的にトリックルームの通りがあまりよくないため） 【最後に】 チャンピオンズが始まってから3か月、最終日に思うように勝てずに苦しいシーズンが続きましたが、ようやく自分が納得できる結果を掴むことができてひとまずほっとしています。 特に、今回は初めて相棒として愛着を持っている3体を対戦の環境で最大限強さを引き出して勝つことができて、今までの結果以上に嬉しい気持ちになっています。 （本当はグラードンも使いたいけど） 自分の対戦観として、採用理由を好きだからで決めることだけは絶対にしたくなく、自分のプレイングの最大値を引き出してくれるからこその相棒だと思っているので、替えが効かない明確な強みを見出して自分にしか組めない構築にたどり着けたことが嬉しいです。相棒として使うなら絶対に負けない覚悟を持つというポリシーをまた貫けてよかったです。 9世代後半の伝説2体ルール以降ここまで2桁順位に全く届かずにきていたなかで、ポケモンを通して仲良くなった身内と言っていい間柄の友達みんなが期待と応援を言葉で伝えてくれたことがもう一度どうしても結果を出したいと思う原動力になったので、普段はバカな話しかしないことが多いけど感謝しています。 ようやく上位での緊張感のある対戦での勘を取り戻すことができたので、また最終1桁を目指して頑張りたい気持ちもありますが、年内は仕事が忙しいので無理のない範囲で頑張りたいと思います。 特に構築の壁打ちとかにいつも付き合ってくれるぼんこふと、たまに付き合わせてて迷走してるときに軌道修正してくれるみたらしはありがたいので一緒に頑張っていきたいです。 あとは、同じサーナイト使いで仲の良いナインさん、TDさんが先に2桁を達成していたので追いつけたことも嬉しい。 構築記事に書ける内容には限りがあるので、もし使ってみてわからないことがあれば質問とかしてもらっても大丈夫です。 それでは、シーズンお疲れさまでした。 YassunPokemon 2026-08-05 18:11 読者になる 広告を非表示にする 関連記事 2025-03-01 【レギュGシングル】グラードン構築（最終359位） 【レギュレーションG グラードン構築】 5月からレギュGをやって… 2023-10-01 【S10シングル77位】1桁目指したサーナイトカイリューサイクル 【サナカイリュー＆パオカミランドにヒードラン添え】 1桁から… 2023-05-14 【2023JCS予選最終1749】ダブル式カイリューサーナイト 【第3回予選最高レート1758】 やっすんです。遅れましたが第3回… 2023-03-01 【SVシングルS3最終58位レート2180】サーナイト×カイリューReStart 【相棒と共に】 SVシーズン3お疲れさまでした。 初めましての方… 2021-10-01 【シングルS22最終46位レート2079】癒しのサーナイト＆断崖のグラードン 【相棒と強くなりたいランクマ対戦記】いつものカイリューサー… コメントを書く もっと読む 【MCS2026.7最終82位】カイリュークチート… » プロフィール id:YassunPokemon 読者です 読者をやめる 読者になる 読者になる このブログについて 検索 リンク はてなブログ ブログをはじめる 週刊はてなブログ はてなブログPro 最新記事 【MBシーズン2最終36位】竜妖一体カイリュークチートサーナイト構築 【MCS2026.7最終82位】カイリュークチートサーナイトスタンダード 【シーズン39シングル】天候サイクル式オーガグラードン構築 【S29最終71位レート2026】レギュGシングル結論グラードン構築 【レギュGシングル】グラードン構築（最終359位） 月別アーカイブ ▼ ▶ 2026 2026 / 8 2026 / 7 2026 / 3 ▼ ▶ 2025 2025 / 5 2025 / 3 ▼ ▶ 2024 2024 / 11 2024 / 4 2024 / 2 2024 / 1 ▼ ▶ 2023 2023 / 10 2023 / 5 2023 / 4 2023 / 3 2023 / 2 2023 / 1 ▼ ▶ 2022 2022 / 11 2022 / 10 2022 / 8 2022 / 3 ▼ ▶ 2021 2021 / 10 2021 / 9 2021 / 8 2021 / 5 2021 / 3 ▼ ▶ 2020 2020 / 9 2020 / 7 2020 / 6 2020 / 3 2020 / 2 2020 / 1 ▼ ▶ 2019 2019 / 9 はてなブログをはじめよう！ YassunPokemonさんは、はてなブログを使っています。あなたもはてなブログをはじめてみませんか？ はてなブログをはじめる（無料） はてなブログとは やっすんポケモン対戦記録 Powered by Hatena Blog | ブログを報告する 引用をストックしました ストック一覧を見る 閉じる 引用するにはまずログインしてください ログイン 閉じる 引用をストックできませんでした。再度お試しください 閉じる 限定公開記事のため引用できません。 読者です 読者をやめる 読者になる 読者になる
M-4,【M-4 最終38位】運ゲ土ウィッチ - 華氏451度,https://claris-bradbury.hatenablog.com/entry/2026/08/05/%E3%80%90M-4_%E6%9C%80%E7%B5%8238%E4%BD%8D%E3%80%91%E9%81%8B%E3%82%B2%E5%9C%9F%E3%82%A6%E3%82%A3%E3%83%83%E3%83%81,"【M-4 最終38位】運ゲ土ウィッチ - 華氏451度 華氏451度 読者になる 華氏451度 History is his story. 2026 - 08 - 05 【M-4 最終38位】運ゲ土ウィッチ 【結果】 TN 理光の証明 最終38位 【使用構築】 【はじめに】 シャドバは無印のSTDからやってます。 【構築経緯】 ベース↓(参考元の方が強いです) https://pokesol.app/u/lig/articles/72898173b1678805 ・ステロ+マフォアシレドドゲザン が強そうだったのでそのまま流用。ステロ枠をサイクル参加させられると動きに幅が出そうだったので、ブリジュラスをステロまきびしガブリアスに。 ・ 対面&展開の動きもしたい ので、範囲が刺さりまくってる襷4wゲンガー。ゲンガー+マフォクシー+ドドゲザンの動き。 ・ギャラドスとゲッコウガに勝つメガクチート。メガライチュウと入れ替えつつ使用。どっちも怪しい。 ・例によって構築は最後の最後まで定まらず。特に残りの1枠は、メガクチート、メガライチュウ、スカーフフラエッテ、メガガルーラ、スカーフマスカーニャ、メガカイリュー、ドラパルト、ルカリオ、フシギバナ、スコヴィラン、カメックスなどを最終戦まで1-2戦ごとに入れ替えていた。 【構築概要】 ・鬼火アンコールマジフレマフォクシーで相手にデバフを掛けつつ、ステロまきびしガブリアスで全体を削り、ラスイチドドゲザンでスイープする。 ・マフォクシーで相手にデバフを掛けつつ、残飯アシレーヌとステロまきびしガブリアスでサイクル勝ちする。 ・襷ゲンガーの範囲の広さを活かして初手に投げ、数的有利からマフォクシーで撃ち合い、ドドゲザンでスイープする。 ・無理な相手(ギャラドス、ゲッコウガ)に対して、雷パンチメガクチートを絡めた対面の動きで勝つ。 【個体紹介】(６体目であるメガクチートとメガライチュウの両方を紹介しています) マフォクシー@マフォクシナイト マジフレ/サイキネ/鬼火/アンコ 181(31)-×-104(12)-183(4)-145-190(+19) S:最速メガスターミー抜き C:D1ガブリアスをサイコキネシス×2で撃破 HB:できるだけ硬く ・ウィッチ。鬼火の命中がゲームの勝敗。アンコール択も辛い。運ゲ。とはいえ全ての技が強く、上手く展開できた時は凄まじい働きぶりを見せた。 ガブリアス@オボンのみ ドラテ/地震/ステロ/まきびし 215(32)-150-158(+29)-×-105-127(5) S:S2の1位,S3の3位のガブリアスを抜いている(ドラテガブリアスミラーで自信を持って上から動ける) HB:物理を受けるシーンが多いのでできるだけ高く ・土。まきまきドラテでゲームを作る。相手によっては対面コマとしての動かし方もするので、HP管理が重要になる。ドラテの命中と出てくるモンスターがゲームの勝敗。運ゲ。 ドドゲザン@黒いメガネ 175-205(+32)-141(1)-×-106(1)-102(32) ドゲザン/不意打ち/アイアンヘッド/剣の舞 S:アシレーヌ、メガハッサム、アマガ、ミラーなどを意識して振り切り ・飛び道具。タイプ相性を超越し、半減すら乗り越え全てをスイープする。ステロまきびしドラテの回数を上手く稼げると、剣の舞が不要になる展開もある。不意打ちのppが少ないせいで、あらゆるゲームに常に負け筋が付きまとう。運ゲ。 アシレーヌ@食べ残し 177(22)-×-94-183(+19)-136-103(23) ムンフォ/波乗り/アクジェ/身代わり S:準速ドドゲザン抜き HP:16n+1(食べ残しの効率が最も良い) C:残り全て ・ドドゲザンが通せなさそうな時のアタッカー。本構築唯一の実力枠。その役割を重く見て、CSにガッツリ割いている。長くSラインを94で使用していたが、同速が起こったためいっその事としてドドゲザン抜きまで振った。 ・みがわりで自主的に激流圏内に入りつつ暴れる動き、通称「復讐モード」が強かった。食べ残しが発動すると、カゴ/ラム/みがわりをケアされなくなる点も良かった。 ・水技は波乗りを推奨。鬼火を入れた相手をアリアで治してしまうと大変なことになる。ちなみに変え忘れてたので自分はずっとアリアで使っていて、謎のアリア読み火傷に受け出しとの択をやらされた試合があった。ほな運ゲか…？ ゲンガー@きあいのタスキ 137(2)-×-80-182(32)-95-178(+32) シャドボ/ヘドウェ/きあいだま/こごえるかぜ S:陽気襷ガブリアスにスケショでワンパンされると本当に悲しいので補正 ・対面選出のキーマン。範囲が最強すぎて全てを破壊した。 ・呪われボディで無理やり起点を作るのも強い。未必の起点作成。生きてるだけで起点作り。 ・重すぎるゲッコウガはこいつで見ていた。当然安定しないためめちゃくちゃ負けた。貢献度と戦犯度がどちらもナンバーワン。 ・言うまでもなく、運ゲ。 クチート@クチートナイト 133(8)-171(+31)-145-×-105-115-97(27) じゃれつく/不意打ち/剣の舞/雷パンチ S:メガハッサム抜き抜き ・耐久が低く、足が遅くて、先制技が半減されやすく、弱点が明確で、常に択になり、命中不安。トリルがないと本当に扱いづらいと感じた。 ・とはいえ選出した試合では雷パンチ麻痺を引いてくれたり、不意打ち択を全部当ててくれたりして活躍はした。とはいえ明らかに構築にフィットしていない。 ・メインウェポンが不意打ちなので、当然運ゲ。 ライチュウ@ライチュウナイトY 137(2)-×-75-212(32)-100-200(+32) 電磁砲/きあいだま/くさむすび/みがわり S:1舞意地っ張りギャラドス抜き メガスターミー、メガゲンガー、メガマフォクシー、メガミミロップなどを意識。 ・""勝つ""のは俺だ…！シルヴァリオ ヴェンデッタをよろしくお願いします。 ・ステまき+特化電磁砲でサイクルを破壊する。いただきものの色違い個体を使ったのですが、とても色違いの似合うポケモンで可愛かったです。 ・ギャラドス対策として入れたが、普通に陽気に1舞で上を取られて塵も残らない。対策とは…？ ・ライチュウ居るからアシレーヌ出すな‼️と言い張って、アシレーヌガン無視選出を行った。アシレーヌを出すならガブリアスとセットなので、襷ゲンガーとのシナジーがいいと思っていた。 ・現実は普通にスカガブを出されて全員スカーフ地震で吹き飛んで負ける。 ・全部の技が必中！ ↑すごく実力のような顔をしているが、有利対面で電磁砲を打つことはほぼないので運ゲ。 【重いポケモン】 ガブリアス マフォクシーで鬼火打つぞ〜！→初手から運ゲ、当たってもラムだとそのまま終焉 ゲンガーでこごかぜするぞ〜！→スケショ4発で終焉 ドドゲザンで勝つぞ〜！→耐久に振られていると剣舞不意打ちが届かない アシレーヌで勝つぞ〜！→わずかでも削られたらもう耐えない 終わりだよ アシレーヌ マフォクシーでマジフレ打つぞ〜！→別に水技もフェアリー技も全員痛い ゲンガーで勝つぞ〜！→ヘドウェを耐えられて対面負ける カバ見えたら出すことすら出来ない ドドゲザンでアイへするぞ〜！→2発耐えられる。剣舞したらアンコールもらう。 ガブリアスでなんとか…→勝てるはずもなく。 ライチュウで勝つぞ〜！→ガブリアス登場！！！！！！！！！！ 終わりですよ カバルドン マフォクシーで…→でもあくびがキツいですよね？ ガブリアスで…→でもあくびがキツイですよね？？ ライチュウで…→地震‼️ ドドゲザンで…→地震‼️‼️ ゲンガーで…→地震‼️‼️‼️ 終わりだって‼️‼️‼️‼️ ギャラドス 負けだ マッチングを避けられないわたしが悪いです 他にも必敗はたくさんいます。イダイトウとかカイリューとかドラパルトとかバシャーモとかスコヴィランとかフラエッテとか…。 書いてて思ったけど悲惨すぎる。間違いなく自分の人生史上1番弱かった構築だと思います。 【総括】 なんとか2桁まで漕ぎ着けることができて良かったです。構築は過去一酷かったし、発熱もある中だったので、とても嬉しい。 tn理光の証明なので、アバターはエーデルワイスを意識しました。 Claris_bradbury 2026-08-05 22:17 読者になる 広告を非表示にする 関連記事 2026-06-17 【M-2最終46位】大 崎 ア マ ガ 【結果】TN 大崎アマガ 最終46位 【使用構築】 【はじめに】特… 2026-05-13 【M-1最終38位(2703)】枯れない世界と終わる花 【結果】tn YuiKa 最終38位 【使用構築】 レンタルID:5MHSN815W… 2026-04-01 【SV S40最終86位】銀の光はすべて星 【はじめに】銀閣寺の方が好き。今回はソウルシルバー型ルギア… 2023-10-01 【SV S10最終41位】二鋼定理 【結果】最終41位 【TN】スターログ 【テラス前のサイクル、テ… 2023-07-21 時渡り優勝構築／2+1 大阪でのオフライン大会、第三回時渡りで優勝することが出来た… もっと読む コメントを書く « トップ記事 【M-3 最終27位】白黒アグロ » プロフィール id:Claris_bradbury 読者です 読者をやめる 読者になる 読者になる このブログについて 検索 リンク はてなブログ ブログをはじめる 週刊はてなブログ はてなブログPro 最新記事 トップ記事 【M-4 最終38位】運ゲ土ウィッチ 【M-3 最終27位】白黒アグロ 【M-2最終46位】大 崎 ア マ ガ 【M-1最終38位(2703)】枯れない世界と終わる花 月別アーカイブ ▼ ▶ 2043 2043 / 5 ▼ ▶ 2026 2026 / 8 2026 / 7 2026 / 6 2026 / 5 2026 / 4 2026 / 3 2026 / 2 2026 / 1 ▼ ▶ 2025 2025 / 11 2025 / 10 2025 / 9 2025 / 8 2025 / 5 2025 / 4 2025 / 3 2025 / 2 ▼ ▶ 2024 2024 / 10 2024 / 9 2024 / 8 2024 / 7 2024 / 6 2024 / 5 2024 / 4 2024 / 3 2024 / 2 ▼ ▶ 2023 2023 / 12 2023 / 10 2023 / 7 2023 / 6 2023 / 4 2023 / 3 2023 / 1 ▼ ▶ 2022 2022 / 3 ▼ ▶ 2021 2021 / 12 2021 / 11 2021 / 6 2021 / 5 2021 / 4 2021 / 3 2021 / 2 2021 / 1 ▼ ▶ 2020 2020 / 12 2020 / 11 2020 / 10 2020 / 8 2020 / 7 2020 / 6 はてなブログをはじめよう！ Claris_bradburyさんは、はてなブログを使っています。あなたもはてなブログをはじめてみませんか？ はてなブログをはじめる（無料） はてなブログとは 華氏451度 Powered by Hatena Blog | ブログを報告する 引用をストックしました ストック一覧を見る 閉じる 引用するにはまずログインしてください ログイン 閉じる 引用をストックできませんでした。再度お試しください 閉じる 限定公開記事のため引用できません。 読者です 読者をやめる 読者になる 読者になる"
M-4,【M-4 シングル】メガリザXスタン2【最終41位】,https://pokesol.app/u/a_p0ke/articles/09df9203a15cb965,【M-4 シングル】メガリザXスタン2【最終41位】 ログイン ポケノート 注目記事 記事検索 ツール ダメージ計算(準備中) チーム管理 Pokémon Soldier X YouTube Twitch GitHub サポート お問い合わせ 条項 利用規約 プライバシーポリシー 免責事項 0 a a_p0ke 目次 ページトップへ 【M-4 シングル】メガリザXスタン2【最終41位】 構築記事 シングル M-B M-4 メガリザードンX メガリザX メガライチュウY チャンピオン級 2026年8月6日 に公開 シーズンM-4シングル最終41位の記事を書きました。 また、シーズンM-4の期間中に開催されたマンスリーチャレンジでも最終55位という結果を残すことができましたので、本記事の最後におまけとして、その際に使用した構築の並びも掲載しておきます。 ▼ 使用構築 ▼ 最終結果 順位:41位 最終レート:2477.909 ▼ コンセプト M-3ののコンセプト「相手の構築タイプを問わず、対面からのダメージレースを制する」を継続しつつ、メガリザXを通す上で障壁となるポケモンへの対策を基本選出枠と補完枠の両枠に施し、立ち回りやすくする。 ▼ 構築経緯 メガリザードンXを構築の軸とした理由は昨シーズンの記事に記載しているため、要約のみ記載する。 本構築は「対面からのダメージレース制圧」をコンセプトとし、素早さと物理耐久を無理なく両立できるメガリザードンXを軸とした。対面で全抜きを狙う「ニトロチャージ」とサイクル崩しの「つるぎのまい」を使い分けるオーソドックスな技構成とした。補完のメガ枠にはメガギャラドスを採用しており、これにより選出画面でのリザードンYへの型誤認を狙った。取り巻きには出落ちを防ぐため行動保証のある対面駒を揃え、ステロ展開に悠長に仕事をさせにくいガブリアスと広範囲に選出可能なアシレーヌを基本の初手とし、どのような相手にも安定した試合運びができるような構築とした。 ☆前期からの変更点と改善経緯 M-4ではM-3の並びをベースにしつつ、一部の枠と型を見直した。具体的な改善策は以下の4点である。 参考：M-3の並び（※画像はGameWithさんの構築記事一覧ページより拝借しています） ①補完メガ枠を「補完」として機能させる（メガライチュウYの採用） M-3の構築で完全な見せポケになっていたメガギャラドスの枠を、 基本選出で重い「メガフラエッテ＋ガブリアス」や「アローラキュウコン＋ガブリアス」の並びに対して上から強く動かせるメガライチュウYに変更した。構築単位できつい雨パ選出を強く牽制してくれる点でも本構築のピースとしてマッチしていたと感じる。 メガライチュウYの型自体は最終日にようやく完成したが、狙い通り仮想敵に対してしっかりと活躍してくれた。 ② 対カバルドン・アシレーヌへの打点を増やす（ミミッキュの技変更） M-3の構築では、リザードンを通す上で障壁となるカバルドンやアシレーヌを基本選出で崩しにくい点にあった。 そこで、ミミッキュに「ウッドハンマー」を採用して対策とした。その結果、選出が歪む事なく、「ガブリアス＋メガリザードンX＋ミミッキュ」という対面的に強い基本選出をM-3以上に自信を持って押し付けられるようになった。 ③ スカーフガブリアスの選出抑制（ミミズズの採用） メガリザードンXを通す上で最大の障壁となっているのが、ニトロチャージ後に上から制圧してくるスカーフガブリアスの存在であった。 その対策として、選出画面で強烈な圧力をかけられるミミズズを新たに採用した。このミミズズは単なる見せポケに留めず、ガブリアス、ミミッキュ、ドドゲザンといった強力な対面駒や、メガゲンガー、メガフラエッテなどの特殊メガ枠に対しても積極的に選出できるよう汎用性の高い型を目指した。 ④ 初手マスカーニャへの対応の見直し（選出パターンの拡張） 構築からブリジュラスが抜けたことで、相手の初手マスカーニャに対する引き先が居なくなるという課題が生じた。技範囲の広いブリジュラスであればマスカーニャにとんぼがえりで逃げられたとしても裏に負荷をかける事ができたが、役割の偏ったミミズズで同じ動きをしてしまうと起点にされてしまう可能性が高いと考えた。そこで、ミミズズにメタルバーストを採用し、特殊メガ枠が初手に来そうな構築に対しても先発・後発問わず対面駒として選出できるようにした。 前述した4点の改善施策を経て、以下の並びでM-4の構築が完成！ ▼個体紹介 A：特化 S：リザードンミラー時にできるだけ上から動きたいので準速 vs対面構築には、「目の前のポケモンをニトロチャージ圏内に入れる」ことを、vsサイクル構築や壁構築には「剣の舞をどの対面で積むか」を意識して選出とプレイングを行っていた。環境に存在する多くのメガカイリューはこちらのメガリザードンXより上から動いてくるため、メガリザードンXで突破を狙う選出をする際は事前にニトロチャージを積む事を意識したい。 H-B：A178マスカーニャのトリックフラワーを最高乱数以外耐え H-D：C207メガフラエッテのムーンフォースを確定耐え C：C+2電磁砲でH162までのメガフラエッテを確定1発。C+2魅惑のボイスでH215ガブリアスを確定1発 S：最速110族抜き 最終日にこの型に辿り着いた。 最終日に初手メガフラエッテ選出を多くされ辛い立ち回りを強いられていたため、急遽その対策として型を変更した。耐久ラインの設定理由は、初手に来るメガフラエッテが準速ガブリアスより先に行動する事が多く、無補正特化であるC207のムーンフォースを耐える調整をすれば出落ちする可能性が低いと判断したから。 立ち回りとしては、初手メガライチュウYメガフラエッテ対面では悪巧みを選択し、居座ってムーンフォースを撃たれたら電磁砲を、ガブリアス引きをされたら魅惑のボイスを撃っていた。スカーフガブリアスについてはミミズズのおかげでほとんど投げられる事がなかったので切っていた。 採用してから2 戦しか選出していないが、レート2400後半のガブエッテ構築相手に2戦連続で3タテを決めてくれた。 万が一相手のガブリアスが襷持ち等でメガフラエッテを処理しきれなかった場合でも、後述するミミズズのメタルバーストやミミッキュで切り返せる算段であったが、実際にそのケースは発生しなかったため今後の考察課題としたい。 H：食べ残しの回復効率を意識し、H177（16n +1）になるよう振り切り H-D：C244ゲンガーのシャドーボールを確定耐え。C207 のメガフラエッテのムーンフォースを急所でも確定耐え B：11n S：できるだけクチートやドドゲザンの上を取れるように余り全て 基本選出にも無理なく組み込めるよう、単体でも機能する汎用性の高い型を目指した。対面選出の3体目として置くため、詰ませ性能を意識しててっぺき＋ボディプレスで型を採用した。 また、メタルバーストも非常に効果的で、最終日だけでメガゲンガーとメガフラエッテを2体ずつ葬る活躍を見せた。 さらに、採用意図であった「スカーフガブリアスの選出抑制」も見事に機能した。相手に選出されたのは記憶の限りわずか2回のみであり、選出された際もこのミミズズでしっかりと止めることができた。 H：16n−1 H-B：A200ガブリアスの地震を珠ダメと皮ダメ込みで確定耐え。A197メガメタグロスのバレットパンチを56.3%で耐え。 A：特化。ウッドハンマーでH187アシレーヌを確定、H187B114アシレーヌは最低乱数でもリザードンのニトロチャージ圏内に入る程度。+2ウッドハンマーでHB特化カバルドンを乱数50%で落とせる S：ミラー意識で1振り 耐久振りにすることでメガリザードンXが苦手なガブリアスに強く出られる。シャドークローが欲しい場面はメガメタグロスやメガフシギバナ対面以外ではほとんどなかったため、ウッドハンマーで得れる恩恵の方が大きいと感じた。 H：特化 H-B：できるだけ高く H-D：C197メガカイリューの10万ボルトをオボン込みで2耐え。 C：11n S：アクアジェットの火力意識かつギルガルドの下から動くため再遅。 構築単位で重めな積み構築への対抗手段としてアンコールを採用。 持ち物をオボンにしている理由は主に2つで、1つはガブリアス相手に後投げしたい場面が少なくともあり、できるだけ地震を2回耐えたいため（2連超高乱数以外は大体耐える）。もう1つは対面する事が多いギルガルドやソウブレイズにポルターガイストを2連で撃たせないため。（ソウブレイズに関しては受け出しを想定） H-B：ガブリアスの特化スケイルショット3回を3連最高乱数以外耐え A：特化 S：準速 ギャラドス、アーマーガア、エアームド意識で雷の牙を採用。 初手ガブリアス対面で下からスケイルショットを撃っても全体の勝率はそこまで変わらないと思い、メガキラフロル意識で準速に変更。 ▼ 選出パターン ・基本選出 ガブリアス+メガリザードンX +ミミッキュorアシレーヌorミミズズ →相手の選出画面にギャラドスがいる場合はミミッキュの選出はできるだけ控える。 ・vsニンフィア＋ガブリアス ミミッキュ+メガリザードンX +ガブリアスorアシレーヌ →ニンフィアとガブリアスのどちらを初手に投げられても出し負けにならないミミッキュから入る事が多い。 ・vsマスカーニャ＋受けポケ＋カイリュー以外の特殊メガ枠 ミミズズ+メガリザードンX+アシレーヌorミミッキュ →相手の選出画面にゲンガーがいる場合はアシレーヌの選出はできるだけ控える。 ・vsカイリュー＋カバルドンやギルガルドなど ガブリアス+メガリザードンX +ミミッキュorアシレーヌ →相手の選出画面にギルガルドがいる場合はアシレーヌの選出はできるだけ控える。 ・vsゲッコウガ入り ミミッキュ+メガリザードンX +アシレーヌorミミズズ ・vsスターミー入り ガブリアスorミミズズ+メガリザードンX+ミミッキュ ・vsクチート入り アシレーヌorミミッキュ +ガブリアス+ミミズズ →相手のミミッキュにトリックルームをされた時の事を考えて、メガ枠ではなく襷ガブリアスを裏に置く事が多い。 ・vsフラエッテ＋ガブリアス メガライチュウY+ミミズズ +ミミッキュorアシレーヌ ・vsアローラキュウコン＋ガブリアス メガライチュウY+ミミズズ +ミミッキュorアシレーヌ ・vs壁貼り要員＋バシャーモ ガブリアスorミミッキュ+メガリザードンX+アシレーヌ →相手のバシャーモにアシレーヌでアンコールを入れるよう意識して立ち回る。 ・vs受け構築 ガブリアス+メガリザードンX+アシレーヌ →メガリザードンXの体力は大事に扱いたいので、相手の選出画面にスコヴィランが居る時以外は初手に投げない。 ▼ おまけ 7月のマンスリーチャレンジ55位の構築の並びです。 メガフラエッテやピクシー入りなどの厄介な相手に強いメガゲンガーを試しに使ってみましたが、1戦しか出しませんでした。 以上です。ありがとうございました。 ポスト a a_p0ke a a_p0ke ポケノート ツール サポート 記事一覧 チーム管理 お問い合わせ 記事検索 記事一覧 記事検索 チーム管理 お問い合わせ
M-4,【シーズンM-4 最終42位】即席カバルカイリュー｜Lazy,https://note.com/akiyamamio_/n/n25ee5f3bbdf6,【シーズンM-4 最終42位】即席カバルカイリュー｜Lazy 投稿 ログイン 会員登録 【シーズンM-4 最終42位】即席カバルカイリュー 19 Lazy 2026年8月6日 10:50 ¥100 M-4お疲れさまでした。諸事情により最後まで潜ることはできませんでしたが、一応最終2桁には残ったので構築を紹介します。 【使用構築】 4FMFQ4VPA1 【結果】 TN ボマにちは 最終42位 レート2475 【コンセプト】 ・カバルドンは一番上 ・定数+クッション+積み 【構築経緯】 剣の舞+インファイトで環境にいる物理受けを許さない火力を押し付けることができたり、高速メガ枠を神速で縛ることができるメガルカリオが強いと考え、組み始めた。 ルカリオを通す上で定数ダメージや積める盤面を作る必要があると考え、砂+ステルスロックの削りが強く、欠伸でルカリオの起点を作れたり、吹き飛ばしでの起点回避が優秀なHDベースのオボンのみカバルドンを採用。 ルカリオを使う上でガブリアスに対して引く選択肢は用意したいので、威嚇+地面無効が優秀であり、カバルドン+ルカリオで処理が難しいアシレーヌやギャラドスなどの水タイプに強い食べ残しギャラドスを採用。 相手のムクホークを考えると最低限インファイトの一貫を切れるポケモンは欲しいと考え、霊タイプ+化けの皮の行動保障を持ちながらルカリオが止まる霊タイプ全般に対して剣舞+影うちで切り返しを行える命の珠ミミッキュを採用。 ルカリオを通すのが難しい並びやミミッキュを投げても全員倒し切るには至らない並びに対して、相手にメガを想定した立ち回りを強制させながら積んで一貫を作ることができる達人の帯カイリューを採用。 最後に、ここまで初手に来やすいと感じたアシレーヌやガブリアスに対して初手対面において対面突破or大きく削りながら毒菱を撒いて裏に繋がることができて、構築全体が物理に偏っていることで重くなりがちなメガスコヴィランに対して強い気合いの襷キラフロルを採用。 【個体解説】 カバルドン @オボンのみ 呑気 砂起こし 215(32)-132-154(2)-×-124(32)-60 地震 ステルスロック 欠伸 吹き飛ばし HB…あまり 11n HD…200キラフロルのエナジーボールで51.1%～(確定でオボンのみが発動する) 初手に置いてステルスロックと欠伸を適切に選択して裏に繋げる構築の潤滑油。技選択と扱い方さえ間違えなければ完璧な仕事を果たしてくれる最高のポケモン。Sが下降補正なのは、環境にいるハラバリーはカバルドン意識でSを少し振っているか下降補正なのでチキンレースに付き合うよりもミラーでお互い交代し合ったときに特性などが有効に働くため。 ルカリオ @ルカリオナイト 意地っ張り 精神力→適応力 メガ前:145-178(32)-91(1)-×-91(1)-142(32) メガ後:145-216(32)-109(1)-×-90(1)-164(32) インファイト コメットパンチ 神速 剣の舞 A…+2インファイトや神速で倒せる範囲を広げる為に特化 S…準速 メガ枠。安全に積める盤面や殴れる盤面を整えることで圧倒的な制圧力を持つ。バレットパンチがないことでミミッキュやゲンガーの処理が厳しくなるが、スターミー入りへの太い勝ち筋として強力だったので、先制技は神速を選択。剣の舞を積んだ後にカバルドンや少し削れたスターミーやミミロップへの縛りを重視し、Aに補正を掛けている。最速でなくて困る場面が最速ガブリアスやメタグロス、フラエッテ等だが、ガブリアスとメタグロスは準速が多く、フラエッテは取り巻きが比較的有利であり、選出されないことも多かったので最速ではない影響で負けた試合はなかった。 カイリュー @達人の帯 陽気 マルチスケイル 167(1)-186(32)-116(1)-×-120-145(32) ドラゴンダイブ 地震 雷パンチ 竜舞 A…ぶっぱ S…+1状態で最速130族以上やスカーフイダイトウ♂を抜くために最速 裏エース。ルカリオを通すのが難しい範囲に強い。特に物理受け+特殊受けのようなサイクルに対して、相手視点はメガカイリューを想定して特殊受けを投げてくるので無償で竜の舞を積みながら崩すことができる。基本的に弱点を突いて攻撃することが多かったので、最も有効的なアイテムである達人の帯を持たせた。技に関しては、積み技の竜の舞と鋼全般への打点として地震、水や飛行への打点として雷パンチは確定であり、@1には竜技が欲しいと考えたが、逆鱗で拘るのは弱く、ドラゴンクローでは火力が足りないので命中不安であるが火力は申し分ないドラゴンダイブを選択した。そもそもあまり撃つ機会がないことと小さくなるを積んだポケモンに対して必中かつ威力2倍になるのでストレスフリーに潜ることができた。 ギャラドス @食べ残し 意地っ張り 威嚇 202(32)-170(10)-121(22)-×-120-103(2) 滝登り パワーウィップ やけっぱち ドラゴンテール HB…-1マスカーニャの一致雷パンチを最高乱数切り耐え A…できるだけ高く S…準速50族抜き 威嚇+優秀な耐性を活かしたクッション。カバルドン+ルカリオでは、相手の水タイプ(特にアシレーヌとメガギャラドス)の処理が難しいので、後投げから対処できるのが優秀。特にドラゴンテールが優秀であり、竜の舞を積んだギャラドスを流すことが出来たり、ステルスロックを複数回踏ませてルカリオの圏内に入れることができた。やけっぱちは鋼やマスカーニャを意識して採用したが、ガブリアスに明確な打点として叩き込める雪雪崩でもよい。(どちらも試したがやけっぱちで勝てた試合の方が多いと感じた) キラフロル @気合いの襷 控え目 毒化粧 159(1)-×-111(1)-200(32)-101(1)-138(32) ヘドロ爆弾 大地の力 エナジーボール マジカルシャイン C…特化 S…準速 殴りながら毒菱を撒ける唯一無二の性能を持つ対面駒。特に初手に来やすいアシレーヌやガブリアスに対して有利な展開を作りつつ、スコヴィランやメガニウムのようなカバルドンを初手に置いても良い展開を作れないポケモンに対して滅法強いのが優秀。 ミミッキュ @命の珠 意地っ張り 化けの皮 131(1)-156(32)-101(1)-×-125-148(32) じゃれつく 影うち ウッドハンマー 剣の舞 A…特化 S…準速 ムクホークにインファイトを撃たれているだけで負けてしまうので霊タイプであり、化けの皮を盾にルカリオが止まる相手の霊タイプへの切り返しを行えるポケモンとして採用した。選出枠が足りずにカバルドン入りに対してカバルドン+ルカリオと合わせて投げた場合にカバルドンを突破するのが困難な為、カバルドンを処理する選択肢を増やすことができるウッドハンマーを採用した。 【選出】 基本 カバルドン+ルカリオ@1 キラフロル@2 【重いポケモン】 ・ビルドアップムクホーク マッチングしていないが多分勝てない ・100～110族付近の最速 ルカリオが準速な関係上、抜いている前提で立ち回ると上から処理されて簡単に負ける 【最後に】 最後まで潜れないので上位争いに参加できないのが確定している以上やる気がなかったのですが、最終日前日に5日ぶりになんとなく潜ると2200から2400まで上がり、最終日は2時までしか潜ることができませんでしたが、少しだけ楽しむことができてよかったです。M-3では最終1桁付近で負けてしまい、今期は純粋に楽しむことができたのでM-5では満足のいく結果を出せるように頑張ります。 何かございましたら質問箱か@Lazypoke_までお願いします ダウンロード copy ここから先は 23字 ¥ 100 購入手続きへ 2 人が高評価 ログイン 19 この記事が気に入ったらチップで応援してみませんか？ チップで応援 Lazy フォロー ポケモンシングルバトル トップ ゲーム ゲーム noteプレミアム note pro ヘルプ プライバシー クリエイターへのお問い合わせ フィードバック ご利用規約 通常ポイント利用特約 加盟店規約 資金決済法に基づく表示 特商法表記 投資情報の免責事項
M-4,【シーズンM-4最終44位・MCS26.07最終13位】滅びゲンガースタン改【ポケモンチャンピオンズ】 - 上げる狼煙はハイテクノロジー,https://ebapoke.hatenablog.com/entry/2026/08/06/232736,【シーズンM-4最終44位・MCS26.07最終13位】滅びゲンガースタン改【ポケモンチャンピオンズ】 - 上げる狼煙はハイテクノロジー 上げる狼煙はハイテクノロジー 読者になる 上げる狼煙はハイテクノロジー 2026 - 08 - 06 【シーズンM-4最終44位・MCS26.07最終13位】滅びゲンガースタン改【ポケモンチャンピオンズ】 【前語り】 こんにちは、ひよぺんです。 3シーズンほぼ同じ構築を使っていますが、記録とみんながいいねをしてくれるのがうれしいので記事を書きます。 滅びゲンガーが好きで、7世代からずっと使っています。 この記事から読んでいただいた方のために、前回と同じことを書いている所もあるかと思いますがご容赦ください。 【結果】 ランクマッチ　シーズンM-4 TN EBA ZZ　  最終44位 TN ひよぺん　最終228位 マンスリーチャレンジ　7月 TN ひよぺん　最終13位 【やりたいこと】 ブリジュラスやイダイトウで積極的に崩し、ゲンガーで数的有利を維持後、ブラッキーやアーマーガア、ガブリアスで詰める。 【簡単！ひよぺん式滅ゲン対面構築の組み方】 7世代の時から以下の考えを根底として、滅ゲン入りの構築を組んでます。 •初手から積極的に崩し、ゲンガーで数的有利を維持後、3匹目で詰める。 ▪️上記を実現するために、 ①崩し枠✖️2 ②クッション枠✖️1 ③行動保証枠✖️1 or 高速アタッカー枠✖︎1 を準備します。 ▪️それぞれに求める条件は以下です。 ①崩し枠 対面性能が高い。 初手に出てきやすいポケモン（キラフロル、ガブリアス、カバルドンなど）に不利をとらない。 相手の意表をつきやすく、少なくとも第1線の型ではない。 ②クッション枠 ゲンガーの苦手なポケモンに強い。 対面操作技を覚える。（ボルトチェンジ、とんぼがえり、あくび、バトンタッチなど） ③行動保証枠✖️1 or 高速アタッカー枠✖︎1 ※行動保証とはきあいのタスキや頑丈、ミミッキュなど少なくとも1回は行動できることを指します。 ここは割となんでもいいです。 ▪️今回の構築では①にイダイトウ、ブリジュラス ②にブラッキー、③にガブリアスを採用しました。これにゲンガーを加えて5匹が基本系となります。6匹目は自由枠のため、別のメガ進化を採用してもいいのですが、今回はクッション枠を増やしミミッキュ対策としてアーマーガアを採用し構築完成です。 【個体解説】 崩し枠、初手に投げます。 ▪️強い点 ①竜の牙を持つことで、相手の耐え調整を崩せる。 具体的には大体のヒスイダイケンキ、メガゲンガー、メガミミロップがりゅうせいぐんでとぶ。 ラスターカノン+りゅうせいぐんで大体のカバルドンがとぶ。 ②準速CSのため、ミラーに強い。 ③まもる採用で、ミミロップ対面でねこだましを防ぎ対面勝ちできる。 ▪️弱い点 白いハーブと違いりゅうせいぐんを打った後起点になりやすいため、注意。 崩し枠②。初手に投げるか、カバルドンに後投げします。 ▪️強い点 ①しんぴのしずくを持つことで、火力がすごい。相手のカバルドンがウェーブタックルで大体とぶ。アーマーガア、ブラッキー、ASマスカーニャが後出しでうからない。 ②クイックターンの威力が高く、ガブリアスやキラフロルなど初手のステロ撒きポケモンの下からクイックターンを打ち、ゲンガーのシャドボールで縛る動きが強い。 ▪️弱い点 ブリジュラスと違い行動保証がないため、初手マスカーニャやサザンドラなど出し負けした時に裏に引くが、その際に交代を読まれとんぼ返りを余裕で打たれる。選出には注意が必要。 構築の軸。 最速かつ耐久が一定あれば調整はなんでもいいです。ブリジュラスの流星群やムクホークのブレイブバード耐えだったかな、、、 動かし方は学生の時に書いた、以下の記事を見てください。 https://ebapoke.hatenablog.com/entry/2018/02/17/235308 クッション枠。 ブラッキーが苦手なフェアリーや格闘に強いため、滅びゲンガーと相性がいい。 何回かあくびを打った後、相手が交換のタイミングを読みゲンガーを着地させる動きが強いです。 環境的にはやや向かい風ですが、全然戦えます。 高速アタッカー枠。 パーティ単位で重いハラバリー、サーフゴー、ミミロップにあらがえる。 クッション枠②。 前期からの唯一の変更ポケモン。 アーマーガア以外の5体がミミッキュに弱すぎることにより、ほぼ選出されるため、ミミッキュ入りのパーティには必ず選出した。 ゲンガーとのタイプ相性もよく構築にとてもFITした。 マンスリーチャレンジの時はDにも振り分け両受けとしていたが、少し削れた状態で、剣の舞をされたミミッキュに突破されてからBに振り切ることにした。 なるべく下からとんぼ返りを打ちたいため、のんきでの採用も考えたが、遅いアシレーヌの上からアイアンヘッドを打ちたいと考えわんぱくでの採用とした。 ビルドアップを持つことで、積んでくるギャラドス、ガブリアス、メタグロスなどの物理アタッカーをとがめる。 対面的な構築にはゲンガー+ブラッキー+アーマーガアでサイクルを回す選出が強くささった。 🌟ミミッキュ対策として採用を考えたが見送ったポケモン集 水ロトムHBD@お盆　おにび/ハイドロポンプ/ボルトチェンジ →命中不安技を打つのが嫌すぎて解雇。おにびやハイドロポンプを当てたリターンに、技の確率が見合っていないと感じた。また耐久も絶妙に足りず、活躍させることができなかった。ただロトムを使って上位にいる人はたくさんいるため、自分の使い方が悪いんだと思う。 ピクシーHB@お盆　ムーンフォース/つきのひかり/かえんほうしゃ/コスモパワー →ミミッキュを起点にコスモパワーを積んで起点にしてやろうと考えたが、想定より相手の技をうける機会が多く、急所に当たるのが嫌すぎて解雇。もし急所の仕様がなくなれば最強ポケモンだと思う。 ミミッキュAS@いのちのたま　じゃれつく/かげうち/剣の舞/シャドークロー →ミミッキュはミミッキュでみてやろうと考えたが、ミラーで勝率５割はいかがなものかと考えて見送り。ようきにすると火力が足りない。 メガスコヴィラン/メガカエンジシ →ミミッキュが出てこないように顔採用しようとしたが、顔採用という考え方に疑問を抱き（出さないポケモンをパーティにいれるのって、もったいないか、、？）不採用に。 【環境と選出と最終日感想】 環境に多かった並びは以下だった。 カバグロスアシレ カバカイリューガルド ガブニンフギャラ スターミーハラバリーアーマーガアゲンガーエルフーンダイケンキ ガブフラエッテ ミミロップ軸 リザミミゲコ 上記構築に対しては、そこそこ有利に立ち回れていました。 （※上2つには イダイトウ+ゲンガー+ブラッキーorアーマーガア 真ん中4つには ブリジュラス+ゲンガー+ブラッキーorガブリアスorアーマーガア 下1つには ブラッキー+ゲンガー+アーマーガア を投げます。） 前日には2ROM2桁前半順位で、あわよくば1桁を目指そうかなと余裕綽々であったが、休憩を挟みながら約11時間潜り、サブロム+40、本ロム−30程だったかな？ ラスト1日伸び悩んだ理由と反省点は以下かなと。 ①きついポケモンが多かった。 →最速マフォクシーや、ラムドドゲザン、シュカの実サーフゴー、ラムみがわり巧みサザンドラなど対策をさぼっていたポケモン達にマジレスされ続けた。構築の甘さを実感したが、手をいれる余力もなく。 ②最終日は再戦ラッシュなのに、記憶力が絶望的に悪いため、相手の型をほとんど覚えておらず、同じ負け方をする。 →チャンピオンズ史上最終日1番潜りましたが、同じ人に何回も当たりました。今思えばメモしておけばよかったなと。 ③長時間潜っていると、頭がおかしくなってくる。 →普段は8時間は睡眠したい人間のため、徹夜でゲームをするのがシンプルにきつかった。数時間潜ってレートの変動がないと心が途中で折れ、そのタイミングで色違いのハリーマンに2タテされた時はメンタルの回復に時間がかかった。プレイングが雑になり、願望選出（どうせ何々出てこんやろ）や願望プレイング（マスカーニャは初手イダイトウ対面トリックフラワー押さんやろなど）が増え悪循環にはまっていった。 昔は全然大丈夫だったけど、加齢をここで実感。 【後語り】 DMで自分の構築を参考にレート〇〇行きました、という報告をたまーにいただけてとってもうれしいです。滅びゲンガー主軸のパーティはあまり開拓されていないと感じるので、みなさんも是非作ってみてください。 そして、いい構築ができたらこっそり教えてください。 何かあれば@imaginepokeまで。 このパーティだとどう選出しますかとか画像送ってくれたら、すぐ答えます。 それでは（・◇・）/~~~ EBApoke 2026-08-06 23:27 読者になる 広告を非表示にする もっと読む コメントを書く 【シーズンM-3 最終67位】滅びゲンガース… » プロフィール id:EBApoke 読者です 読者をやめる 読者になる 読者になる このブログについて 検索 リンク はてなブログ ブログをはじめる 週刊はてなブログ はてなブログPro 最新記事 【シーズンM-4最終44位・MCS26.07最終13位】滅びゲンガースタン改【ポケモンチャンピオンズ】 【シーズンM-3 最終67位】滅びゲンガースタン【ポケモンチャンピオンズ】 【シーズンM-2 最終86位】実力ゲンガーと運ゲミミロップ【ポケモンチャンピオンズ】 S16滅びの歌ゲンガー使用構築まとめ 【s15】環境メタサイクル【使用構築】最高2128 最終2088 月別アーカイブ ▼ ▶ 2026 2026 / 8 2026 / 7 2026 / 6 ▼ ▶ 2019 2019 / 9 2019 / 6 2019 / 1 ▼ ▶ 2018 2018 / 6 2018 / 2 2018 / 1 はてなブログをはじめよう！ EBApokeさんは、はてなブログを使っています。あなたもはてなブログをはじめてみませんか？ はてなブログをはじめる（無料） はてなブログとは 上げる狼煙はハイテクノロジー Powered by Hatena Blog | ブログを報告する 引用をストックしました ストック一覧を見る 閉じる 引用するにはまずログインしてください ログイン 閉じる 引用をストックできませんでした。再度お試しください 閉じる 限定公開記事のため引用できません。 読者です 読者をやめる 読者になる 読者になる
M-4,【シーズンM-4 最終45位】グロスカバアシレ - jibakoirupokeの日記,https://jibakoirupoke.hatenablog.com/entry/2026/08/06/192505,【シーズンM-4 最終45位】グロスカバアシレ - jibakoirupokeの日記 jibakoirupokeの日記 読者になる jibakoirupokeの日記 2026 - 08 - 06 【シーズンM-4 最終45位】グロスカバアシレ ポケモンチャンピオンズシーズンM-4お疲れ様でした。初めましての方は初めまして、初めましてではない方はこんにちは、ジバケールです。 M-4でチャンピオンズになって初めて最終2桁を取れたかつ、納得できる構築が組めたということで記事を書かせていただきました。 結果 TN スカーレット　　最終45位　レート2474.195 使用構築 構築経緯 ①シーズンM-A、M-Bを通して、鉢巻や眼鏡といった火力upアイテムがないため、カバルドンを一撃で倒すことができるポケモンがほとんど存在せず、簡単にステルスロックや欠伸で一方的に展開を作ることができる。そのためを カバルドン を構築のスタートとして組み始めた。 ②次に構築の軸となるメガ枠の決定だが、カバルドンと相性が良く、数値、性能ともに頭一つ抜けており、自分のプレイスタイルとして手が合うを メタグロス を第一メガ枠として決定。 ③カバルドン、メタグロスを構築の軸とするにあたり、構築相性の良い サザンドラ と アシレーヌ を脳死で採用。(後にサザンドラは構築からいなくなる) ④メガ枠がメタグロスだけであると、相手のリザードンやルカリオ、ゲンガーなどといった高速高火力メガポケモンに後手を踏む展開になることがしばしば起きた。そのため、それらのポケモンの上から行動することができ、メタグロスが苦手とするタイプ受けサイクルに対しても崩しを行うことができる、身代わりとアンコールを両採用した マフォクシー を第２メガ枠とした。 ⑤メガ枠がメタグロスとマフォクシーだと、相手のマスカーニャやゲッコウガ、ギルガルドあたりがあまりにもキツかったため、それらの相手にめっぽう強い ドドゲサン を構築のラストピースとした。さらにドドゲサンに黒いメガネも持たせることで、想定外の火力を出すことが可能になり、強力な崩し枠とした。 一応、6体が決まりランクマに潜っていると気づいたことがある。 サザンドラが弱すぎる メタグロスとサザンドラは確かにタイプ相性は優れているが、サザンドラが明確に強いと言えるポケモンがいなかった。強いてあげるならイダイトウぐらいだが、イダイトウはドドゲサンでも見ることができる。加えて、サザンドラは明確に強いポケモンがいないにも関わらず、苦手とするポケモン(アシレーヌなど)にはとことん弱くサザングロスのサイクルはサザンドラから崩壊することが多かった。そのためサザンドラを構築から外した。 ⑥サザンドラの空いた枠として、求める条件は初手に選出されやすいリザードンやブリジュラスに打ち合いすることがでる。そして、ステルスロックが巻かれていなければ、メガギャラドスの積み展開を切り返すことができる。襷枠。この条件を満たすポケモンとして、 ガブリアス が当てはまった。 こうして、構築6体が決定した。 コンセプト 選出を合わせて勝つ 個体説明 カバルドン 性格:腕白 実数値:215(32)-132-171(18+)-×-108(16)-67 特性：砂起こし 持ち物:食べ残し 技構成:地震　欠伸　ステルスロック　怠ける 調整意図 H-D  C211リザードンYのソーラービーム確定耐え C特化アシレーヌの泡沫のアリアで瀕死率12.5% 余りをBに回し、カバルドンで見れる範囲を極限にまで上げた。 構築経緯でも記載した通り、現環境でカバルドンをワンパンすることができるポケモンはほとんどいないため、選出すれば必ず何かしらの仕事をすることができた。 技構成は地震と欠伸は確定で、残り2つはサイクルを優位にするステルスロックと鉄壁グロスが環境から消え、吹き飛ばしの採用価値が下がったことからHP管理のしやすい怠けるとなった。 持ち物についてはオボンと食べ残しそれぞれの強みがあるが、今回はアシレーヌのお盆のみが必須級であったため、消去法で食べ残しとなった。 もちろんカバルドンが強いということは周知の事実であるため、メタが回っていることも容易に想像できる。例として、ラムのみや挑発、身代わりなど。これらに対して、欠伸という技が非常に裏目かつ、場合によっては即負けに繋がってしまうため、それらをケアできない場合は闇雲に欠伸を押さないことを気をつけていた。 メタグロス 性格:意地っ張り 実数値: メガ前：171(16)-198(25+)-150-×-110-115(25) メガ後：171(16)-209(25+)-170-×-130-155(25) 特性：メガ前　クリアボディ メガ後　硬い爪 持ち物:メガ石 技構成:アイアンヘッド　雷パンチ　冷凍パンチ　バレットパンチ 調整意図 S  準速ガブリアス抜き 最低限の撃ち合いができる程度にHを振り、Aをより高く。 メガ枠① 本構築のメガ枠の1つである。周知であるように、メガメタグロスはタイプや数値が総じて平均以上である為、使っていてもメガシンカの中でもやはり抜けていると感じた。 技構成はアシレーヌやギャラドスに打点となる雷パンチと足りないところを補うことの出来る先制技のバレットパンチまでは確定。メタグロスを使っていて相手のカバルドンに打点がないと、後々の展開が苦しくなることが想像されるため冷凍パンチ。ラスト1枠をメインウェポンとしてサイコファングではなくアイアンヘッドを採用した。 なぜサイコファングではなくアイアンヘッドなのか ①エスパー打点の必要性がない 本構築ではマフォクシーがいるかつ、強い毒や格闘タイプのポケモンが環境に少ないことからメタグロスのエスパー技の優先度が低い。かつマフォクシーがエスパー打点を持っている。 ②追加効果の強み サイコファングの追加効果は壁を破壊することができるが、環境が進むにつれ、アローラキュウコンを筆頭とする壁構築が激減、かつ上位の壁使いはサイコファングをいなす立ち回りをする。加えて壁構築でなければサイコファングがただの威力85の技となる。そのため、威力こそ5低い80であるが速い素早さからメインウェポンとして怯みを押し付けることができるアイアンヘッドの方が強いと判断。(SVの時に早いポケモンの怯み技は強いということを学んだ。) アイアンヘッドを入れたことで増えていたニンフィアやピクシーなどの舐めて居座るフェアリー勢やアイアンヘッドとバレットパンチの両採用はないと割り切るプレイヤーが多く初見殺し的なことができた。 メタグロスは強いポケモンには非常に強く、タイプ上不利なポケモンに対しても持ち前の数値で相性を逆転する事が出来たため非常に使いやすいポケモンであった。 アシレーヌ 性格:控えめ 実数値:187(32)-×-105(11)-176(14+)-136-89(9) 特性：激流 持ち物:オボンのみ 技構成:ムーンフォース　泡沫のアリア　アクアジェト　アンコール 調整意図 シグマさんが以前動画で使われていた調整が使い勝手が良かったためそのまま使用。 詳しくはシグマさんまで 本構築の潤滑油的存在 メタグロスが苦手とするマフォクシーや地面勢に明確に強く、絶妙な数値と優秀なタイプによる誤魔化し性能を高く評価し、シーズン通して絶対的な信頼をしていた。 技構成に関してはこの4つで完結していると感じ、波乗り、泡沫のアリア問題であるが、マフォクシーの身代わりが多い環境であるため泡沫のアリア一択である。実際アンコールがあれば泡沫のアリアでもアーマーガアに負けることはない。 マフォクシー 性格:臆病 実数値: メガ前：151(1)-×-92-166(32)-121(1)-171(32+) メガ後：151(1)-×-92-211(32)-146(1)-204(32+) 特性：浮遊 持ち物:メガ石 技構成:火炎放射　サイコショック　アンコール　身代わり 調整意図 CSブッパ ミラーや素早さを甘えた135族、準速+1ギャラドスに対して上から行動できるように最速 余りはHとDに メガ枠② 高速高火力ポケモンやハッサムやギルガルドなどの鋼ポケモンを絡めたサイクル構築に対して、メタグロスを選出してしまうと後手に回ると判断した際に選出する。 技構成はメインウェポンである火炎放射とサイコショックに加え、欠伸や毒といった搦手をシャットアウトすることの出来るつつ、様子見として優秀な身代わり。身代わりと合わせて使うことで強く、明確な詰め筋を形成しやすいアンコールを採用した。 身代わりとアンコールがあることで対処が難しいとされるミラーコートブリジュラスに屈することがなくなり、メタグロスが苦手とするブラッキーサイクルに対しても高い勝率を保つことができた。 身代わりとアンコールが偉すぎた。 全部のメタグロスに対して有利を取れるポケモンであるためにもっとマフォクシーが評価されても良いように感じた。 最終日に関してはメタグロスよりマフォクシーの方が選出率が高かった。 ドドゲサン 性格:意地っ張り 実数値:191(16)-203(30+)-141(1)-×-105-89(19) 特性：総大将 持ち物:黒い眼鏡 技構成:ドゲザン　不意打ち　アイアンヘッド　剣舞 調整意図 S  本構築のアシレーヌと同速、実数値89 H16n-1 H-B A特化ガブリアスの地震を最高乱数切りで耐え 余りを全てAに回してなるべく高く 破壊神 ここまでのグロスカバアシレマフォクシーだと相手のマスカーニャやゲッコウガに対して全員が弱点を突かれてしまうため、それらのポケモンに対してドドゲサンは後出しからでも勝つことができた。 持ち物の黒い眼鏡が非常に強力であり、生半可な受けを許さず、相手のサイクルを破壊し続けた。 ラスト1体になった時に真価を発揮するポケモンであり、剣舞を積めていればガブリアス程度であれば不意打ちで縛ることができる。そのため、1vs3の状況からでも幾度となく捲りを見せた。 ガブリアス 性格:陽気 実数値:183-182(32)-117(2)-×-105-169(32+) 特性：鮫肌 持ち物:気合いの襷 技構成:地震　スケイルショット　毒づき　剣舞 調整意図 ASブッパ 同速に勝ちたいため最速 普通の襷ガブリアス 最終日まで性格を意地っ張りにするか陽気にするかを悩んでいたが、最終日付近にフラエッテが少し増えたように感じ、かつ全てのフラエッテが最速であったため、最悪同速を仕掛けることができる最速に落ち着いた。(最終日はフラエッテに同速ほとんど負けた)意地っ張りには意地っ張りの強さがあるためどちらが正解であるかは未だに不明である。 技構成に関しては地震、本構築唯一の命中不安技かつ回数不安定のスケイルショットを泣く泣く採用しているが、素早さを上げることで詰め筋となるためスケイルショットは必須なように感じた。カバの欠伸による崩し力を引き上げるための剣舞。メタグロスとマフォクシー以外が相手のメガメガニウムに弱すぎて、ぼごぼこにされたため毒づきを採用した。 選出 特に決まった選出などはなく、相手の構築を見て臨機応変に選出することを心がけていた。そのため、メガ枠を選出しないこともしばしばあった。 選出で気になることがあればお気軽にお聞き下さい 重いポケモン ヒスイダイケンキ アシレーヌぐらいしか有利となるポケモンがいないため、撒菱などで削られ一貫を作られるともう止まらない。スカーフであればメタグロスの上から叩かれるため雷パンチで縛ることも難しい イダイトウ 普通のスカーフであればドドゲサンでなんとかなるが、神秘の雫を持ったイダイトウだと、アクアジェトの火力がバカにならず、不利な不意打ち択になってしまう。 最後に チャンピオンズになってからなかなか結果が出せず、自分はダイマックスとテラスタルという外部要因に助けられていた人間であることがはっきりとしたが、諦めずにポケモンに向き合い続けたことで、チャンピオンズでもこうして結果を残すことができたことは素直に嬉しい。しかし、自分は今期45位であり、少なくとも44人(実際はもっと多く)のプレイヤーが上には存在している。そのため、この結果に決して満足せず来季もより上を目指してポケモンに取り組んでいきたい。 ここまで読んでいただきありがとうございました。 何か質問などあればどうぞ。 jibakoirupoke 2026-08-06 19:25 読者になる 広告を非表示にする もっと読む コメントを書く 【SV S24使用構築】サビ抜きの原理　  【… » プロフィール id:jibakoirupoke 読者です 読者をやめる 読者になる 読者になる このブログについて 検索 リンク はてなブログ ブログをはじめる 週刊はてなブログ はてなブログPro 最新記事 【シーズンM-4 最終45位】グロスカバアシレ 【SV S24使用構築】サビ抜きの原理　  【最終64位/レート2038】 【SV S22使用構築】俺たち地面師　【最終49位/レート2123】 【SV S17使用構築】命中不安は愛だ　【最終42位/レート2085】 【SV S16使用構築】ブリンパオパオ　【最終141位/レート2078】 月別アーカイブ ▼ ▶ 2026 2026 / 8 ▼ ▶ 2024 2024 / 12 2024 / 10 2024 / 5 2024 / 4 ▼ ▶ 2023 2023 / 11 2023 / 6 ▼ ▶ 2022 2022 / 1 はてなブログをはじめよう！ jibakoirupokeさんは、はてなブログを使っています。あなたもはてなブログをはじめてみませんか？ はてなブログをはじめる（無料） はてなブログとは jibakoirupokeの日記 Powered by Hatena Blog | ブログを報告する 引用をストックしました ストック一覧を見る 閉じる 引用するにはまずログインしてください ログイン 閉じる 引用をストックできませんでした。再度お試しください 閉じる 限定公開記事のため引用できません。 読者です 読者をやめる 読者になる 読者になる
M-4,M-4シーズン使用構築❰シン・デスギャラクシー❱最終46位(2472) - 法螺貝でビバーチェ,https://sea-bell.hatenablog.com/entry/2026/08/05/215858,M-4シーズン使用構築❰シン・デスギャラクシー❱最終46位(2472) - 法螺貝でビバーチェ 法螺貝でビバーチェ 読者になる 法螺貝でビバーチェ ポケモンの構築記事を紹介していきます。 2026 - 08 - 05 M-4シーズン使用構築❰シン・デスギャラクシー❱最終46位(2472) まずは皆様M-4シーズンお疲れ様でした。 はじめましての方ははじめまして、リピーターの方は毎度ありがとうございます。 虫採り釣り人のシーベルと申します。 この度チャンピオンズが始まってからようやく最終2桁順位を取ることが出来たのでまた記念に構築記事の方書いていこうと思います。 それではまず構築の中身の解説からいきたいと思います。 よろしくお願い致します。 なお、当構築の技配置についてですが一般的な並び方とは違うというご指摘を頂くことがございます。 そういった方にはこちら↓↓↓の記事を参考に考えを改めて頂ければと思います。 https://sea-bell.hatenablog.com/entry/2022/12/13/183150?_gl=1*gx75sl*_gcl_au*MjA3MzU3MzI1NC4xNzgzNTA0Njgw この技配置にするとポケモン対戦に勝てるようになります(当社比) それではまず個体紹介からいきましょう。 4シーズン連続で当構築の絶対的エースに君臨する暴君。 2シーズン前までは滝登りを採用していたが威力が同じで見られる範囲が一気に広がるパワーウィップに変更したことでタイプ一致技が無くなった。 これによって怯みゲーが出来なくなり、外し負けが起こり得るのと引き換えに従来の滝登り搭載型よりも更に止まり難い超汎用積みアタッカーと化した。 具体的にウィップで見られる範囲としてはアシレーヌやメガスターミー、メガカメックス、イダイトウなどの水タイプに対して一舞で一撃粉砕出来るようになったりメガギャラドスミラーで先に展開出来れば有利を取ることが出来るようになったりもする。(外し負け非考慮) 基本的にこの技範囲を生かして抜群技で殴るようになるのとそこに竜舞や後述のポットデスからのバトンサポートがあったりするため火力不足はあまり感じることはなかった。 選出率は6割強くらい。 唯一今期からの採用。 特に何の変哲もない普通の壁張りオーロンゲ。 汎用性は高いがその分相手も警戒してくるためあまり出さなかった。 ただ出した時は必ず活躍していたのでとても偉いポケモンではあったと思う。 こいつを出す時は基本的に展開速度が勝敗に直結すると感じた時のみ。 具体的に言うとクエスバトンやペンドラーバトン。この辺りの展開役に対して挑発を当てながらこちらは壁を展開して後述のポットデスバトンから第2エースのピクシーに繋いで相手を蹂躙するといった流れを取る。相手のバトンパも基本的にはピクシーに繋いでくる構築がほとんどなためいかにして先にピクシーを展開するかが勝敗を分ける。 こういったたまに見るイレギュラーな並びに対して刺していくことが採用理由なため選出率はぶっちぎりの最下位。 あまり出さないがもちろん明らかに壁からの積みが重そうな構築に対しては投げることもあったがかなり稀なケースだった。 ちなみに今期最終戦はロンゲを選出して初手フラエッテ対面壁を張ったらムンフォ急所でワンパンされたがこの有効急所によって光の壁を最大ターン残したままの展開が可能になり結果として有効急所のお陰で楽に勝てたという珍しい展開になった。 前期から続投だが技構成を変えておりパワージェムの枠をキラースピンに変更している。 各技の採用意図としてはステロ除去+対面毒撒き用のスピン、対面S操作汎用技+起点回避用のマッショ、カバルドンを削りたいエナボ、ブリジュラスを削りたい大地で今期は完結していたと思う。 もちろんパワジェやヘドウェ、マジシャが欲しい局面も腐るほどあるにはあったが根本的にこのポケモンには相手を倒すことよりも出来るだけ対面を削ったりS操作や毒を利用して裏で処理しやすくしたりする事を重視していたのでその辺りの技が無くてもそこまで不自由には感じなかった。 基本選出の初手要員の為選出率はギャラと同程度の6割強。 裏エース。そして相棒枠。 ギャラが出せない構築に対する抑止力。 前期やらかしまくった反動か今期は最終盤期待に応えてよく頑張っていたと思う。 ラスト25越えの猛者2連戦の両方をピクシーを展開してゲームエンドまで持っていった。 具体的に何が良かったかと言うとあまり急所被弾しなかった。 流石に0ではなかったがリカバリーの効く範囲でのやらかしであったので全然許せる。 急所に当たらなければこんなにも強いのにマジで前期は何があってあんなポコジャカ急所を晒していたのか。 技構成はコスパ採用ならこれがベストだと思う。 この枠は特に対バトンピクシーやドヒドイデを強く意識しているためこちらのバトンを最大限に生かせるアシパがサブウェポンとしては適切であった。 思えばなんだかんだ相当長い付き合いのポケモンである。 構築の心臓。選出率はぶっちぎりのトップ。7割強くらいは出してたと思う。 自身が積みエースにもなれ、力を吸い取るで回復しながら物理相手にお茶も濁せ、バトンでエースに繋ぐことも出来る唯一無二の性能。 あまりにも手に馴染み過ぎて今や絶対的信頼をおいている。 正直このポケモンがいないと最早どうやって勝って良いのか分からないレベルなのでちょっと依存し過ぎな気もしているが手放せない。 今期はバトンするタイミングを見誤って負ける試合が頻繁していたためここの改善を最終日は意識してやっていた。 結果としては最終日にバトンミスによるプレミはほとんどなかったので良かったと思う。 相棒枠。 付き合いで言うとピクシーの次に長い。 役割対象は基本的にハッサムやメタグロスなんかの接触技主体の鋼タイプや蝶の舞で起点に出来る特殊主体の有象無象。 最終日はウルガモスがぶっ刺さって3縦する試合が結構あって楽しかった。 キラフロルにスピンを仕込んだことによって盤面にステロが残る局面が目に見えて減ってとても動かしやすかったのがとても良かった。 ガブリアス、カイリュー、水物理辺りがキツいがその全てにギャラが強いのでギャラガモスの積みリレーもかなり通りが良かった印象。 ただやはりガブリアスに対してはどう足掻いても無力なため出せる構築は限られることもあり選出率は4割くらいに落ち着いていた。 とここまでが構築の各個体の説明になります。 基本選出は前期と同様に フロル+ポットデス(ウルガモス)+ギャラドス 基本選出が出せない構築に関しては オーロンゲ+ポットデス(ウルガモス)+ピクシー みたいな感じです。 ただ相手の構築に応じて初手はある程度臨機応変に変更したりフロルやロンゲ不採用で展開よりも対面的な積みリレーみたいな形で選出することもたまにありました。 以上が当構築のざっくりとした解説になります。 ぶっちゃけ前期の記事と中身あんまり変わってないので新鮮さはないかもですがここまで読んで頂きありがとうございました！ とりあえずの目標にしてた最終2桁が割と早い段階で取れてしまったのでM-5シーズンは正直やるかどうかまだ分かりません。 多分お盆休みとかはずっと釣りしてると思うのであんまりポケモン触る気は今のところないです。 またルール変わったらモチベも回復すると思うのでそっちで頑張りたいなと思います！ ということでこの辺りで今回は筆を置かせて頂こうと思います。 もし何かあれば遠慮なく聞いて頂けると嬉しいです。 それではまたどこかで👋 Sea-bell 2026-08-05 21:58 読者になる 広告を非表示にする 関連記事 2026-07-09 M-3使用構築[対面展開積みリレーデスギャラクシー]最終256位(2422) 初めましての方は初めまして、リピーターの方は毎度どうも。シ… 2026-05-13 シーズンM-1最終529位(2510)自分REST@RT まずはポケチャン最初のシーズンお疲れ様でした。 シーベルと申… 2020-11-01 S11最終98位(2022)使用構築『英国スラム街式ヤンキー菱展開』 まずはシーズン11お疲れ様でした。 お久しぶりです、もしくはは… 2020-06-01 S6使用構築「ゴリラギャラクシーwithジンギスカンリレー 最終206位/レート2045」 S6お疲れ様でした。 シーベルと申します。 今期は最終日最後AM7… 2020-03-01 S3使用構築「8世代式バンギピクシー序〜もふもふジンギスカンリレー〜」瞬間最高7位/最終110位 初めましての方は初めまして！ そうでない方は毎度どうも！ 花… もっと読む コメントを書く M-3使用構築[対面展開積みリレーデスギャ… » プロフィール id:Sea-bell 読者です 読者をやめる 読者になる 読者になる このブログについて 検索 リンク はてなブログ ブログをはじめる 週刊はてなブログ はてなブログPro 最新記事 M-4シーズン使用構築❰シン・デスギャラクシー❱最終46位(2472) M-3使用構築[対面展開積みリレーデスギャラクシー]最終256位(2422) シーズンM-1最終529位(2510)自分REST@RT S38 使用構築[エンニュートルナコライMarkⅢ]最終96位(1962) S32使用構築【エンニュートルナコライ改】最終94位(2004) 月別アーカイブ ▼ ▶ 2026 2026 / 8 2026 / 7 2026 / 5 2026 / 2 ▼ ▶ 2025 2025 / 8 2025 / 6 2025 / 4 ▼ ▶ 2024 2024 / 2 ▼ ▶ 2023 2023 / 12 2023 / 11 2023 / 10 2023 / 6 2023 / 4 2023 / 2 ▼ ▶ 2022 2022 / 12 2022 / 9 2022 / 8 2022 / 1 ▼ ▶ 2021 2021 / 12 2021 / 11 2021 / 9 2021 / 7 2021 / 3 2021 / 2 ▼ ▶ 2020 2020 / 12 2020 / 11 2020 / 10 2020 / 8 2020 / 6 2020 / 4 2020 / 3 2020 / 1 ▼ ▶ 2019 2019 / 10 2019 / 9 2019 / 7 2019 / 4 2019 / 1 ▼ ▶ 2018 2018 / 11 2018 / 9 2018 / 7 2018 / 5 2018 / 3 2018 / 1 はてなブログをはじめよう！ Sea-bellさんは、はてなブログを使っています。あなたもはてなブログをはじめてみませんか？ はてなブログをはじめる（無料） はてなブログとは 法螺貝でビバーチェ Powered by Hatena Blog | ブログを報告する 引用をストックしました ストック一覧を見る 閉じる 引用するにはまずログインしてください ログイン 閉じる 引用をストックできませんでした。再度お試しください 閉じる 限定公開記事のため引用できません。 読者です 読者をやめる 読者になる 読者になる
M-4,【シーズンM-4 最終47位】マスカ展開カイリューハッサム - 俺の声はハイパーボイス,https://tdpoke.hatenadiary.com/entry/2026/08/05/201417,"【シーズンM-4 最終47位】マスカ展開カイリューハッサム - 俺の声はハイパーボイス 俺の声はハイパーボイス 読者になる 俺の声はハイパーボイス 2026 - 08 - 05 【シーズンM-4 最終47位】マスカ展開カイリューハッサム シーズンM-4お疲れ様でした！！ Champions内での最高順位は更新できたので記事を書こうと思います。 構築経緯 コンセプト コーディネートチーム 各調整 重いポケモン 最後に 構築経緯 構築の組みはじめとして、M-4環境の最終日に増えそうかつポケモン単体のパワーがある に強い軸を使用したいと考えた。 シーズン序盤様々な軸を試した結果、どくびし＋カイリュー＋鋼ゴーストの並びがきれいに処理できそうだったので、 の並びを継続的に使用していたが中盤ごろに増えた 入りの構築がきつく、 のHPが有限なことが自分には合わないなと感じたので特性であくびの一環を切りつつ自己再生でHP管理が比較的簡単な を採用。 序盤からどくびし枠を色々試していた( )が、初手の に対面突破されて数的不利の状態でサイクルを仕掛けられたり、 が悠々と突っ張ってきてどくびしを踏ませられないなどの問題があった。 これらの問題を解決できるポケモンはいないか様々な記事を眺めているとめろさんがM-1で使用していた特殊マスカーニャにトリプルアクセルを仕込むことで解決できると考えたため を採用し、基本選出完成。 参考記事 【M-1最終38位(2703)】枯れない世界と終わる花 - 華氏451度 2メガ目がなかなかしっくりこず苦戦( ) 趣味が構築記事を眺めることなので、M-3のカイリュー構築を見ていると43位の方がメガハッサムを採用しており、基本選出が苦手な に強く出れるかつ2メガ選出しても十分機能しそうだと感じたため を採用。 同記事でハッサムの蜻蛉からの着地先として紹介されていたのと、カイリューが選出できないときにサフゴと合わせることで強い選出を作れると考え を採用。 最後の1体は地面枠でどちらのメガ枠ともシナジーのあるカバルドンを採用。 ここはあまり煮詰められていない。 コンセプト 特になし。 強いて言うなら、毒びし＋タイプ受けサイクル。 コーディネートチーム 各調整 カイリュー@カイリュナイト 特性:マルチスケイル→マルチスケイル 努力値:H17,C25,S24 メガ後 :183- × -115-145-120-136 メガ後 :183- × -135-190-145- 158 技1:りゅうせいぐん 技2:エアスラッシュ 技3:かえんほうしゃ 技4:はねやすめ 調整意図： 最終36位 ゲコミミグッドスタッフ - xien-poke 上記記事の調整からSを1伸ばしました。 軸その1 使用していてこのポケモン単体での強さは感じないが、メガ環境は強い一般枠と相性の良いメガ進化が強いと考えており、その最たる例だと思う。 技を外しても羽のタイミングさえ間違えなければかなり安定感を感じるポケモンだった。 サーフゴー@たべのこし 特性:おうごんのからだ 努力値:H31,C4,D,27,S4 実数値:193- × -115- 172 -138- 108 技1:ゴールドラッシュ 技2:シャドーボール 技3:じこさいせい 技4:わるだくみ 調整意図： H-16n+1 HD-無振りハラバリーのボルチェン＋C13メガゲンガーのシャドボ耐え S-遅いブリジュラスとミラー意識 軸その2 構築経緯でも書いたように羽休めカイリューの苦手な補助技を拒否しながら、カイリューとの補完に優れるポケモン。 ニンフやブリ、フラエッテなどを受けることが多かったのでDを厚めに振っている。 ここまでDに振ると火力のないメガカイリューも起点にでき、ミラーでの立ち回りの余裕につながった。 連発はしていないがゴルラを最終日に外さなかったのは偉かった。 マスカーニャ@きあいのタスキ 特性:へんげんじざい 努力値:A2,C32,S32 実数値:151-132-90 - 146 -81-175 技1:はどうだん 技2:パワージェム 技3:トリプルアクセル 技4:どくびし 調整意図： CS余りA どくびし枠兼MVP 構築経緯以上に書くことはないが、ただただ最初に思い付いた人に感服。 ハッサム@ハッサムナイト 特性:テクニシャン 努力値:H32,A2,B32 実数値:177- 189 -152 - × -100-85 メガ後:177- 189 - 192 - × - 120 -95 技1:バレットパンチ 技2:とんぼがえり 技3:はねやすめ 技4:つるぎのまい 調整意図： HB-非メガで物理受けとして使いたいのでなるべく高く A-あまり、効率重視の性格補正 第2のメガ枠 Bに厚く振ることで非メガ状態で物理受けとして動かすことができ、ガブを厚めに見たい時などに2メガ選出をよくしていた。 ハッサムの本来性能に加え、耐久振りとどくびしが組み合わさることでより強さを感じることができた。 サザンドラ@こだわりスカーフ 特性:ふゆう 努力値:H2,C32,S32 実数値:169- × -110- 194 -110- 150 技1:あくのはどう 技2:りゅうせいぐん 技3:かえんほうしゃ 技4:とんぼがえり 調整意図： CS余りH 基本的にハッサムの蜻蛉から着地する。 他の悪スカーフ枠に比べて耐久が高いので、耐久を振らずに火力に割いても生存ターンが長いのが魅力だと感じた。 カバルドン@オボンのみ 特性:すなあらし 努力値:H32,B2,D32 実数値:215- 132 - 140 - × - 136 -67 技1:じしん 技2:あくび 技3:ふきとばし 技4:ステルスロック 調整意図： HD特化 地面枠 マスカの刺さりが悪そうなときや雨やピクシーの回復を阻害したいときに投げてた。 このタイプのカバをあまり使ったことがなく、相手のラムやみがわりに怯えながら弱気なボタンを押していたので反省。 重いポケモン ギャラドス ラムや身代わり挑発の有無、メガするか否かすべてに対応する選択肢がこちらにないため非常に重い。 しかしギャラと組ませている一般枠(ガブブリドゲザニンフカバ)にはマスカ＋サフゴで強く出れていたので、トータル勝率は5割強くらいあり特別なメタ枠は用意しなかった。 ねむるアシレーヌ アシレーヌの処理ルートがどくびし依存なためねむるで毒をリセットされると厳しかった。 最終日、当たったすべてのねむるアシレに完敗。 最後に 2500を目指していたが、最後なかなか勝てず上位との差を感じた。。。同じような並びが上に3人ほどいたので完全な実力不足。 8月から仕事の勤務形態が変わり、ポケモンに割く時間が減ってしまうので、限られた時間で継続的に勝てる取り組み方を頑張って探していきたい。 という話とは対照的に一番好きなメガシンカであるメガサーナイトを使用して今期以上の結果を出したいという思いもあるので、その時の気分に任せて緩く取り組んでいこうと思います。 TN由来 https://www.youtube.com/watch?v=PE_iyDsY5xM ここ半年くらいすべてに対するやる気を上げ続けてくれている神曲 specialThanks 通勤しながら応援してくれたスターライト 撤退際に環境考察を置いて行ってくれたせっき― tdpoke 2026-08-05 20:14 読者になる 広告を非表示にする 関連記事 2025-12-02 【SV S36 最終28位/47位】神コライ改 TDと申す者です。 簡単ではありますが構築記事を書かせていただ… 2024-04-03 【SV S15 最終98位/葉桜杯NEXT優勝】オオニューラ始動対面 こんにちはTDです。 遅くなりましたがシーズン15お疲れ様でした… もっと読む コメントを書く 【シーズンM-2 最終75位】顔面スタン » プロフィール id:tdpoke 読者です 読者をやめる 読者になる 読者になる このブログについて 検索 リンク はてなブログ ブログをはじめる 週刊はてなブログ はてなブログPro 最新記事 【シーズンM-4 最終47位】マスカ展開カイリューハッサム 【シーズンM-2 最終75位】顔面スタン 【SV S36 最終28位/47位】神コライ改 【SV S34 最終86位】神コライ 【SV S15 最終98位/葉桜杯NEXT優勝】オオニューラ始動対面 月別アーカイブ ▼ ▶ 2026 2026 / 8 2026 / 6 ▼ ▶ 2025 2025 / 12 2025 / 10 ▼ ▶ 2024 2024 / 4 ▼ ▶ 2023 2023 / 6 2023 / 5 はてなブログをはじめよう！ tdpokeさんは、はてなブログを使っています。あなたもはてなブログをはじめてみませんか？ はてなブログをはじめる（無料） はてなブログとは 俺の声はハイパーボイス Powered by Hatena Blog | ブログを報告する 引用をストックしました ストック一覧を見る 閉じる 引用するにはまずログインしてください ログイン 閉じる 引用をストックできませんでした。再度お試しください 閉じる 限定公開記事のため引用できません。 読者です 読者をやめる 読者になる 読者になる"
M-4,シーズンM-4 カバイダイ展開 - Melty,https://cresseliapoke.hatenablog.com/entry/2026/08/07/123635,シーズンM-4　カバイダイ展開 - Melty Melty 読者になる Melty 2016/11/1． 2026 - 08 - 07 シーズンM-4　カバイダイ展開 構築経緯 今までの初手カバルドン展開は初手アシレーヌに対して一方的にアドを取られてしまうという弱点を抱えていたが、珠イダイトウを採用することにより、砂2回＋珠おはかまいりで控えめHB以外のアシレーヌを対処可能である事に気づき、3体目はアシレーヌを突破した後に通りが良くなりスカーフ悪技でイダイトウが落とされた後に再展開できる剣舞ミミロップを採用した。 残りの3体はカバルドンを1パンしてくる水物理への選出枠としてブリジュラス、メタグロスを止めてくるポケモンにミミロップが強いという補完が取れている事からメタグロス、ゲッコウガやダイケンキなどの処理が難しい範囲に初手選出できるポケモンとしてアシレーヌを採用して構築が完成した。 ・個体解説 カバルドン＠オボンのみ 215(32)-132-144(6)-/- 132(28) -67 じしん/あくび/ステルスロック/ふきとばし HD：無振りアシレーヌのアリアをオボン込み99%耐え 臆病リザードンYのオーバーヒートを確定耐え 残りB 基本的には初手置きしてステロを撒くのが仕事だが、ステロを撒いた後に引く事ができる場合は雑に捨てずに残す立ち回りをすることで1手足りなくて負ける展開を回避できることもあるので、簡単なようで難しいポケモンであると最近は思っている。 配分に関しては想定外のポケモンに負ける度に見直しを考えたが、物理特殊どちらも耐える必要があるため、どちらかに寄せるとどちらかの乱数が悪くなるという事が多く、この配分で乱数負けしたらしょうがないと割り切れるこのラインで落ち着いた。 イダイトウ＠いのちのたま 195- 180(32) -98(13)-/-95-119(21) おはかまいり/ウェーブタックル/アクアジェット/こうそくいどう S：＋2で意地スカーフガブが抜ける且つ黒い眼鏡ダイケンキが抜けそうなライン 残りB 有利対面を作った際に受けだしできるポケモンがほぼ存在しないと言ってもいいくらい凄まじい火力を持つポケモン。 ステロ＋砂＋ウェーブタックル＋アクアジェットでH2振りサザンが68%で落ちるくらいのダメージが出る。 対面的に使うこともできるし、高速移動による切り返しもできる。 全ての要素が強く、このポケモンにキャリーされていたと言っても過言ではないくらいの性能をしていた。 ミミロップ＠メガストーン 146(5)- 140(32) -104-/-114-153(28) インファイト/トリプルアクセル/マッハパンチ/つるぎのまい S:控え目ゲンガー抜き 残りH イダイトウと攻守の補完に優れるメガシンカ枠 お世辞にもパワーの高いポケモンとは言えないが、イダイトウと一番相性の良いポケモンだったので採用に至った。 性格は火力が足りないためA補正 剣舞トリプルアクセルは3発当てさえすればHBカバルドンを70%程度で突破できたりカイリューガブリアスへの打点として重宝したが、外して負ける試合も結構あったため命中不安を沢山打たされてしまうというのがこのポケモン最大の弱みである。 メタグロス＠メガストーン 159(4)- 205(32) -151(1)-/-111(1)-158(28) アイアンヘッド/かみなりパンチ/バレットパンチ/アームハンマー この枠はずっと鉄壁ボディプレス型で採用していたが、上位で当たる構築にかみなりパンチを持ったメタグロスの通りが良かったため、最終日のみこのメタグロスへ変更した。アイへ＋かみなりパンチでサイコファングを打ちたい範囲を大体補えているので残りは汎用打点のバレット＋イダイトウの障壁となる悪への打点としてアームハンマーを採用した。 アシレーヌ＠たべのこし 183(28)-94-124(30)- 160 -136-88(8) うたかたのアリア/ムーンフォース/アンコール/アクアジェット HB:食べ残し込み陽気ガブの地震を97%で2耐え S:ニンフィアやブラッキー周りを抜けるラインまで 前期からほぼ変わらず特筆することもないが、 主にメタグロスを選出する時やカバルドンが必要ない時の初手として出すことが多かった。 ブリジュラス@こだわりスカーフ ※じきゅうりょく 171(6)-/-150-176(31)-85- 147(29) りゅうせいぐん/ラスターカノン/10万ボルト/はどうだん HB:意地ガブの地震を75%耐え S:陽気ギャラドス+1 イダイトウとスターミー入りにもカバルドンから入れるように採用。 このポケモンは出しどころが難しいが、イダイトウの弱点であるミミッキュに対面から勝てる数少ないポケモンであるため、試合展開がある程度予測できる場合は最後に置いたり初手で奇襲したりと慣れてくるにつれて選出率が上がっていく面白いポケモンであった。 技構成はメインの流星、ラスカ、10万までは必須としてラスト1枠だが、ブリジュラス対面で連打できる、ルカリオやドドゲザンに対して打てる、小さくなるハリーマンに対してカバルドンの砂と合わせてほぼ完封できるなどの理由から波動弾とした。 ・選出パターン カバ＋イダイトウ＋ミミロップ ＋ブリジュラス＋(イダイorメガ枠で通っているポケモン) アシレorブリジュラス+メガ枠+イダイトウ かなり満遍なく選出しており、イダイトウが実質メガ枠ぐらいのポテンシャルがあるためメガ無し選出も結構できる。 シーズン2からずっとカバルドン展開 もうカバルドンしか使えない^-^; Cresselia 2026-08-07 12:36 読者になる 広告を非表示にする 関連記事 2026-07-08 2026 06マンスリーチャレンジ使用構築 マンスリーチャレンジ時点でサザングロスを軸とした構築が流行… 2026-06-20 シーズンM-2 カバフラエッテ 対面性能と崩し性能を併せ持つHBフラエッテをベースに、フラエ… 2021-03-06 S15-サンダーザシアン 最初のシーズンという事もありメタ思考で構築を組むのが難しい… 2017-10-02 S5使用構築2 サイクルを回してると一撃技が至る所から飛んできて簡単に崩壊… 2017-09-25 S5使用構築1 メモ程度に 序盤から使用し～2088で打ち止め マンダポリ2カグヤ… もっと読む コメントを書く シーズンM-3　鉄壁カバグロス » プロフィール id:Cresselia 花が咲いて月の明るい風景 読者です 読者をやめる 読者になる 読者になる このブログについて 検索 リンク はてなブログ ブログをはじめる 週刊はてなブログ はてなブログPro 最新記事 シーズンM-4　カバイダイ展開 シーズンM-3　鉄壁カバグロス 2026 06マンスリーチャレンジ使用構築 シーズンM-2　カバフラエッテ レギュG-S21 最終7位 ミライワダチ 月別アーカイブ ▼ ▶ 2026 2026 / 8 2026 / 7 2026 / 6 ▼ ▶ 2024 2024 / 9 2024 / 7 ▼ ▶ 2023 2023 / 12 2023 / 11 2023 / 8 2023 / 6 2023 / 4 2023 / 3 ▼ ▶ 2022 2022 / 10 2022 / 3 ▼ ▶ 2021 2021 / 3 2021 / 2 2021 / 1 ▼ ▶ 2020 2020 / 1 ▼ ▶ 2019 2019 / 8 2019 / 3 ▼ ▶ 2018 2018 / 5 2018 / 4 2018 / 2 2018 / 1 ▼ ▶ 2017 2017 / 12 2017 / 11 2017 / 10 2017 / 9 2017 / 7 2017 / 5 2017 / 4 2017 / 2 2017 / 1 ▼ ▶ 2016 2016 / 12 2016 / 11 2016 / 10 2016 / 9 2016 / 8 2016 / 7 2016 / 6 2016 / 5 2016 / 4 2016 / 3 2016 / 2 2016 / 1 ▼ ▶ 2015 2015 / 12 2015 / 8 2015 / 7 2015 / 5 2015 / 2 カテゴリー 適当 (35) メモ (7) 単体考察 (12) ポケモン (19) 構築 (3) はてなブログをはじめよう！ Cresseliaさんは、はてなブログを使っています。あなたもはてなブログをはじめてみませんか？ はてなブログをはじめる（無料） はてなブログとは Melty Powered by Hatena Blog | ブログを報告する 引用をストックしました ストック一覧を見る 閉じる 引用するにはまずログインしてください ログイン 閉じる 引用をストックできませんでした。再度お試しください 閉じる 限定公開記事のため引用できません。 読者です 読者をやめる 読者になる 読者になる
M-4,"[시즌M-4 최고최종 2467점, 세계 53위] 리자캥카쿠치 대면구축 파티소개 (기록용, 작성중)",https://blog.naver.com/eliy1eliy/224375169873,류의 포켓몬 천문대 : 네이버 블로그
M-4,【M-4 最終54位】月影ブラッキーサイクル,https://pokesol.app/u/regana/articles/108dbc11c1b42b95,"【M-4 最終54位】月影ブラッキーサイクル ログイン ポケノート 注目記事 記事検索 ツール ダメージ計算(準備中) チーム管理 Pokémon Soldier X YouTube Twitch GitHub サポート お問い合わせ 条項 利用規約 プライバシーポリシー 免責事項 0 r regana 目次 ページトップへ 【M-4 最終54位】月影ブラッキーサイクル 構築記事 シングル M-B M-4 2026年8月6日 に公開 はじめまして、レガナです。 M-4で初めての最終2桁である54位を達成することができたので、記事にしたいと思います。 最後まで読んでいただけると嬉しいです！ 使用構築 構築経緯 最終日1〜2週間前までは現環境最強ポケモンだと思っていたカバルドンを軸として使っていたが、自分のプレイングが足りず勝ち切れていなかった。そこで同じあくびを使う受けポケモンであり、自分が使い慣れているブラッキーを使ってみたところ勝てそうな手応えを感じたため、ブラッキーから構築を組み始めた。 ブラッキーの相方のメガは色々試していたが、最も使用感の良かったメガゲンガーを採用。 ブラッキー+ゲンガーではミミッキュに剣舞されただけで負けてしまう。また、この２体ではカバルドンを突破することが難しい。そこで、圧倒的数値とカバルドンに強い水タイプをあわせ持つイルカマンを採用した。 ブラッキーを軸とする上でステロ要員を採用したい。 色々なポケモンを検討していたがガブリアスの性能が高すぎたため、ガブリアスを採用。 ここまでで重かったのが、 ①メガクチート ②バイバニラを始めとしたフリドラ持ち ③ミミロップ ④ブリジュラス＋カバルドン(展開、並び次第) ⑤壁+崩し ⑥メガハッサム(展開、並び次第) であった。 そこで、①②③⑤⑥に強く、既に採用しているポケモンとも相性のいいメガクチートを採用。 最後に、③④⑥に強めなアシレーヌを採用して構築を完成とした。 構築コンセプト ・ブラッキーを強く使う ・構築に崩しの要素を複数入れることで引き分けや選出択を減らす ・絶対に勝てない構築をできるだけ減らす 個体紹介 (採用順) 調整 HB-最強になるために振り切り D-あまり S-遅いクチートやドドゲザン、ギルガルドを抜けたら嬉しいので下降補正なし 持ち物 ブラッキーを軸として強く使いたいので食べ残し一択 技構成 ・ACが低くても火力が出せ、物理ポケモンに強いイカサマ ・全てと相性がいい守る ・詰めやブリジュラス等を流すためのあくび ・回復技の願い事 概要 可愛くてかっこよくて最強のポケモン。 特性は鬼火ロトムや熱湯ミロカロスにあくびが通らないと困るので精神力。シンクロにするとハラバリーやどくどくブラッキーに強くなるが、それらは後述するガブリアスやゲンガーを展開すれば勝てると判断した。精神力はドドゲザンのアイアンヘッドで怯まないのも偉い。 色んな人が記事で書いているが、ブラッキーの一番強い技は願い事であり、困ったら打っておけば裏目になることは少ない(比較的即負けになりにくい)。あくびは目の前のポケモンを流さないと試合が進まない状況や、勝ち筋が見えた時以外はほとんど打たなかった。 今期はニンフィアがメタられていた分、ブラッキーはそこまでだったのも大きいと思う。 プレイングや構築次第で対策も乗り越えられるポケモンでありとても使っていて楽しいので、使ったことがない人はぜひ1度は使ってみてほしい。 体感選出率1位！ 調整 H-特化メガカイリューの流星群75%耐え (もっと意識したことがあった気がしましたが忘れました...) C-H振りメガメタグロスをまきびし込みで75%で落とす H振りメガメタグロスをイルカマン(ナイーブ)のクイタン+シャドボで91.01%で落とす H2振りメガルカリオをまきびし+鮫肌+シャドボで確定 H32 D2振りブラッキーをステまき込みで+2ヘドロウェーブで確定(残飯１回挟むと75%) S-最速メガルカリオ抜き 持ち物 メガシンカするためのメガ石 技構成 ・タイプ一致兼対フェアリー打点となるヘドロウェーブ ・タイプ一致兼サーフゴーを倒すためのシャドーボール ・積み技意識のクリアスモッグ、これがないとサイキネフラエッテや瞑想アシレーヌが怪しい ・崩し、あくびとの相性のいい積み技として悪巧み 概要 束縛ポケモン。 悪巧みは受け崩しとして採用していたが、ケアされづらかったこともあり対受け以外にも有効に働くことが多かった。 Sは当初最速スターミー抜きで使っていたが、スターミーが減っていると感じたので最低限まで落とした。ただ最速スターミー抜きまで振ると準速ミミロップを抜ける(サイクル下で判定)ので、それはそれで強いと思う。 ブラッキーと組むことで守るの優先度が落ちるため、他の技を採用しやすくなるのも強い。 特性のかげふみが試合の組み立てを行いやすく、択ではなく絶対勝ちの盤面を作りやすいため個人的な評価はブラッキーが好きなこと関係なくめちゃくちゃ高い。 体感選出率2位！ 調整 H-余りで奇数条件下最大、8n-1 A-破壊するために特化 B-体感物理技を受けることが多かったのでDではなくB振り S-最速メガジュカイン抜き 持ち物 構築内で高速アタッカーがいなかったのでスカーフ。 アンコールを強く使えたり、耐久振りメガバシャーモをワンパンできるなどの利点もあるため神秘の雫も一考。 技構成 ・剣舞ガルドやミミッキュ、バシャーモを切り返すためのジェットパンチ ・タイプ一致最高火力のウェブタックル ・対面操作技のクイックターン ・ガブリアスやカイリュー、メガジュカインを意識した冷凍パンチ 冷凍パンチはブリジュラスの身代わりを割るためのインファイトもあり 概要 ガチHero ミミッキュ対策がイルカマンなことを疑問に思う人もいるかもしれないが、ブラッキーやゲンガーが対面負けるとはいえ皮を剥ぐことはできること、ミミッキュ自体が広く浅くポケモンであることからイルカマンの数値を絡めると意外と勝つことができる。ウッドハンマーも立ち回りをミスらなければケアできる。 技威力が高いため、ウェーブタックルは陽気メガスターミーのアクブレより火力が上で、先制技に関しては意地メガスターミーよりも火力が出る。 M-B環境でブラッキー+ゲンガーを使わせてくれたのはイルカマンのおかげなので本当に感謝。 体感選出率4位 調整 H-総合耐久意識で振り切り B-特化ガブリアスの逆鱗を最高乱数以外耐え 特化ガブリアスのスケショ５発+鮫肌をオボン込み確定耐え D-C特化アシレーヌのムーンフォースを87.5%で耐え C特化メガゲンガーの凍える風を確定耐え S-ミラー意識(今期すべてのミラーで上から動いた！) 持ち物 場持ちをよくするためのオボンの実。 アシレーヌにオボンを渡すか少し悩んだが、ガブの選出率が高く軸でもあったためこちらを優先した。 技構成 ・タイプ一致技の地震 ・起点回避＆設置技と相性のいいドラゴンテール ・全てのポケモンにダメージを与え、リザードンやウルガモスを機能停止にしやすいステロ ・崩しやサイクルを有利にするためのまきびし 概要 使用率１位納得の強さを持つポケモン。 崩しやブラッキーの負担軽減、対面での殴り合い等多くの役割をこなしてくれた。 よくブラッキーは使うのが難しいといわれているが、個人的にはガブの方が難しいと思っている。体力をどれだけ残すべきか、設置技はどれくらい必要なのか、そもそも目の前のポケモンを倒すべきなのかなど考えることが多く、長く使っている自分でも正解の行動ができているかわからない。 一応、困ったらステまき1回ずつ撒いておけばブラッキーが何とかしてくれることが多いので、最初のうちはそれでもいいと思う。 初めて最終3桁取った時のガブリアスと同じ型で初めて最終2桁取れたのなんかエモい 笑 体感選出率3位！ 調整 H-できるだけ高く A-過去の自分がA31振りでも問題ないと判断していたので31振り S-炎の牙持ちのミラーの上をとってほしいので微振り 持ち物 メガシンカするためのメガ石 技構成 ・タイプ一致最高打点のじゃれつく ・鋼タイプを役割対象としたいので炎の牙 ・先制技の不意打ち ・壁構築やフシギバナ+ミミッキュに勝つためのサイコファング 剣舞が欲しい場面はなくはなかったが、立ち回りで補えると判断して不採用 概要 可愛い破壊神。 クチートの弱点の一つとしてタイプが優秀なのにサイクルを回しにくいことがあるが、ブラッキーの願い事やあくびを絡めることによってサイクル加入することができる。クチートをカバルドンでしか見れない構築も一定数あり、有利対面を作って殴っているだけで勝つことも少なくなかった。 また、終盤に一定数いたハッサム軸に対しても有利を取りやすい。 積み技はないものの、素の火力がバグっているため設置技と絡めて崩しを行うことができる。 最終戦もしっかりとじゃれつくと炎の牙を当てて勝利に貢献してくれた。 選出率は低いものの、じゃんけんになりやすいマスカーニャの選出を抑えてくれたため選出画面でも役に立っていた。 ブラッキー+クチートはあまり使われていない並びだが、とても強かったので今後の開拓に期待。 体感選出率5位 調整 H-総合耐久意識で振り切り B-対面性能やミミロップを意識してできるだけ高く C-11n 持ち物 何を持たせればいいのかわからなかったので、一番試合に活きそうな妖精の羽 技構成 ・タイプ一致技のムーンフォース ・タイプ一致兼ブラッキー対策の身代わり意識でうたかたのアリア ・ブリジュラスやサーフゴーを意識した瞑想 ・起点回避のためのアンコール 概要 最後まで悩み続けた補完枠。 瞑想はアクジェにするか本当に悩んでいたが、最終日前日に瞑想のおかげで勝った試合があったのと、選出率が低いため多少尖った型にしても問題ないと考えて瞑想とした。 調整や持ち物は時間なかったのもあって適当になってしまったので反省。 トリルを覚えてブリジュラスやミミロップに弱くないGヤドキングやランクルスも使っていたが、気合い玉を打ちたくなさ過ぎたのでアシレーヌになった。 一応、クチートと合わせてほとんどの崩しのサザンドラの技を半減以下にすることができるからか、悪巧みサザンドラは一度も選出されなかった(当たらなかっただけ...？)。サザンドラには勝てるつもりだったが、出てこないに越したことはないのでありがたかった。 型は変えたほうがいいと思うが、上位でもアシレーヌが重そうな構築は多く、活躍してくれたので採用したこと自体は正解だったと思う。 体感選出率6位 選出 ガブリアスorイルカマンorアシレーヌ+ブラッキー+メガ枠 という選出が9割ぐらいで、残りの1割でブラッキーを出さない選出をした。 メガなし選出は1度もしていない。 自分が考えていたことはざっくりと ①,ブラッキーが不利なポケモンの引き先を用意する ②,①のポケモン+ブラッキーで対応しにくいポケモンに対応できるポケモンを選ぶ ③,一番出し負けたときのリスクが低いポケモンを初手に出す もしこれで選出が破綻しそうだったらブラッキーを選出しないorメガなし選出を検討する。 参考になるかわからないが、イルカマンは全て初手に選出し、ブラッキー初手はなかったと思う。 重いポケモン ・アシレーヌに打点のあるミミロップ アシレーヌにホズの実を持たせればある程度は改善すると思う。 なぜか1度も選出されなかったのでよくわからないが、一応ブラッキーが一発耐えるため頑張れば何とかはなる。 ・メガライチュウ メガライチュウの上から動けるイルカマンと引き先になれるガブリアスは選出したいため、ブラッキーかメガ枠のどちらかを出さない選出を強制される。 数が少ないと思っていたため薄く見ていたが結果を残している方が多かったため、当たらなかったのは運がよかっただけなのかもしれない。要改善。 ・カシブの実を持った悪巧みサーフゴー 悪巧みサーフゴーはメガゲンガーで上から倒すつもりだったが、そのプランが取れないため厳しい。 ・カビゴン 地割れケアして殴ったらカウンターを打たれ、カウンターをケアしたら地割れを打たれた。 対面構築のカビゴンは地割れがないと思っていたこともあって全対応できない。 結果 最後に 初の最終2桁を達成できただけでなく、大好きなブラッキーと共に勝てて本当にうれしいです。 自分はポケモン対戦をsvのレギュFから始めていて、一撃技や技の追加効果などに苦しんでなかなか勝つことができていませんでしたが、あの時の頑張りが今につながっていると思うと頑張ってよかったなと思っています。 好きなポケモンを使うことよりも勝つことを優先しているので、またブラッキーを使うかはわかりませんがさらに強いプレイヤーになれるようにこれからも頑張りたいと思います。 普段はGamewithさんの雑談掲示板、「ランクマッチ勝ち方教えてください」というスレにいます。 優しい方がたくさんいてとても心地いいスレです。 Xのアカウントを持っていないので、何かあればスレまで来ていただけるとありがたいです。 最後まで読んでいただきありがとうございました！ ポスト r regana r regana ポケノート ツール サポート 記事一覧 チーム管理 お問い合わせ 記事検索 記事一覧 記事検索 チーム管理 お問い合わせ"
M-4,【ポケモンチャンピオンズM-4最終55位】 変幻ルカマスカミトムサイクル｜りん,https://note.com/rin_poke17/n/n7637ae1a6406,【ポケモンチャンピオンズM-4最終55位】 変幻ルカマスカミトムサイクル｜りん 投稿 ログイン 会員登録 【ポケモンチャンピオンズM-4最終55位】 変幻ルカマスカミトムサイクル 22 りん 2026年8月6日 23:12 結果 使用構築 M-B終わるまでは公開してると思います チームコード  V9VCSQHR4N 構築経緯 前期上位の構築を試していたところ、メガルカリオが手に馴染んだのでメガルカリオを軸に構築を組み始めました。 取り巻きとして、ルカリオと非常に相性の良いマスカーニャとロトムを採用。(型の決定については個体解説にて) ルカリオの天敵であるギルガルドに強く、構築の地面枠としてオボンガブリアスを採用。 対ルカリオやバシャーモ、ハッサムなどが重かったので誤魔化し範囲の広いHBベースの挑発持ちギャラドスを採用。 相手のメガカイリューやメガフラエッテ、アシレーヌの引き先として下から対面操作の出来るガラルヤドキングを採用して構築が完成した。 個体紹介 対ブリジュラス最強ポケモン 調整 A…ガチ特化 S…準速ガブリアス抜き＋3 あまり耐久  (B振りにすることでカバルドンの地震を75%で耐える) 構築の軸。このポケモンのいちばんの強みとして、相手のブリジュラスに強いという点があげられる。メガミミロップと違いりゅうせいぐんやラスターカノンに対して後出しができるのが優秀。 地震を採用したことで初手ブリジュラスと対面した際にゴーストタイプへの引きと頑丈ケアを両立することが出来たので地震の採用は正解だったと思う。 一方で、構築単位でゲンガーやミミッキュがやや重かったので先制技はバレットパンチの方が良かったなと感じた。(マフォクシーやスターミーには構築単位で有利を取れるため) 選出率3位 色違い欲しい🥲 A…ガチ特化 S…最速カブリアス抜き あまり耐久 本構築最強のポケモン。 持ち物の変遷としては、スカーフ→襷→球→帯。 スカーフマスカーニャよりも打ち分けマスカーニャのが強いと感じ、その中でも球ダメージが入らず型がバレない且つ相手視点見えない火力上昇に魅力を感じ、たつじんのおびを採用した。 技構成は、環境に一定数残飯ギャラドスがいたこと、ルカリオとマスカーニャを受けに出てくるドヒドイデやヤドラン、アーマーガアに抜群を取れるかみなりパンチ、ギルガルドやサーフゴーに対して強いはたきおとす、メガメガニウムやガブリアス、カイリューのあと投げを許さないトリプルアクセル、想定外の先制技としてふいうちを採用した。 イカサマにするとAに振っているメタグロスをワンパンすることができたり、トリックフラワーがあるとHBアシレをわんぱんできたり、とんぼがえりはHBブラッキーを半分削ることができるので技は何を使っても強いと思うので更なる開拓を期待。 このポケモンは流行っていたM-3最終1位構築を1匹で破壊することが出来たり、ミミッキュに対面勝つことが出来たり、はたきおとすにあと投げしてきたサザンドラ、カバルドンをそのまま突破したり、トリプルアクセルを起点にしようと出てきたギャラドスを返り討ちに出来たりする。 変幻自在＝スカーフという相手視点との認識のズレを利用した立ち回りが出来るのも強いので、打ち分けを見せるタイミングは慎重に。 選出率2位 火力の目安 1まきびしで93.7%〜 C…特化 S…最速ギャラドス抜き あまり耐久 マスカーニャを帯にしたことでゲッコウガなどが苦しくなったためロトムをスカーフで採用。 ステロ＋スカーフボルトチェンジ＋しんそくでマフォクシーを縛ったり、初手襷キラフロルに対してボルトチェンジ→ルカリオ出しなどで相手のキラフロルの仕事量を減らすことができ強かった。 スカーフトリックも偉く、初手に来たガブリアスをステロで固定して試合のテンポを握ったり、ラスイチドドゲザンとのふいうち択を解消したり出来るので選出した際はスカーフを手放していいのか、最後スイーパーとして使うのかを意識しながら立ち回っていた。 選出率5位 HB…ガブリアスの逆鱗確定耐えライン HD…特価アシレーヌのムーンフォース87.5%耐え 普通のオボンガブリアス。ギルガルドやソウブレイズ、ハッサム絡みに強く、ステロまきびし×定先制技の相性が良く、しんそくやふいうちでの縛り範囲を大きく広げてくれた。 選出率4位 H…ステロダメ意識で奇数値且つ振り切り S…無振りハリーマン抜き A…ミミロップやゲンガーへの打点意識で性格補正＋10振り(元々効率のいい15振りだったがハリーマンに負けたためSに割いた代償) B…あまり 対カバルドン最強ポケ＆あらゆる物理を受けてくれる万能クッション。 元々残飯ギャラドスを使い慣れていたこと、相手視点メガシンカに見えもすることからほぼ毎試合選出し、大活躍してくれた。 この型のギャラドスの多くがパワーウィップ持ちだが、相手のギャラドス・アシレーヌが重くない点、ただでさえ命中不安技が多い構築に命中不安を増やしたくないという理由でブリジュラスの打点にもなる地震を採用した。 この枠はハッサムに強くなるやけっぱちやドラゴンテールでもよかったなと思っている。 H…奇数値且つ振り切り D…効率の良い29振り B…あまり フラエッテ・メガカイリュー・アシレーヌ・メガニウム・マフォクシーなどの特殊受けクッション。 持ち物はたべのこしが余っていなかった為ガブリアス対面居座る選択を取れるシュカのみ。 技構成はフラエッテへの打点としてヘドロばくだん、ドラゴン勢への打点としてれいとうビーム、構築単位で重いメガムクホークの粘りを許さないサイコノイズ、対面操作技のさむいギャグ。 最終日かなりの数のフラエッテと当たり期待通りの活躍をしてくれたので採用は正解だったと思う。ルカリオを出せない構築でのブラッキーやニンフィアにそこそこ強く出れる点も良かった。 選出率6位 選出 基本選出等はなく臨機応変に満遍なく投げていた為良くしていた選出例を挙げておきます。 ・ルカリオ＋ギャラドスorロトム＋マスカーニャ ブリジュラス入構築に対して1番良くしていた選出。初手ブリジュラスにルカリオを合わせて対面的に戦うか、ロトムのボルトチェンジを絡めたサイクル戦をするかの選択。 サザングロススタンにもこう投げていた。 スカーフサザンドラの技が一貫しないように注意したい。 ・マスカーニャ＋ギャラドス＋ガブリアスorヤドキング サザングロス以外のメガメタグロス入りの構築や、リザードン入の構築、フラエッテ＋スターミーorマフォクシーのような構築に対しての投げ方。ギャラドスとマスカーニャでメタグロスの技の一貫を切れており、ドラゴンテールで鉄壁グロスを流すことができるので最速メタグロス以外には勝率を保つことができた。 選出の考え方 これは個人的な考えなのですが、選出をする際はある程度最後まで試合を見据えて誰を通すかを意識することと、相手視点こちらの構築がどう見えているか、相手の6匹をどう投げたらこちらの構築全てに対応出来そうかを考えてそれに対して合わせるような感覚で選出をすると強い選出を選択することができるのかなと思う。 これは構築の練度と深く関係している部分だと思うので対戦数をこなした末に見えてくるものだと思うので、潜りながら1試合1試合振り返ることが大切。 重いポケモン 鬼火メガゲンガー 球ドラパルト ルカリオに打点を持ったマスカーニャ 結果 TN僕たちの歌  最終2464 55位 ⤵︎ ︎TNの由来 イコラブの姉妹グループ、ニアジョイちゃんです！ほんっとに最高のグループなのでぜひ曲を聴いてみて欲しい…！ あとかだり M-4は一旦最終2桁をとることを目標としていたので嬉しい反面、2500チャレンジを5回ほど落としてしまい個人的には悔しさの残るシーズンとなりました。 次の試合急所負け😭 しかし最終日は常に溶かさず2桁付近をキープできたのでそこは構築作りも含めて良かったのかなと思います！ 次は10位台を取ることを目標にしているので、更にプレイングと思考を磨いてよりよい結果に繋げたいと思います！ 最後に ここまで見てくださってありがとうございます！ 構築についてなにか質問等あったら @rin_poke17 までお願いします！ 決して強い構築とは言えませんが、帯マスカーニャだけでも試してくれたら幸いです！ Special Thanks 色々と相談にのってくれたはるぼうず 最終日気持ちを落ち着けてくれたそら＆ほいみん ダウンロード copy いいなと思ったら応援しよう！ チップで応援する #ポケモンチャンピオンズ 22 りん フォロー トップ ゲーム RPG (ロールプレイングゲーム) noteプレミアム note pro ヘルプ プライバシー クリエイターへのお問い合わせ フィードバック ご利用規約 通常ポイント利用特約 加盟店規約 資金決済法に基づく表示 特商法表記 投資情報の免責事項
M-4,【S4最終59位・MCS26.06最終6位】百錬成鋼サザングロスアシレ - わたぼうのブログ,https://watabou828poke.hatenablog.com/entry/2026/08/06/132751,【S4最終59位・MCS26.06最終6位】百錬成鋼サザングロスアシレ - わたぼうのブログ わたぼうのブログ 読者になる わたぼうのブログ 2026 - 08 - 06 【S4最終59位・MCS26.06最終6位】百錬成鋼サザングロスアシレ ◎はじめに わた　わた🎶　どうもわたぼうです。 今期は最終59位でした！前期と前々期は2桁以上の順位を取れなかったので、今期はひさびさに取ることができて良かったです。 また、この構築は全く同じ並び(調整や技のみ変更)で、6月のマンスリーチャレンジで最終6位を達成できました。公式大会でまさかの1桁が取れてとても嬉しかったです😊 構築はこちらになります。 ◎はじめに ◎構築経緯 ◎構築コンセプト ◎単体紹介 ・メガメタグロス ・メガゲンガー ・サザンドラ ・カバルドン ・アシレーヌ ・ガブリアス ◎選出 ◎重いポケモン ◎おわりに ◎構築経緯 ①M-B環境で新しく解禁されたポケモンたちの中でも、単体性能が極めて高く、見た目も重厚でかっこいいため、 メガメタグロス を軸にすることを決定しました。 ②メガメタグロスは対面的な撃ち合いは非常に強いポケモンですが、自身で攻撃力を上げる手段が限られることや、技構成によってどうしても殴れない範囲が出てしまうことから、受け寄りなサイクルへの崩しは難しいと考えました。 そのため相方のメガ枠には、グロスで対処しづらい受けサイクルに強い メガゲンガー を採用しました。 何よりメタグロスとゲンガーは共通してフェアリータイプに強いため、構築を組む上で取り巻きのポケモンたちとのシナジーを共有しやすいことが強力だと考えました。 ③グロスゲンガーの両方が苦手とする地面、悪、ゴースト技への引き先になれて、スカーフ枠として上からの制圧ができる サザンドラ を採用しました。 ④優秀なタイプで多くの技の一貫を切ることができ、相手のサザンドラ、ブラッキー、メガマフォクシー、メガカメックスに強く、カバルドンへの処理性能が高いことを重視し、 アシレーヌ を採用しました。 ⑤タスキ枠として、高い火力と素早さを持ち、ステロ+ドラテ、岩石採用によって、対面的な撃ち合い・受け崩し・ストッパー役を最大限に行える ガブリアス を採用しました。 ⑥最後に、サイクルをより強固にするために必須な物理受けポケモンとして ・構築単位で重めな ギルガルド(特殊以外)、バシャーモ、クチートに強い ・あくびで相手の行動を制限することで、試合展開の組み立てが行いやすい ・砂嵐での定数ダメージが崩しの補助になったり、雨パに対しても自然な対策になる といった要素が非常に強力な カバルドン を採用しました。 ◎構築コンセプト ・ 数値が高いポケモンたちで相性補完を作り、対面・サイクルの両方で強く戦う ・ 「 対面での撃ち合い」「受けへの崩し」「展開への妨害」を全て組み込み、広い構築に対応できるようにする ◎単体紹介 ・メガメタグロス 〈調整〉 ・H……C特化サザンドラの悪の波動確定耐え タイプ一致のイカサマを93.8%耐え ・A……全てを粉砕するため特化 アイアンヘッドでHB特化ニンフィアを87.5%の乱数一発、H32メガメガニウムが確定一発 ・S……準速ガブ抜き+1、最速ビビヨン抜き 〈所感〉 現環境において、対面性能では間違いなくNo.1のポケモン。 火力耐久素早さの全てが高水準であり、技構成次第で環境の大半のポケモンに対処できるのが強みです。 鋼タイプであるため砂や毒を喰らわず、ステロに弱くない点も強力です。 メガ前の特性がクリアボディなのも地味に優秀で、非メガでギャラドスと対面すれば威嚇を喰らわなかったり、ねばねばネットが無効なことも強みです。 技構成について。 ・ アイアンヘッド ……一致メイン技。怯みによる上振れも強力 初めはこの枠をサイコファングで使っていましたが、最近は環境のグロスにバレパン以外の鋼技採用が減ったことでHBニンフィアやピクシーが台頭してきて困る場面が多かったので、これらに隙を見せず選出するためにアイヘを採用しました。 ・バレットパンチ……先制技 ・雷パンチ……アーマーガア、ギャラドス、スターミー、ヒスイダイケンキ、ミロカロスを強く意識 ・地震……ギルガルド、メタグロス、サーフゴー、ブリジュラス、ドドゲザンを意識 雷パンチ+地震の採用は、前期1位の攻め意識さんの影響で環境に爆増したスターミーアマガハラバリーの並びも特に意識しました。 ・メガゲンガー 〈調整〉 ・H……C特化ブリジュラスの竜星群を最高乱数以外耐え A特化マスカーニャのはたきを75%耐え ・C……なるべく高く ・S…… 最速。 メガゲンミラーを強く意識 〈所感〉 最強の特性を持つポケモン。 本構築ではゲンガーもグロスと同等に主軸としています。 グロスは対面的に殴り合える構築に選出し、ゲンガーはグロスで崩せない受け寄りなサイクルや、バトン等のギミック系に見える構築に積極的に選出します。 他にもグロスの苦手なポケモン(メガスコヴィランなど)がいたり、グロスの技の通りが悪いときはゲンガーを積極的に選出していたため、日によってはグロスのメタが厚く、ゲンガーの方が選出が多いことがありました。 技構成について。今回は受け崩しとギミック阻害を重視して 滅びの歌 を採用しました。加えて、滅びと相性が良く、初手から投げてメガシンカを作っておけたり、相手の出方を伺いながら行動できるのが強力な まもる を採用しました。 また、S1〜3では性格を控えめで使っていましたが、環境的にメガスターミーの陽気が増加したことや、完成度の高いメガゲンガー構築にはSで負けると不利になってしまうことを感じたため、今回は臆病最速で採用しました。 ぼくは元々サイクル戦が不得意ですが、メガゲンガーは有利な対面を作ることが勝ちに直結するため詰め筋を考えやすく、使っててとても楽しくて好きなポケモンです。 ・サザンドラ 〈調整〉 ・H……端数 ・C……火力が足りないため特化 ・S……準速。最速スカーフサーフゴー抜きで、最速スカーフブリジュラスと同速 〈所感〉 メタグロスの最高の相棒ポケモン。 個人的に、サザンドラは火力面では物足りない部分がありますが、それ以上に固有のスペックが優秀なため、明確に強いポケモンだと思っています。 グロスの苦手な炎ゴースト地面悪、ゲンガーの苦手な地面悪ゴーストエスパーに耐性があり、逆にサザンが特に苦手とするフェアリーに対してはグロスゲンガーが強く出られるため、相互に強力な関係を持てています。 また、悪の波動で怯みによる上振れ勝ちを自然と狙えること、浮遊であるため地面の一貫を切れて毒びしや撒きびしを受けないこと、600族であるため無振りでもそれなりに耐久があることも優秀です。 技構成について。火炎放射はハッサムルカリオドドゲザンアーマーガアメガニウムクチートなど撃ちたい相手が多いため確定。とんぼ返りはミミッキュの皮剥ぎで役立つほか、虫弱点のポケモン(ゲッコウガやヒスイダイケンキ)に良いダメージを入れながらサイクルできるのが強いため確定採用です。 ・カバルドン 〈調整〉 全ての物理を受けるためHB特化。余りD 〈所感〉 個人的にガブと並んで一般枠Sランクポケモン。 このポケモンがいるだけで物理ポケモンに対してかなり安定するほか、壁や天候やトリルなども自然と対策ができるため、クッション役になれるポケモンの中でも汎用性が頭一つ抜けて強いポケモンです。 S2の記事で書きましたが、「HB特化+食べ残し+あくび+なまける+まもる」が合わさることで、こだわっているマスカーニャやイダイトウに1対1なら勝ててしまうのが非常に強力です。 反面、特殊方面はあまり耐久が高くないため、特殊のポケモンに対しては取り巻きのポケモンでタイプ受けをして上手く誤魔化す必要があります。 カバ対面で剣舞をしてきたり、明らかに自信のある後投げしてくるガブリアスはラム剣舞型をケアして動いていました。ラムに見えるガブに対してはあくび→まもる→あくびと動くことでケアをしやすいです。またスケショはすぐには撃たれにくいため、サザンを出してる場合はすぐサザン引きしたりしていました。 ・アシレーヌ 〈調整〉 ・H……総合耐久重視で振り切り ・B…… 命の玉ミミッキュのウッドハンマー確定耐え A特化ガブリアスの地震をオボン込みで2発耐え ・C……火力を出すため補正をかけてなるべく高く ・D……C特化メガカイリューの10万ボルト2発をオボン込みで58.3%耐え ・S……最遅 性格を 冷静 で採用した理由は、上記の耐久振りを確保するとSを振れずミラーでは基本上を取られるので、最遅にしてニンフィアやラグラージ等に上からあくびを受けて下からクイックターンできるようにしたためです。控えめと比べてアクジェやクイタンのダメージが少し伸びることも強みです。 〈所感〉 構築の潤滑油になるポケモン。 グロスゲンガーと組んで非常に相性がよく、優秀なタイプのおかげで構築で無理な相手を大きく減らしてくれるため、このポケモンもS1から信頼して使い続けています。 今期は初手から投げる際の安定性を高めるため、環境に増えていたミミッキュのウッドハンマー耐え調整を施しました。ウドハンミミッキュは初手から来ることが多かったため、この調整にしてからはウドハンに怯えずにクイタンから有利展開を作れるようになり、勝率を向上させることができました。 技構成はいつも通りの4つです。補助技も欲しいものはありますが、クイタンアクジェも使う場面が多いため悩ましいです。 ・ガブリアス 〈調整〉 崩しの負荷を最大限にかけるため意地AS (環境に速いリザードンが増えていたため、陽気にしたい場面もあって悩ましいです) 〈所感〉 どんな型で採用しても強い、チャンピオンズ環境最強のポケモン。 構築コンセプトの項で、 「 対面での撃ち合い」「受けへの崩し」「展開への妨害」を全て組み込むと書きましたが、このガブリアスはまさにその3つの要素全てを兼ね備えているポケモンだと考えています。 ドラゴンテールが積み展開やギミック構築に強力なのはもちろん、A特化で撃つことでステロと合わせて相手に大きく負荷をかけることができるため、フシギバナ+ブラッキーのような受けサイクルへの崩し手段の1つとしても非常に強力でした。 技構成について。地震はもちろん確定で、ドラテ+ステロも先述したように強みがあるため確定、岩石封じはギャラドスの竜舞に抗ったり、メガマフォクシーへの打点として強力なため採用です。 ◎選出 特に決まった基本選出は無く、相手の並びによって柔軟に選出します。(困ったらサザングロスアシレorゲンガーカバ@1) ここでは特に相手の構築にいたら選出時に意識したい重めなポケモンの対処について書いていきます。 ◎対マスカーニャ入り構築 マスカは初手から来ることが多いため、出来るだけ初手は対面不利を取らないグロスか、まもるで様子見が可能なゲンガーを選出するようにしていました。 ゲンガーで投げた際は一度まもるで様子見し、マスカが変幻自在だった場合はスカーフ、新緑だった場合はタスキを想定して立ち回ります。なるべくカバ+アシレを一緒に選出できるとスカーフ型に安全に対処しやすくなります。 打ち分けできる型は全般きついですが、カバの耐久を活かして上手く誤魔化していました。 ◎対ゲッコウガ入り構築 対ゲッコウガは、飛んでくる技に合わせて上手く交代して一致抜群を喰らわないこと、サザンで上から圧をかけたりグロスのバレパン圏内に入れることを意識しました。 メガゲッコウガに対してはカバ+ゲンガーの選出をすると大幅に不利を取ってしまうため、相手の構築的にメガゲコに見える場合はカバゲン選出は控えるようにしていました。 また、スカーフゲッコウガは個体数があまり多くないため切り気味でした。 ◎対ギャラドス入り構築 対ギャラドスでは主に以下のようなことを重視しました。 ・ガブの岩石で竜舞からの全抜きを防いだり、事前にステロを撒いておくことで裏のグロスの雷パンチ等で処理をしやすくする ・竜舞を積ませても1舞だけにさせて、スカーフサザンで捲れるようにする ・メガギャラは挑発持ちが少ないため割り切ってカバをストッパー役にする ◎対ブラッキー入り構築 ブラッキーも構築単位で対処が難しいです。 ガブのステロドラテ、アシレのムンフォで圧をかけたり、カバであくびを入れて崩す体制を整えます。 また、イカサマが飛んでこないタイミングでゲンガーで滅びを入れて対処するのも有効です。 崩せなくなった場合はカバでTODも多く狙っていました。 ◎対カイリューガルド(+カバマスカアシレ)構築 こういった王道のスタンの並びには、グロスorゲンガー+アシレ+カバで投げると五分の戦いをしやすかったです。 ◎対サザングロスアシレ構築 サザングロスアシレミラーでは、こちらもサザングロスアシレで行くのもありですが不安定になりやすいため、ゲンガー+アシレ+カバのような選出をしていました。 この構築のように相手もゲンガー入りの場合はゲンガー+アシレ+サザンで投げます。 ◎対スターミーアマガハラバリーダイケンキエルフーンゲンガー(通称攻めパ) この並びに対してはサザン+グロス+ガブで選出することが多かったです。 ガブでステロを撒いてから雷パン地震グロスを通す、またはスカーフサザンを(悪波連打による怯みも込みで)受からない状況を作って崩すことを重視しました。 サザングロスが両方対面だとやられてしまうヒスイダイケンキに対しては、サザンのとんぼ+引き先のガブの鮫肌で削り、安全に処理できるようにします。 この選出でのガブはハラバリーへの引き先でもありますが、ステロを撒くこととアマガに積む隙を与えずドラテで流すことが役割なので体力は重視しなかったです。 ◎対雨パ(ペリッパーラグラージブリジュラス系) サザン+カバ+@1で多く選出していました。相手にマスカーニャがいない場合は@1の枠はアシレ選出が多いです。 対雨パで特に意識していたことは、ペリラグブリの並びには全体的にスカーフサザンが刺さっていること、雨からのメガラグラージに対しては天候を奪うためにカバルドンを積極的に投げることです。また、カバへのウェブタは反動ダメージを多く稼げるためサザン圏内に入れやすくなります。 ◎重いポケモン ・マスカーニャ(特に打ち分けできる型) ・ゲッコウガ ・ブラッキー ・マンムー ・速いメガリザードン ・特殊ギルガルド ◎おわりに ここまで読んでいただきありがとうございました😊 サザングロス構築はどうしても択になってしまう場面があったり、環境的にメタも多く難しいですが、それでも確かな強さがあり、何より見た目がかっこいい構築なのでおすすめです。 今期はまだ改善したい部分が多かったので、次はもっと煮詰められるようにがんばります。 ではまたね！ばいばいわた！！ Watabou828poke 2026-08-06 13:27 読者になる 広告を非表示にする もっと読む コメントを書く 【最終179位R2337】万里一空カバブリカイ… » プロフィール id:Watabou828poke 読者です 読者をやめる 読者になる 読者になる このブログについて 検索 リンク はてなブログ ブログをはじめる 週刊はてなブログ はてなブログPro 最新記事 【S4最終59位・MCS26.06最終6位】百錬成鋼サザングロスアシレ 【最終179位R2337】万里一空カバブリカイリュー【S2シングル】 【最終18位R2728】夢幻泡影ゲンガブアマガ【S1シングル】 【最終24位】不朽不滅ザシミライ 【最終23位】天衣無縫ミライザシアン【シングルS39】 月別アーカイブ ▼ ▶ 2026 2026 / 8 2026 / 6 2026 / 5 2026 / 4 2026 / 3 2026 / 2 2026 / 1 ▼ ▶ 2025 2025 / 12 2025 / 9 2025 / 5 2025 / 3 2025 / 1 ▼ ▶ 2024 2024 / 12 2024 / 10 2024 / 9 2024 / 7 2024 / 6 2024 / 5 2024 / 4 2024 / 3 2024 / 2 2024 / 1 ▼ ▶ 2023 2023 / 11 2023 / 10 2023 / 8 2023 / 7 2023 / 4 はてなブログをはじめよう！ Watabou828pokeさんは、はてなブログを使っています。あなたもはてなブログをはじめてみませんか？ はてなブログをはじめる（無料） はてなブログとは わたぼうのブログ Powered by Hatena Blog | ブログを報告する 引用をストックしました ストック一覧を見る 閉じる 引用するにはまずログインしてください ログイン 閉じる 引用をストックできませんでした。再度お試しください 閉じる 限定公開記事のため引用できません。 読者です 読者をやめる 読者になる 読者になる
M-4,M-4 まきびし展開ギャラフラウド 【最終60位】 - 負けに不思議の負けあり,https://kimmin.hatenablog.com/entry/2026/08/06/223815,M-4 まきびし展開ギャラフラウド 【最終60位】 - 負けに不思議の負けあり 負けに不思議の負けあり 読者になる 負けに不思議の負けあり 2026 - 08 - 06 M-4 まきびし展開ギャラフラウド 【最終60位】 周囲にチャンピオンズから始めた人が多いため、いつもより丁寧に解説します。 目次 【構築の要点】 【構築経緯】 【個体紹介】 【選出】 【ギャラリー】 【最後に】 構築の要点 設置技×あくび×メガエースの相互作用 設置技×あくび： 設置技による定数ダメージにより、あくび連打を相手を削る行動に変える。 あくび×メガエース： 相手に交代か眠りの選択を迫り、メガエースが積む機会を作る。 設置技×メガエース： 設置技による定数ダメージの削りにより、メガエースの火力を補う。 以上のように、設置技を展開したうえであくびを使い、交代すれば定数ダメージ、居座れば眠りのどちらかを迫る。いずれもメガエースの全抜きにつながる行動になっており、3主要素が非常に噛み合っている。 対面と展開のミックス 広い技範囲を持つマスカーニャ、あくび連打からフレアソング・たたりめで自身も攻撃に参加できるラウドボーン、高い攻撃数値やさめはだにより設置技以外でもダメージを出せるガブリアスなど、役割が単一になりにくいポケモンを採用した。そのため、勝ち筋が積みエースだけに依存せず、ダメージレースで遅れを取らずに試合を進めることができる展開構築となっている。 構築経緯 最も自分が使いやすい構築の型である、初手対面駒＋クッション＋エースの並びを組むことにした。 まずクッションとして、環境のメガシンカポケモンの多くを相手にでき、使用に慣れているあくびラウドボーンを採用した。ラウドボーンの弱点を補うように残りのメンバーを選定した。 初手の対面駒には、技範囲が広く、ラウドボーンが苦手とするガブリアス・アシレーヌ・ブリジュラスの弱点を突くことができるマスカーニャを採用した。 エースは、ラウドボーンとの受けのタイプ相性を意識して選定した。地面の一貫を切ることができ、メガシンカ後にはゴースト・悪技を半減できるギャラドスを採用した。 ここまでの3匹が決まった段階で、それぞれの技構成を改めて検討した。マスカーニャにまきびしを採用することで、ラウドボーンのあくびを強力な削り行動に変えられるうえ、ギャラドスの不足しやすい火力も補えることに気づいた。動きの面でもタイプ補完の面でもこの3匹の相性が非常に良かったため、構築の軸とした。 もう1匹のメガエースとして、ラウドボーンが苦手とする悪タイプに非常に強く、ギャラドスを通すことが難しいブラッキー入りなどに選出するサイコキネシス持ちフラエッテを採用した。 フラエッテを通すうえで障害となる鋼タイプを削ることができるクッションとして、HBガブリアスを採用した。 選出画面で相手のマスカーニャをけん制でき、幅広い相手との1対1交換が期待できるCSブリジュラスを採用した。 個体紹介 採用順に並べている ラウドボーン ＠たべのこし ずぶとい　211(32)-85-154(20)-131(1)-102(7)-92(6) フレアソング／たたりめ／あくび／まもる S→アシレーヌやギルガルド、アーマーガアなどを強く意識した。 HBD→使っていてHB振り切りが必要だと思う場面がなかったのでDに回した。うたかたのアリアやメガゲンのシャドーボールを耐えてくれたらラッキーぐらい。 GOAT。独特な耐性が環境に非常にマッチしていた。多くのメガシンカポケモンに対して優位に動くことができるため、ほぼ全ての構築に選出することが可能。明確に不利だと感じたのは、カイリュー・ギャラドス・ゲンガー・ゲッコウガ・カメックス・ライチュウYぐらいである(こいつらには裏のメガ2体のどちらかが強めなので、いても全然選出する)。 ほかのあくびクッションと比較して優れている点は、交代せずにそのまま居座って殴り続ける動きが圧倒的に強いことである。あくびを用いた積み構築では、相手を眠らせた次のターンにエースへ交代し、積み技を使う展開が考えられる。しかし、この動きには相手の最速起きや、交代を合わせられて展開を妨害されるリスクがある。このラウドボーンはC上昇を伴うフレアソングと、実質威力195のたたりめを持っている。そのため、相手を眠らせた後も交代せず、自身を強化しながら相手を大きく削ることができる。相手の残りHPや眠りターン次第では、ラウドボーン自身で相手を処理し、後続まで突破できる状況を作ることも狙える。 技構成について、フレアソング・たたりめ・あくびまではよくある構成だが、まもるはやや珍しい技である。ただの様子見や、たべのこしによるしょっぱい回復のための技に見えるかもしれない。しかし、実際にはあくびの弱点を補うことができる非常に強力な技だった。以下でまもるが特に強かった具体的な3場面を説明する。 1．体力次第で不利なポケモンとの1対1に2/3の確率で勝てる 以下に、ラウドボーンが対面で負けそうなポケモンから受ける攻撃のダメージ計算を掲載する。 このように、抜群技や高火力技であっても、ぎりぎり1発耐えることができる。 ここで、あくび→まもると動くことで、倒されずに相手を眠らせることができる。2/3の確率の最速起きを引かなければ、たたりめを連打して対面勝ちすることが可能になる。以下に、それぞれの相手に対するたたりめのダメージ計算を掲載する(アシレーヌはS振りにより上を取っている前提)。 また、あくびループ中に繰り出された相手のあくびポケモンに対しても、まもるで相手のあくびを防ぎ、そのままフレアソング・たたりめで起点にすることが多々あった。 そのほか、素早さ振り＋まもるによってギルガルドに非常に強くなる点も優秀だった。 2．相手の交代技をこちらの崩しの起点に変えられる あくびループを回避するため、クイックターンやボルトチェンジを持つイダイトウ・ロトム・ハラバリーなどが繰り出されることが多い。 しかし、これらのポケモンにあくびを入れた次のターンにまもるを選択すれば、交代技を防いで相手の交代を阻止しながら、こちらはダメージを受けずに相手を眠らせることができる。 3．眠り対策ポケモンに即負けしない ラムのみやカゴのみを持ったポケモンを繰り出された場合、その次のターンにまもるを使うことで、相手のきのみを消費させてから再度あくびを入れることができる。このとき、特性てんねんによって、まもるのターンに相手が積み技を使っても能力上昇を無視できる。そのため、まもるの主な裏目は相手の交代のみである。 環境のラム・カゴ持ちはガブリアスやアシレーヌが多かったため、これらのポケモンが繰り出された際には積極的にまもるを選択していた。彼らが繰り出さた時には、何としてもラウドボーンを削るために、ラム・カゴ持ちでなくても居座って攻撃してくる相手が多かった。そのため、相手を見極めることができればまもるが裏目になることはあまりないと考えている。 この技枠にはなまけるを採用したくなる人も多いと思う。しかし、あくび・フレアソング・まもるの3択を適切に選ぶことで、相手に負荷をかけ続けながら、たべのこしによる体力管理を行うことができる。また、数値・耐性(抜群ステロもきつい)的にメジャーなポケモンの攻撃をホイホイと2回耐えられる場面が少なく、なまけるのターンに交代されると不利な展開になってしまう。そのため、クッションラウドボーンになまけるは不要であると主張したい。 マスカーニャ ＠きあいのタスキ いじっぱり　152(1)-175(32)-91(1)-90-90-175(32) トリックフラワー／トリプルアクセル／けたぐり／まきびし いじっぱり→削りを意識し特化 技構成は、ラウドボーンが苦手とするガブリアス・アシレーヌ・ブリジュラスへの打点となる3つの攻撃技と、あくびを強力な行動に変え、メガエースの火力を補えるまきびしである。 技範囲が広く、ほかの設置技要員と比較して、対面から数的有利を取りにいく能力が高い。 行動の優先度は、 対面したポケモンを倒せる技 > まきびし > 相手を削る技 と考えている。 対面で1匹を突破できれば仕事として100点であり、まきびしを設置したうえで相手を1発削ることができれば及第点であると評価できる。 ギャラドス ＠メガ ようき　175(5)-177(32)-99-72-120-143(29) ↓メガシンカ！ 175(5)-207(32)-129-81-150-143(29) パワーウィップ／じしん／りゅうのまい／こおりのキバ S→ドラパルトやメガゲッコウガ抜き A→構築コンセプトを考えたら、振り切り以外ありえない ラウドボーンとの耐性補完に優れているものの、無理に交代してサイクルを回すことは少なく、ラウドボーンを倒した相手に死に出しし、そのままりゅうのまいを使う展開が大半だった。 特性いかくや、メガシンカ前後での大きな耐性変化によって、あくびで相手を眠らせなくても安全に舞える場面が多い点が非常に優れている。 技構成は、ラウドボーンが苦手とするガブリアス・アシレーヌ・ブリジュラスを強く意識したものとした。カスタマイズの余地は十分にあり、この構成ではリザードンYやアーマーガアが厳しいため、環境や気分に合わせて技を変更してよい。こおりのキバ、またはじしんの枠を、かみくだくにしていた時期もある。 フラエッテ ＠メガ ひかえめ　181(32)-76-107(20)-165(5)-148-121(9) ↓メガシンカ！ 181(32)-94-127(20)-198(5)-168-131(9) ムーンフォース／めいそう／こうごうせい／サイコキネシス 努力値振り→特に調整とかしてないが、HBに厚く振り場持ちを意識 ギャラドスミラーやブラッキー入りに対して選出する。 ラウドボーンが苦手とする水ロトムやサザンドラなどの一般ポケモンにも強く、サイクルを形成することができる。フラエッテを最後まで残して通すのか、ある程度雑に扱ってラウドボーンで詰めるのかを見極めることが重要である。 最後の1匹として相手のポケモンを複数体倒してもらう必要があるため、能力ポイント・技構成ともに場持ちを重視した。 ミラーを意識した最速以外でこのポケモンに大きく素早さを振るメリットは少ないと考えている。ガブリアス＋フラエッテと選出した際の行動順を安定させるため、ガブリアスと同じ素早さにしたが、特に生きた場面はなかった。もっと耐久方面を伸ばすべきであったと思う。 残った1枠には、ブラッキーと組まれることが多い毒タイプのメガシンカポケモンへの打点として、サイコキネシスを採用した。 ちょっとしたテクニックとして、フェアリータイプのポケモンと対面した際には、 フェアリーオーラによる技威力の上昇分 > メガシンカによる特防の上昇分 となるため、すぐにメガシンカせず、通常状態のままめいそうを使ったほうがよい。 ガブリアス ＠オボンのみ わんぱく　215(32)-150-154(25)-90-105-131(9) じしん／ドラゴンテール／まきびし／ステルスロック ステルスロックとまきびしで相手のポケモンを削り、メガエースの突破を補助する。 フラエッテを通す場合は、相手の鋼タイプを削ることが重要になる。そのため、対面では安易に設置技を選ばずじしんで直接削ることや、ステルスロックよりもまきびしを優先することを意識したい。 ブリジュラス ＠しろいハーブ うっかりや　165-127(2)-150-194(32)-76-137(32) りゅうせいぐん／てっていこうせん／10まんボルト／がんせきふうじ うっかりやCS→耐久は不要と考えているため 実質的に2対2の試合へ持ち込むため、C特化の高パワー型で採用した。りゅうせいぐん＋てっていこうせんによって、カバルドンやフシギバナを倒せるほどの火力を持っている。 相手の1体目を倒しきれなかった状態から始まるあくびループは本当に弱い。そのため、ブリジュラスだけで相手を確実に1体倒せる見込みが高い構築にのみ選出した。 終盤少しだけ、フラエッテの枠がHSライチュウYだったこともあった。でんじほうで麻痺させたポケモンをラウドボーンで起点にする動きが強く連勝に貢献したものの、ガブリアスがきつかったため解雇した。 【選出】 マスカーニャ＋ラウドボーン＋ギャラドス／フラエッテ まずこの選出で大丈夫か否かをマッチング後1番に考える。 行動保証を持ちながら設置技を使えるマスカーニャは安定感が高く、選出に困った場合は初手に置くようにしていた。2匹目には基本的にラウドボーンを選出し、あくびや攻撃によって場を荒らす。 基本的には最後にギャラドスを通す方針で考えるが、相手にライチュウやギャラドス、ブラッキーが見えた場合にはフラエッテを選出していた。正直どっち投げても勝てそうな相手も多かった。 先に述べたとおり、マスカーニャが対面突破、またはまきびし＋削りをこなすことができれば、その時点で有利に試合を進められていると考えてよい。 この選出が無理な場合、以下2匹を選出に組み込むことを考える。 ラウドボーンが受けることのできないライチュウ入りや、受けポケモンの多いサイクル構築にはガブリアスを選出していた。 ブリジュラスは、初手で相手を確実に1体倒せる見込みが高く、その後にラウドボーンやメガエースを通しやすい構築に対して選出した(あまり選出していない)。 【ギャラリー】 終盤での15連勝 最終レート2463へ到達するまでに15連勝した。レート2300程度から無敗だったことが推測できる。 5月マンスリー大会での最高レート 5月マンスリー(前ルール)の最高レート。本構築と同じ軸を使用していた。 ここから放置だと最終10位台で終わっていたが、1桁順位を目指して潜り続けた結果、溶かして最終100位台となった。 【最後に】 並びだけを見れば、環境上位のポケモンを固めただけの構築に感じるかもしれない。しかし、構築の主要素の1つであるマスカーニャのまきびしとラウドボーンの単体性能を大きく引き上げたまもるはどちらも採用率3％以下の技である。この2つの技が今回の結果につながったことは間違いない。仮に、これらの技がテンプレ通りにはたきおとすやなまけるであれば、最終2万位台が関の山だったであろう。 チャンピオンズでは、ダイマックスやテラスタルのようなびっくり要素がなくなり、プレイング面でしか差がつかないと思い込んでいた。しかし、たかだか2つの技枠を工夫しただけでも、各ポケモンが強く連動する明確なコンセプトを持った構築を作ることができ、今回の結果をおさめることができた。構築段階での小さな工夫が大きな結果につながることを実感し、このゲームの奥深さと魅力を改めて認識できた。 以上 質問や感想などがあれば、Twitter@qnh93まで気軽に連絡どうぞ。 exceedkun 2026-08-06 22:38 読者になる 広告を非表示にする もっと読む コメントを書く « 実績等 S23 サイクル偽装マスカカイリュー 【最終… » プロフィール id:exceedkun 読者です 読者をやめる 読者になる 読者になる このブログについて 検索 リンク はてなブログ ブログをはじめる 週刊はてなブログ はてなブログPro 最新記事 実績等 M-4 まきびし展開ギャラフラウド 【最終60位】 S23 サイクル偽装マスカカイリュー 【最終95位】 SVS10 どりゃカミカイリュー【最終199位】 SVS5 どくびし展開カミカイリュー【最終131位】 月別アーカイブ ▼ ▶ 2100 2100 / 1 ▼ ▶ 2026 2026 / 8 ▼ ▶ 2024 2024 / 11 ▼ ▶ 2023 2023 / 10 2023 / 5 2023 / 3 2023 / 2 2023 / 1 ▼ ▶ 2022 2022 / 10 2022 / 9 2022 / 2 はてなブログをはじめよう！ exceedkunさんは、はてなブログを使っています。あなたもはてなブログをはじめてみませんか？ はてなブログをはじめる（無料） はてなブログとは 負けに不思議の負けあり Powered by Hatena Blog | ブログを報告する 引用をストックしました ストック一覧を見る 閉じる 引用するにはまずログインしてください ログイン 閉じる 引用をストックできませんでした。再度お試しください 閉じる 限定公開記事のため引用できません。 読者です 読者をやめる 読者になる 読者になる
M-4,【最終R2461/最終61位】メガペンドラーカメックス改,https://pokesol.app/u/heresome_nico2/articles/5bf46476c04177b8,【最終R2461/最終61位】メガペンドラーカメックス改 ログイン ポケノート 注目記事 記事検索 ツール ダメージ計算(準備中) チーム管理 Pokémon Soldier X YouTube Twitch GitHub サポート お問い合わせ 条項 利用規約 プライバシーポリシー 免責事項 雨パ勢の起点構築Ⅱ 0 h heresome_nico2 目次 ページトップへ 【最終R2461/最終61位】メガペンドラーカメックス改 構築記事 シングル M-B ペンドラー カメックス ハッサム キュウコン ソウブレイズ 2026年8月5日 に公開 お疲れ様です。ヒアサムです。 昨シーズンに引き続きチャンピオン級達成、シーズン1振りの最終2桁を達成できたので詳細を書かせて頂きます。 大元の構築は前期と変わらないので変更点を中心に記載します。 変更点 ミミッキュ→ハッサム スコヴィラン→ブリジュラス ペンドラーのいわなだれ→毒づき 構築経緯 前期とは違う構築を使いたい気持ちがあり、色々試してはいたのだが、あまり時間が取れず納得がいく構築が組めなかった為、練度だよりのペンドラーとカメックスで戦うことを決意。 前期の構築で課題だった点が 1.初手ゲッコウガにメガでも襷でもアドを取られ後手に回ってしまう。 2.リザードンY+カバルドン相手にソウブレイズの選出が強いられるため窮屈な立ち回りになる。 3.メガカイリューが増えてるのにシンプルにきつい 4.ステルスロックなどの設置技がないため、相手の持ち物をある程度予測する必要があり安定しない。 5.メタグロス+アシレーヌ+カメックスに強めなやつ(マスカーニャ、ミミッキュあたり)の並びに回答が一切ない。 主にこの辺りだった。 1〜4についてオボン頑丈ブリジュラスである程度解決できることに気付き、選出が少なく役割も曖昧だったスコヴィランに変えて採用。 5についてミミッキュをハッサムに変えることである程度誤魔化すことにした。 配分は前期と同様 いわなだれ→毒づきに変更 ニンフィアが増えてることとアシレーヌが強い理由は強い毒打点が環境に存在しないことが大きいため、強い毒技が打てるペンドラーが弱いわけが無い。 前期はステルスロックを構築に入れてなかったので岩打点が欲しかったが、後述のブリジュラスにステルスロックを採用した為、毒づきで事足りる場面が増えた。 この変更については正解だったと思う。 最速 HPを4nにして残りC 最終日3日前くらいから使い始めたが、勝てた要因だった。 ゲッコウガとカイリューに対して初手対面から有利を取れ、ステルスロックを撒けるポケモンを探していたらブリジュラスにいきついた。 がんせきふうじから選択することで襷、マルチスケイルを潰してステルスロックを撒くか流星群で対面突破ができる。 また、リザードン+カバルドンのパーティが大体初手にリザードンを置いてくるかつブリジュラス対面で引いてこないので、がんせきふうじからのイージーウィンも多くあった。 流星群、がんせきふうじ、ステルスロックは確定として残りの1つの技はカバルドンやニンフィアをあくびループを抜けながら大きく削るために徹底光線を採用した。 持ち物は上記の要件を満たすために メガカイリューの流星群+しんそく メガゲッコウガのれいとうビーム+みずしゅりけん この2つに勝つ必要があるためオボンを採用。 副産物として対面構築のカメックスや襷ソウブレイズなどにも確実に2回動けたり、単純に体力管理が出来たりと強い場面も多かった。あとたまに徹底抗戦3回打てて楽しい。 カイリュー絡みの構築や、裏のタスキを潰す必要がある際は積極的に選出し何かしら仕事はしてくれた。 A振り切り S 2振りロトム抜き。+1で無補正のメガメタグロスが抜ける 元々はミミッキュとしていた枠。 メタグロスがいる構築に対してキュウコンとペンドラーが選出しにくく、カメックスの選出が強いられることになるが、メタグロス+アシレーヌの並びがきつすぎた為その辺を誤魔化すために採用。 技についてはメタグロスと一緒にいることが多いマスカーニャやミミッキュを縛るためにバレットパンチは外せず、上記の並びを崩すために剣の舞。 アシレーヌを削りさえすればカメックスが通せるため、1番強い打点となる草分け。 メタグロスに対して少しでも強くするためはたきおとすではなくダメ押しを採用。(どろぼうでも良いのでそこは好み。どっちも追加効果は滅多に発動しない) 草分けが思いの外使い勝手がよく、カバルドンが少し削れていれば剣の舞+草分けで突破できたり、ヒスイダイケンキと対面した際に草分け+バレットで体力を残しつつSを上げて突破できたりと生きる場面は多かった。 ただ、普通に鉄壁ボディプレスのメタグロスはキツイので改善の余地はある。 命の珠ハッサムがBWの頃から好きなポケモンなので結果を残せて嬉しかったことは伝えておきたい。 シーズン1から変更なし。 なんでしおふき流行らないのか分からないくらい強い。 前期から変更なしのフルアタ。 ここの枠はヒスイゾロアーク、マンムー、イダイトウ、ゲンガーなど色々試したが結局ソウブレイズに落ち着いた。 前期から特に変更なし。 前期よりメタグロスが体感減っていたため活躍の機会は多かった。 選出 基本 ソウブレイズorブリジュラス+キュウコン+メガ メタグロス居る時 ブリジュラスorソウブレイズ+ハッサム+カメックス 基本は上記としているが、取り巻きの組み合わせによって臨機応変に選出してた。 初手はステルスロック撒きたい時はブリジュラス、数的有利を優先したい時はソウブレイズ。 メガは通しやすそうな方を選出。 一見対面的に戦う構築に見えると思うしそれが理想ではあるが、安易に数的不利を取らないよう交代は結構する。 まとめ 正直前期よりいい結果が残せるとは思っていなかった。環境が前期より噛み合ってたところは大きいと思う。 次は最終2桁前半を目指して頑張りたい。 簡潔に書いてしまったので不明点あればXのリプでもDMでも気軽にお声がけ下さい。 ポスト h heresome_nico2 h heresome_nico2 ポケノート ツール サポート 記事一覧 チーム管理 お問い合わせ 記事検索 記事一覧 記事検索 チーム管理 お問い合わせ
M-4,【M-4 シングル 最終2460 63位】変幻カバリザガルド,https://pokesol.app/u/preknows/articles/8bbf87c82f383ea3,"【M-4 シングル 最終2460 63位】変幻カバリザガルド ログイン ポケノート 注目記事 記事検索 ツール ダメージ計算(準備中) チーム管理 Pokémon Soldier X YouTube Twitch GitHub サポート お問い合わせ 条項 利用規約 プライバシーポリシー 免責事項 目眩く くるめ 0 く くるめ 目次 ページトップへ 【M-4 シングル 最終2460 63位】変幻カバリザガルド 構築記事 シングル M-B M-4 2026年8月6日 に公開 【はじめに】 今期の目標だった最終2桁を達成できたので、使用構築を紹介する。 (当記事のリンクは全て無断転載であり、要望があれば削除いたします。) 【構築経緯】 チャンピオンズにおいて、カバカイガルドマスカ@2の並びを常に使い続けてきたので、今期も引き続き使用するつもりだったが、中盤以降の環境において、とにかく立ち位置の悪さが目立ってしまっていた。 そもそも、メガカイリューの最大の強みはマルスケ+羽休めによるドロー範囲の広さにより、対サイクルにおいて実力差のあるプレイヤーに対して、ほとんどドロー以上で試合ができる点にある。 しかし、M-4はミミッキュ絡みの対面構築や、初手HDカバやガブニンフなどを絡めた展開構築が幅を利かせている環境であり、対面・展開構築に対しては選出や型、要所の択の噛み合いでほぼ勝敗が決まってしまい、プレイングの介入する余地がないため、構築の練度が意味を成さない問題があった。 さらに、カバ+ガルドが前期流行した鉄壁グロスに対するわかりやすいメタとなることから、序盤から流行した結果、取り巻きのメガ筆頭であるメガカイリューと合わせて、並び単位で明確なメタ対象になってしまい、主にガルドで見れない氷・フェアリー技持ち(メガミミロップ、メガギャラドス、メガゲッコウガ、マンムー、打ち分けマスカーニャ、ミミッキュ、オボンorカゴアシレーヌ、欠伸ニンフィアなど)によって過剰なメタをもらってしまっていたため、対サイクルにおいてもドロー展開になる前に崩されてしまい、強みが一切発揮できずにいた。 そのため、早々にカバカイガルドを捨てることを決意し、移住先を求めて様々な構築系統を触ったが、いずれも使用感が悪く途方に暮れていたところ、カバガルドマスカのメガ枠をリザYに変更することで、ドローの強みはなくなってしまうものの、カイリューに対するメタの影響を受けず、ミミッキュ耐性により、対面・展開構築に対する勝率が改善することに気が付き、最終日に持ち込むことにした。 残る2枠に関しては、ニンフィアへの回答を用意できることを条件に、最終日の環境を見ながらコロコロ変えており、主に剣舞神速メガルカリオ+襷ステまきガブと、ミストフィールドメガフラエッテ+カゴ剣舞ガブの2パターンを試したが、ルカリオが通りそうな構築が少なかったので消去法で後者を選択して、構築が完成した。 【個体紹介】 突貫構築で理解度が足りていないため簡潔に。 ① カバルドン ステロ撒き、クッション枠 M-1から卑怯なS69を愛用していたが、前期の結果を受けて共通認識になってしまい、Sラインのいたちごっこに参加するのが不毛だと感じたため無振りに戻した。 相変わらず自分で使っても相手に使われても最強のポケモンではあるが、M-Bに入ってからメタがいっそう厳しくなり、どうしても最速起きを切らなければならない展開が多くなってしまった。 ② メガリザードンY かみやんさんのM-1の調整をお借りした。 メインのメガ、鋼崩し枠 メガカイリューの代わりとして採用。カイリューと比較して、ドロー範囲やステロへの耐性、対ガブリアスで劣るものの、瞬間火力による崩し性能、氷・フェアリー耐性、晴れによる選出単位での水耐性(特に対スターミー)の面で優れている。今期はカイリューの強みが活きる場面よりも、リザYの強みが活きる場面の方が圧倒的に多く、岩技によるメタもほとんど受けずに動かしやすい環境だったので、乗り換えて正解だった。 メインウェポンはウツボットに非メガで打てる火炎放射。また、竜波採用のおかげでステまきガブにそれほど不利を取らず、スケショガブのサブウェポンも雷の牙や毒づきに寄っていたため、対ガブも意外と何とかなった。 ③ ギルガルド S : ミラー、ニンフィア意識 HB : 特化ガブ、マンムーの地震を最高乱数切り耐え 鋼枠 今期はオボンやねむカゴなど、アイテム消費による物理ガルドに対するメタが激しかったので、型をズラすかハッサムに変更することも検討したが、アマガハラバリーに対する崩しを他で補うことが難しかったため、最も単体性能の高い残飯剣舞で使用し続けた。選出率が極端に低いので真っ先に変えるならこの枠。 ④ マスカーニャ S : 準速クエスパトラ+2 サザンドラなど特殊にも受け出すため、B寄せではなくH振り ステロ拒否、ギャラドスストッパー枠 メガ枠をリザYに変更してから、初手ガブへのリスク付けのためにかなり選出率が上がった。 ただ、リザYだとギルガルドやドドゲザンなどの鋼に対して受け出しからの対応ができないため、ステロ撒き+鋼に対して対面への遂行が安定行動とならず、初手で蜻蛉を押すかどうかの択が試合を決定づける勝負択になってしまうことが非常に多く、しょうもない試合を量産してしまっていた。 ⑤ メガフラエッテ S : 準速ミミッキュ抜き サブのメガ、ステロ拒否枠 カバルドン、ニンフィア意識でミスフィ採用。 カバガブブリに隙を見せすぎない特殊アタッカーという替えが効かない性能を評価して、3シーズン連続で最終日構築にフラエッテを採用しているが、いまだに正しい調整や動かし方がよくわからない。 ⑥ ガブリアス やまおりさんのM-3の調整をお借りした。 鋼崩し枠 M-Bにおいて構築のパワーを上げるためには、ガブリアスをカバルドンに隙を見せすぎない型で採用することが重要であると考え、ステまきやラムで上手く構築に組み込めないかをシーズンを通して検討していた。その過程でラム剣舞を試す中で、サブウェポンの使用頻度が極端に低いことに着目し、ねむカゴを試してみたところ、対面構築の先制技(特に不意打ち)を重ねてガブの処理を狙う動きに対して強い他、毒ダメで削り切ることを前提とした処理ルートを拒否できるのが強力で、好んで使用していた。単体としてはかなり強かったが、構築に合っていたかは微妙。 【選出】 対サイクルについては、リザードンに対してステロ撒き(特にガブ)、マスカーニャとフラエッテに対して鋼が選出されるので、ステロ拒否+鋼崩し@1で選出する。 特にマスカ+リザ@1、エッテ+ガブ@1のパターンが多かった。 対面・展開構築に対しては本来、構築系統ごとに選出パターンを事前に用意しておくべきだが、準備が間に合わなかったので、雰囲気で選出を噛み合わせていた。 【結果】 TN 桃山みらい 最終2460 63位 TN Preknows 最終2384 300位 【最後に】 今期は、最終日までの準備期間については理想的な取り組みができていたものの、最終日の取り組み方が最悪なシーズンだった。 準備期間での取り組みについて、まずは目標設定を最終2桁へと見直した。これまで真剣に取り組むシーズンは最終30位以内、あわよくば最終1桁を目標にしていたが、SV末期から半年もの間、MCSを含めて思うような結果が出ず自信を失っていた。そこで今期は、1ロムが最終2桁ラインに乗った時点で保存し、もう片方のロムでできる限り上を目指す方針を決めた。 また、レート上げ用の構築を最終日用とは別で組むことも早い段階から決めていた。 この背景には、チャンピオンズから始まったMCSでの苦戦がある。自分も上位を目指して潜っていたものの、なかなか結果が出ずに悩み続けていた。対戦数が限られる公式大会ルールでは、格下相手に負けることの罪が重いが、これまでレート上げをギミックパに頼っていた自分は、勝負択を可能な限り延長するミス待ちプレイが苦手だった。そのため格下相手に取りこぼしやすく、構築変更不可の制約も相まってこのルールとは非常に相性が悪かった。これに適応するため、これまでのシーズンはレート上げの段階から最終日用のカバカイガルドを使用し、MCSの練習をしていた。ところが、長い試合が多いこの構築ではレートを上げるスピードが非常に遅く、最終日までに1ロムすら上がり切らずに、低い開始位置からの1ロム特攻をする羽目になってしまっていた。 そこで、今期はMCSで勝つのを諦めてランクバトルに専念することにし、回転率が高くプレイ難度も抑えたレート上げ用の構築を別で用意することにした。最終的にチャンピオン級までなら画面を見ずに上げられる理想的なレート上げ用構築が完成し、2400と2350の2ロム体制で安心して最終日を迎えることができた。 (8/9追記) 今期も使うつもりでレート上げ用構築を伏せていたが、最終70位のパトリックさんの構築と酷似しており、隠す意味がなくなったので公開する。 もともと真面目にガブニンフ軸の展開構築を使うつもりで組んだが、ニンフィアのプレイ難度が高すぎる上に明確なメタ対象となってしまっており、選出時の勝率が非常に低くなってしまっていた。そこで、ニンフィアをあくまで見せポケとして採用し、メタグロスと合わせてギルガルドやサーフゴーの選出を要求して、設置技ドラテ+メガギャラドスを通しやすくするというコンセプトのレート上げ用構築として使い回すことにした。 特に、襷ステまきガブが、現環境における典型的な初手である、ガブリアス、カバルドン、ブリジュラス、キラフロルなどに対する安定初動となり、非常に強かった。 (襷ステまきのアイデアはM-2のキョウトさんの記事を参考にした。また、調整はM-3のふとんさんのものをお借りした。) (追記部分終わり) さらに、最終日用の構築を煮詰めすぎないことも意識した。これまでは、シーズン中盤時点で最終日用の構築がある程度固まっており、完成度を上げる過程で細かい調整に至るまで、「そうでなければならない理屈」を過剰につけてしまい、別のアイデアを試す気がなくなってしまうことがよくあった。その結果、最終日の環境が逆風になった際に柔軟に構築を調整できずに、勝負の土俵にすら上がれないシーズンが生まれてしまっていた。 そこで、今期はリザYをメインのメガ枠に据えることだけ決めて、あとはメタを張るべき構築に対して有力なサブのメガ枠や補完枠を試す時間に充てていた。結果として生まれたねむカゴ剣舞ガブが最終日に素晴らしい活躍を見せてくれた。 その一方で、最終日は何から何までとにかく酷かった。 第一に、構築が最後まで完成しなかった。前述の通り、意図的に構築がないまま最終日を迎えたが、普段通り構築を調整する過程を最終日当日に行えばよいだけだと楽観的に考えていた。ところが、いざ実際に潜って調整する段階になると、最終日特有の緊張感から思考がまとまらず、碌に新しいアイデアも出ないまま、数戦ごとに補完枠を適当に入れ替えることを繰り返すだけになってしまっていた。そこで、その場で新たに考えるのを諦めて、カバカイガルドにおける補完枠の候補として試していた、剣舞神速メガルカリオ+襷ステまきガブと、ミストフィールドメガフラエッテ+カゴ剣舞ガブの2パターンからの選択にとどめることにした。どちらも単体性能は十分だったが、リザYとの相性を全く考慮しておらず、結果として強い単体の寄せ集め以上のものができなかった。この時点で、上振れた位置で保存すれば最終2桁は狙えるだろうが、レート2500以上を目指すのは無理だろうと半ば諦めムードになってしまった。 第二に、2ロム目の動かし方が最悪だった。事前の想定では1ロムを2桁ラインに乗せた時点で朝6時まで仮眠をとり、起きてから最後までもう片方のロムで上を目指して潜り続ける予定だった。しかし、当日はなかなか寝付けず、何を血迷ったかベッドの中でスマホ版を起動して潜り始めてしまい、再戦ケアのための型メモはおろかダメ計すらせずに、適当にプレイして大きくレートを溶かしてしまった。今期は構築が弱かったので結果に影響はなかったが、今後は睡眠周期の調整も含め、最終日当日の過ごし方をより綿密に計画する必要があると感じた。 結果について、目標の最終2桁を無事に達成でき一安心したものの、改めて上位勢との間には、見かけの順位以上に大きな実力差があると感じた。今期の最終30位ラインまではあとレートが40、最終1桁に至ってはさらに50盛る必要がある。高い位置で保存したロムからですらこの差がある以上、上振れ云々でどうにかなる問題ではなく、しばらくはテラスタルのような下剋上システムもないため、今後さらに上を目指すには真っ当に実力を伸ばす必要があるだろう。短期間でどうにかなる話ではないが、幸いチャンピオンズになってからの環境は過去トップクラスに面白く、楽しく対戦できているため、気長に頑張っていきたい。 また、シーズンが明けてから上位でカイリューハッサムが結果を残しているのを目の当たりにし、上位勢と自分では見えている世界が違うのだと思い知らされた。 今期はカイリューガルドが負け馬になるというところまでは共通認識であり、自然なリペアとしてカイリュー→リザYとガルド→ハッサムの両方を一応検討してはいた。そこで自分は、カイリューメタの氷・フェアリー打点持ちに勝てないことがカイリューガルドの本質的な問題であり、さらにハッサムではフラエッテ+炎メガorスターミーのサイクルに勝率を出すのは難しいと判断し、迷わずカイリューを捨てる選択をした。今でもその判断が大きく間違っていたとは思わないが、蓋を開けてみればメガカイリューがかなり結果を残しており、この環境がよくわからなくなってしまった。 今後しばらく本腰を入れて取り組めるシーズンがないので、最終チャンピオン級維持を目標に、良環境を気楽に楽しみながら、まずは明確なプレミを減らすところから少しずつ実力を伸ばしていきたい。 ポスト く くるめ シングル勢/役割論理出身/ミライドン使い/ペリキッズ

TN 桃山みらい/Preknows など

USM
S7 最終118位

剣盾
S17 最終107位

SV
S37 最終13位

Champions
M-4 最終63位 く くるめ シングル勢/役割論理出身/ミライドン使い/ペリキッズ

TN 桃山みらい/Preknows など

USM
S7 最終118位

剣盾
S17 最終107位

SV
S37 最終13位

Champions
M-4 最終63位 ポケノート ツール サポート 記事一覧 チーム管理 お問い合わせ 記事検索 記事一覧 記事検索 チーム管理 お問い合わせ"
M-4,【M-4 最終64位】マリゲン+大エースメガヘラクロス - お団子屋,https://mitarashinodango.hatenablog.com/entry/2026/08/08/181016,【M-4 最終64位】マリゲン+大エースメガヘラクロス - お団子屋 お団子屋 読者になる お団子屋 ポケモン関係の事とか書きます 2026 - 08 - 08 【M-4 最終64位】マリゲン+大エースメガヘラクロス ↑サムネ用です 初めましての方は初めましてみたらしです。 初2桁達成と言うことで4年振りに構築記事を書こうと思います。 解説の前に昨今のタイパを重視する現代社会に配慮をし、先に順位、技構成、努力値振りを紹介します お忙しい方はこれらだけでも見てください それでは解説に入りますのでお付き合いください。 よろしくお願いします。 ・構築経緯について こちらについてはM-1シーズンから振り返りたいと思います まずチャンピオンズの解禁ポケモンを確認した時に 好きな並びであるマリルリゲンガー 6世代から使ってきたメガヘラクロス 世代が変わる度に適応を助けてくれるカバルドン これらをベースに組みたいと考えて構築を組みました そして組んだ構築がこちら 結果は 順位 565位 雷撃DAY2進出 でした 上記パーティーで至らなかった点を反省し、レギュM-B仕様に改良していくことに レギュM-Bでは 1.メガフシギバナ相手に対して催眠頼りにしていた点(ホンマによくない) 2.メガ枠の都合上メガマフォクシーが本当に重たかった点 3.レギュM-Bで追加されたメガ達、特にメガムクホークとメガメタグロスには勝てるようにする点 これらを特に注意しながら組み始めました マリゲン、メガヘラ、カバルドン 上記をベースに ホルードはM-Bでは厳しそうだったので代わりとなるポケモンを探していたところギルガルドが上記で挙げたポケモン達にふんわりやれるのでは？と思い目を付けました。記事を読む中でSの早い呪いの御札ギルガルドや耐久に振った襷ガルドの記事を読みこれらを参考にしようと考えました。 次に悪打点、ドラゴンタイプに対する打点欲しさ、地面タイプの一貫を切れるということで当初はサザンドラでしたがニンフィアだったりメガニウム等のフェアリーに遅れを取りすぎることがあってかしっくり来なかったので別を探している所地面タイプの一貫は切れないが当てはまったのがゲッコウガ位しか居なさそうと言うことでゲッコウガ採用 といった形で構築が組み上がりました 詳しくは個体解説で伝えようと思います。 ・個体解説 マリルリ@リンドのみ 努力値 A: 振り切り S: アシレーヌ等遅いポケモンがSを振るラインを抜くための94 H: 残り 相棒ポケモンその1。可愛い。 アシレマスカ対面で論争が起きてましたがこちらはリンドのみを持っているため突っ張りを許されています。 M-1の雷撃まではメガカイリューが重かった為ソクノのみを持たせていましたが雷撃以降らへんからパワーウィップギャラドスの増加、また草技に1回突っ張れる方が立ち回りやすいのでは？と考えリンドのみを持たせました。これが正しかったのか選出率が格段に上がり特にマスカーニャやリザードンを見ても選出しやすくなったのも良かったです。 技構成は一致技2つ、先制技、起点回避のアンコールとしました。アンコールはあまり読まれず、使いやすかったです。 チョッキが解禁されていればそれが良さそうと思いますが補助技が使え、草物理打点にも抗える点はリンドのみならではとも思います。こういったマリルリを扱う事でこのポケモンに対する幅が少し広がったように感じました ゲンガー@ゲンガナイト 努力値 S: 最速 H: ムクホークのブレイブバード低乱数1 BD: メガゲンガーの種族値上1ずつ振ると色々乱数が少しズレるため1振り C: 残り 相棒ポケモンその2。メガ進化をすると驚きの白さに。 構想段階ではメガゲンガーを選出の軸にする予定でした。 自分が催眠ゲンガーを採用する時は全ての業をゲンガーに背負ってもらうつもりで採用しますが軸としての採用にも関わらず60%技を振り回すのは違う、また他でも苦手ポケモンをふんわりカバー出来そうと判断し、 催眠では無く鬼火たたりめ型にして耐久にも割きました。ただ、シーズンが進むにつれ気づいたらメガヘラクロスの方ばかり選出をしておりピンポイントでの起用にはなりましたが選出をした際は活躍をしてくれてました。 技構成は鬼火たたりめに毒打点のヘドロウェーブ、無理矢理持っていける道連れとしました。道連れは意外と読まれないのでもう少し積極的に選択すれば良かったです。 鬼火もたまに外しますが催眠術に頼らないのは精神衛生上良かったとも言えます。催眠術は何の身にもならない負けを引き起こす原因にもなるためカス。 ゲッコウガ@こだわりスカーフ 努力値 CS: 振り切り A: 残り(岩雪崩採用の都合によるもの) ｸﾞﾚﾆﾝｼﾞｬ!?。 構築経緯でもお伝えしましたが元々はこの枠はサザンドラでしたがしっくり来ませんでした。回していく内に地面の一貫を切る必要性を感じず、それよりも上から叩く事、苦手を克服するような技構成にし、抜群を突いていく方が回しやすいのでは？と考えゲッコウガの採用に至りました。このポケモンを見せることでカバカイリューギルガルドに睨みを効かせれた気もします。 技構成はドラゴンに対する打点の冷凍ビーム、ゴーストエスパーに対する打点の悪の波動、フェアリーに対する打点のヘドロウェーブ、このパーティーだと初手に来やすいリザードンに抗える岩雪崩としました。 抜群を突いてもイマイチ倒しきれない等があり、正直この枠は最後までしっくり来てなかったのですが本当に見渡しても当てはまるのがこのポケモン位だったので使い続けました。最終戦は神がかった活躍をしてくれたので採用して良かったです ギルガルド@きあいのタスキ 努力値 HD: メガフシギバナの無振り大地の力が超低乱数2(シールド時) A: 11n S: 残り 7世代において最強の一般ポケモン。 選出率は断トツの1位かと思います。初手置きも後続に置いて抜きエースにもなってくれました。そしてこのシーズンだけでギルガルドの金バッジも手に入れることが出来ました。襷ですが耐久に割いたのは構築経緯でも伝えた通りメガフシギバナの処理ルートを複数用意するためです。メガフシギバナをギルガルドで処理する事はそこまでありませんでしたが選出が窮屈にならずに済むのも良かったです。この耐久振りで襷持ちですが最低限のサイクル参加も可能にしてくれました。 技構成はポルターガイスト、影打ち、ブラッキーにも勝てるようになるインファイト、積み技の剣の舞としました。 襷は一切読まれる事が無く、遅いと想定されて動かれることも多々あり、ズラし要素として完璧でした。 カバルドン@オボンのみ 努力値 HB: 振り切り D: 残り 困った時にいつも助けてくれるポケモン。 ガブリアス等物理に対する引き先として採用しました。ステルスロックを撒く訳では無いのでDに割く必要も感じずHBで採用しました。この構成でオボンのみにしているのはポルターガイストを持ったギルガルドの対策のためです。またオボンのみ以外の持ち物だと意地っ張り珠ミミッキュの+2じゃれつくもキツくなるのもあります。 技構成は地震、あくび、場持ちを良くするためのなまける、自分自身ステロあくび展開を扱うのが苦手でかつこのパーティーでそれをする必要性が感じられなかったため、浮いているポケモンへの打点、S操作としても優秀な岩石封じを採用しました。 カバルドンへのマークがキツく、場面場面の選択がより大事になってきていると使っていて感じました。 ヘラクロス@ヘラクロスナイト 努力値 S: 最速 A: タネマシンガンでH振りのみアシレーヌをオボンのみ込超高乱数1、ミサイルばりでHBメガフシギバナに48.1〜58.8% H: 残り。イダイトウの陽気適応力威力150おはかまいり確定耐え程度 本構築の大エース。 まさかの最速と思われますが早いメガヘラクロスは6世代から使ってきており扱い慣れたポケモンの1匹です。最速メガヘラクロスもほとんど考慮されず予想外に上から叩いてテンポを取ったりしていました。特に対策するほどでは無いけど来たら微妙に困るポケモン、例えるならソウブレイズ、バイバニラ、マンムー、オニシズクモみたいなポケモン達に軒並み強い為取りこぼしを減らすことが出来ました。 技構成はバナに打ったり一致打点として優秀なミサイルばり、水や地面に打つタネマシンガン、何かと便利なロックブラスト、あと一つがインファイトと地震のどちらかですがメガヘラクロス単体の強さを保ちたいならインファイトですがパーティー単位で見た時に地震の方が選出が広がりそうと思い地震を採用しました。 構想段階ではレギュM-B的にも流石にキツいと感じ、なんなら入らないのも選択肢では？と思いましたが、考えれば考えるほどこのポケモンに帰結しました。 余談ですが雷撃で当たった方に何を意識して最速なのかを聞かれた際に、一般ポケモンって単語が何故か出てこず弱いポケモンに強くなると答えてしまい訂正したい気持ちで一杯です。 ・選出 特にコレというのは無く臨機応変に選出していましたが、その中でもある程度決まっていたもののみ紹介します ギャラドス入り ヘラクロス@2 マフォクシー入り マリルリゲッコウガギルガルドの内「出来る限り」2体選出。出来ない時は内1体をカバルドンにする フシギバナ入り ゲンガー@2 サザングロス ゲッコウガゲンガーカバルドンの内2体選出 対面選出する時 マリルリギルガルドヘラクロスの内刺さりの良さそうなポケモンを初手に また、刺さってる一般ポケ>刺さってないメガ と思っているためメガ無し選出もしていました。 ・キツいポケモン メガスターミー 分かってても止めにくかったです。 ブリジュラス 多様性ポケモンスギ。 ボルトチェンジ入りのメガライチュウY 構築上対面突破しか無理な為、対策の為に選出したポケモン達がちょっとでも削られるとキツかったです。 ビビヨン 最速起き願望のみ ※これ以降は構築記事には関係無い語りです ・後語り まずは2桁順位を取れて本当に良かったです。対戦歴だけは長いのですがランクバトルの戦績が芳しくなかったのでようやくといった感じです。 チャンピオンズの対戦がとても楽しく、ずっとやりたい所ですが年齢を重ねるとそうもいかず諸々との兼ね合いにもなってきます。そういった中で7月に一旦やることが終わったので7.8月は遊ぼうと決めてランクバトルに取り組みました。 最終日についてはレート2270からスタートし、夜中3時半時点で2300位までしか上げられませんでしたがこのまま続けてもと思い、一旦寝て7時半位に再開しました。そこから流れが来たのか駆け足でチャンピオン級まで上げられました。チャンピオン級以降の対戦は運にも恵まれ、特に最終戦は相手の選出を完全に読み間違えて負けそうになりましたが、こちらの半分弱削れていたゲッコウガが氷タイプになったメガゲッコウガを岩雪崩で怯ませ砂嵐状態でしたが岩タイプになったゲッコウガが相手の水手裏剣を耐えて返しの岩雪崩で勝つという流れを引き寄せました。 元々目標も無くただただ対戦が楽しいから最後までやろうと決めて臨んでいましたが2桁順位が確定しそうになると欲が出てしまいそこで撤退しました。 そういった事もあり駆け足で2桁順位を確定させてしまった為、チャンピオン級での対戦というのをあまり積められなかったので次やる時はチャンピオン級での対戦をもっと行いたいと思います。 ・スペシャルサンクス やっすんさん 何もしていないのに何故か毎回記事でスペサンに入れてもらってます。ポケモン対戦関連のDMをする時はいつもやっすんさんに投げてます。キープで2桁行けるかの確認もやっすんさんにしました。 かわほりさん 数少ないヘラクロス使いの友人。メガヘラクロスの技構成でインファイトを切るか悩んでいる時にDMを送りました。インファイト切りの決断が出来たのは彼のおかげです。返事が来た瞬間にすぐにヘラクロスの技構成を変えてしまったせいでお礼の返事をせずに既読スルーみたいになってしまいました。ごめんね。 最後に、並びをそのまま使ってほしいというよりはこういった型もある位に見て頂きたいと思っておりますのでコーディネートコードの公開は致しませんのでご容赦ください。 ここまでお付き合いくださりありがとうございました。 mitarashinodango 2026-08-08 18:10 読者になる 広告を非表示にする 関連記事 2024-11-04 竜舞オフレポ+名古屋珍道中 サムネ用 初めましての方は初めましてみたらしです 留舞オフの… 2022-05-05 【シーズン27.28.29】禁止伝説入りマリゲンポリ2(ポケリーグの感想込み)【ポケリーグオフ準優勝… 初めましての方は初めましてみたらしです今回はシーズン27.28.2… 2021-12-16 ジョウトシングルオフレポ 初めましての方は初めましてみたらしといいます久しぶりの記事… 2020-08-02 【シーズン8】マリゲンポリ2〜剣盾ver.〜【最終506位レート2001】 初めましての方は初めまして、みたらしといいます。今回は剣盾… 2020-06-17 8世代環境で勝てなかった時期にやってきたこと 初めましての方は初めましてみたらしといいます。今回は自分自… もっと読む コメントを書く 竜舞オフレポ+名古屋珍道中 » プロフィール id:mitarashinodango 読者です 読者をやめる 読者になる 読者になる このブログについて 検索 リンク はてなブログ ブログをはじめる 週刊はてなブログ はてなブログPro 最新記事 【M-4 最終64位】マリゲン+大エースメガヘラクロス 竜舞オフレポ+名古屋珍道中 芋煮杯オフレポ 【シーズン27.28.29】禁止伝説入りマリゲンポリ2(ポケリーグの感想込み)【ポケリーグオフ準優勝.竜舞オフベスト16】 ジョウトシングルオフレポ 月別アーカイブ ▼ ▶ 2026 2026 / 8 ▼ ▶ 2024 2024 / 11 2024 / 2 ▼ ▶ 2022 2022 / 5 ▼ ▶ 2021 2021 / 12 ▼ ▶ 2020 2020 / 8 2020 / 6 2020 / 5 ▼ ▶ 2019 2019 / 11 2019 / 9 2019 / 8 はてなブログをはじめよう！ mitarashinodangoさんは、はてなブログを使っています。あなたもはてなブログをはじめてみませんか？ はてなブログをはじめる（無料） はてなブログとは お団子屋 Powered by Hatena Blog | ブログを報告する 引用をストックしました ストック一覧を見る 閉じる 引用するにはまずログインしてください ログイン 閉じる 引用をストックできませんでした。再度お試しください 閉じる 限定公開記事のため引用できません。 読者です 読者をやめる 読者になる 読者になる
M-4,【シーズンM-4 最終65位】 - 全力水流連打,https://varopoke.hatenablog.com/entry/2026/08/07/172221,【シーズンM-4 最終65位】 - 全力水流連打 全力水流連打 読者になる 全力水流連打 2026 - 08 - 07 【シーズンM-4 最終65位】 こんにちは、ヴァロスです。 今回はチャンピオンズで初めて最終2桁を取ることができたので、構築記事を書きました。 【目次】 ・並び ・構築経緯 ・個別紹介 メタグロス@メタグロスナイト アシレーヌ@カゴのみ カバルドン@たべのこし ブリジュラス@オボンのみ ガブリアス@きあいのタスキ ゲッコウガ@ゲッコウガナイト ・選出 ・ 苦手なポケモン ・結果 ・最後に 【並び】 【構築経緯】 中盤までカエンジシを使っていたが思うようにレートが伸びなかったので一旦構築を見直してみる事にした。そこで1番強いメガを使おうと思い、M-3でもっとも結果を残していた メガメタグロス を軸に構築を組むことにした。 ・メタグロスを使う上で、対メタグロスへのクッションとしてよく採用されているカバルドン、ブラッキーに強く、相性の良い アシレーヌ を採用。 ・メタグロスが対面打ち負けてしまう、ガブリアス、ギルガルド、ハッサムに対してあくびで流しテンポを取っていける カバルドン ・カバアシレグロスでは初手からマスカーニャ、ゲッコウガを出された時、初手から不利な盤面になってしまう。そこで後投げからでもステロも撒け、ドラテで流すこともできるH.D ブリジュラス を採用 (改良前はこの枠に、カバアシレグロスではギャラドスに好き放題させてしまうため最速スカーフマスカーニャを使っていた) ・次にタスキ枠として、初手のキラフロルに強い初手枠、そして良く目にする並び、キラフロル＋カイリュー＋ギルガルドに強い襷 ガブリアス を採用。(ブリジュラスがステロを撒けるので、崩しも行える剣舞を採用) ・ラストは最終日まではメガカイリューを使っていたが、対メガフラエッテとメガギャラドスに対しての勝率が悪く、メガ枠を再度考え直してみることに。メガフラエッテに関しては、メタグロスしか打ち勝てるポケモンがいないのと、フラエッテの取巻きに対して不利なのでそもそも勝てなかった。メガギャラドスに関してはブリジュラスに頑張ってもらうしかなかった。 そこで注目したのが メガゲッコウガ フラエッテの取巻きでよく採用されているギルガルドやカバルドンにも強く、くさむすびを採用する事でメガギャラドスを上から縛る事が可能。M-3のメガギャラドスの調整を見ていた感じS＋1でメガゲッコウガを抜いてる個体が少なかった。実際最終日もメガギャラドスに積まれても上から殴られる事はなかった。 【個別紹介】 メタグロス@メタグロスナイト 性格:いじっぱり 努力値:165(10)- 215(31) -170-×130-155(25) 技構成:アイアンヘッド/サイコファング/じしん/バレットパンチ H→サザンドラ、ゲッコウガのあくのはどう耐え。 S→準速ガブリアス抜き メタグロスを軸として組んだが最終日はゲッコウガの方が選出率が高かった。最終日前日まではほとんどメタグロスしか投げていなかったので変える選択肢はなかった。 技構成に関しては鋼2個採用にした。当初はれんチを使用していたが、打つ機会が少なかった、それならニンフィア、ピクシーに隙を見せず選出でき、メタグロスより遅いポケモンを上から縛って運ゲできるアイアンヘッドを使用することにした。 地震に関してはメタグロス、ブリジュラス、ギルガルド、ドドゲザンに対しての打点として採用。 この技構成ではスターミー、アーマーガア入りの構築に弱いのでかみなりパンチを採用してもよかったのかもしれない。 アシレーヌ@カゴのみ 性格:ひかえめ 努力値:185(30)-84-104(10)- 176(14) -136-92(12) 技構成:うたかたのアリア/ムーンフォース/めいそう/ねむる S→アシレーヌとニンフィアを考えて、できるだけ高く。 メタグロスが苦手な炎、地面、悪タイプに強く、対カバルドン、ブラッキー、アマガハラバリーに強いねむカゴ型で採用。 中速以下のサイクル構築に対して強く、毒に耐性を付けることで場持ちもよく、選出しても腐りにくいポケモンだった。 カバルドン@たべのこし 性格:わんぱく 努力値:215(32)-132- 168(15) -×111(19)-67 技構成:じしん/あくび/ふきとばし/なまける H.D→アシレーヌのうたかたのアリア確定耐え ブリジュラス流星2発耐え、アシレーヌのうたかたを1発耐えてもらうためにH.Dよりでの採用。 このポケモンがいるだけ天候パ、バトン構築に少し強くなり、クッションとしてもかなり優秀なので採用したが、最終日は選出する機会が少なかった。 こいつがいないとガブリアスがキツすぎる。 ブリジュラス@オボンのみ 性格:ずぶとい 努力値:197(32)-112- 165 -145-117(32)-107(2) 技構成:ドラゴンテール/ラスターカノン/10万ボルト/ステルスロック H.D→特殊方面も受けてもらいたかったのでブッパ S→ミラー意識 カバアシレグロスが苦手な、マスカーニャ、スターミー、ギャラドス、ゲッコウガ対策枠。 基本的には初手から投げる事が多いが、上記のポケモンがいる場合は、後投げで受けれるようにクッションとなってもらう事も多かった。 技構成に関しては流星群とラスカの選択だったが、ミミッキュに対して打点がほしかったためラスカにした。 アシレーヌとアマガへの打点として10万ボルト。 ドラゴンテールはみがわりや外しを考えると吠えるの方が賢いとは思うが、ドラテダメージ＋ステロのダメージを考えるとそっちの方がメリットが大きいと考えた。ちなみに最終日はドラテ外しで2試合落とした。 ガブリアス@きあいのタスキ 性格:いじっぱり 努力値:185(2)- 200(32) -115-×-105-154(32) 技構成:スケイルショット/じしん/ほのおのキバ/つるぎのまい 役割破壊ポケモン。技構成に関して、剣舞を入れる事でフシギバナ、アーマーガア、ブラッキー、ハッサムなどの、受けにくるポケモンを破壊できる。フシギバナ入りの受け構築はフシギバナが初手から来ることがほとんどなので、初手ガブリアスを合わせて積む事で、誰か一体は倒すことも可能だが、オボンのみ持ちの鉄壁アマガだけは突破出来ないので、アマガ入りにはブリジュラスのステロドラテなのでアマガのオボンを食わせてからガブリアスを通すことも考えていた。 M-4はハッサムが大量にいたのでほのおのキバの通りが非常によかった。 アシレーヌが出せないカバルドン入り構築に対してカバルドンの前でラムのみ匂わせつつ無理やり剣舞を積みふきとばしを誘って地震で大きく削る動きが強かった。(カバルドン視点はステロか地震を選択してくることが多かったため) ゲッコウガ@ゲッコウガナイト 性格:おくびょう 努力値:153(6)-×97- 185(32) -101-209(28) 技構成:あくのはどう/れいとうビーム/ヘドロウェーブ/くさむすび S→ミミロップ抜き調整しているゲッコウガ抜きくらい。 本構築のMVP。メタグロスが選出しにくい、メガマフォクシー、スターミー、メタグロス、ギャラドス、スコヴィラン入りに対して選出していた。 このポケモンのスペックはそこまで高くはないが、カバルドン＋ギルガルド＋カイリュー、カバルドン＋アシレーヌ＋メタグロスなどのタイプ受けサイクルに非常に強く環境への刺さりがとてもよかった。 先制技に対してメガシンカ進化することで、先制技を半減にできるのも偉い。最終日にしか使わなかったので、メガシンカをするタイミングと技選択が難しかった。 恐らくゲッコウガを使っていなかったらここまで戦えなかったと思う。 【選出】 選出に関してはこれといった選出はなく相手の構築次第で選出を決めていたので基本選出とかは特にない。 初手に関してはガブリアスorブリジュラスorアシレーヌがほとんどであった。 唯一決めていた選出↓ 対スターミー→ゲッコウガ＋ブリジュラス＋ガブリアスorアシレーヌ 対フシギバナ＋ブラッキー＋ラウドボーン→ガブリアス＋アシレーヌ＋メタグロス 対フシギバナ＋アーマーガア→ガブリアス＋ブリジュラス＋アシレーヌorメタグロス 【苦手なポケモン】 ・キラフロル＋ミミロップ ・キラフロル＋エルフーン ・ミミロップ＋イダイトウ ・リザードン ・ルカリオ 【結果】 【最後に】 M-4お疲れ様でした。約2年ぶりに2桁を取れました。SVの後半はほとんどやっていなかったとはいえチャンピオンズで2桁取るのは時間がかかると思っていたので、4シーズン目で2桁取れたのは嬉しいです。 今年から子供を授かり環境がガラッと変わったので今後はポケモンを優先しすぎずにほどほどにやっていこうと思います。 質問等がありましたら @varopoke28 まで VAROpoke 2026-08-07 17:22 読者になる 広告を非表示にする 関連記事 2022-03-01 【S27最終74位（2019）】対面バドザジアン ヴァロスです。 今回の構築は最終日前日に考えたのでいつもと違… 2021-10-01 【S22使用構築 バドウーラスタン】 こんにちは、ヴァロスです！ 結果を出すこと事できず最終3桁に… 2021-09-01 【S21使用構築 最終43位（2118）バドウーラTBサイクル】 こんにちは、ヴァロスです。 S21の構築をまとめてみたのでよか… 2021-06-01 【S18 使用構築 最終51位 ウツロランドレヒレ】 こんにちは。ヴァロスと言います S18の構築記事をまとめてみた… 2021-03-01 【S15最終84位レート2067】豊穣の王ウーラサンダーサイクル こんにちは、ヴァロスです。 S15お疲れ様でした！ 最終2桁を達… コメントを書く もっと読む 【S19最終83位レート2081】 » プロフィール id:VAROpoke 読者です 読者をやめる 読者になる 読者になる このブログについて 検索 リンク はてなブログ ブログをはじめる 週刊はてなブログ はてなブログPro 最新記事 【シーズンM-4 最終65位】 【S19最終83位レート2081】 【S4最終4位（2221)超火力対面スタン】 【 S3最終38位(2204)セグラッシャジバコ】 【S35最終83位（1960）】対面イベザシオーガ 月別アーカイブ ▼ ▶ 2026 2026 / 8 ▼ ▶ 2024 2024 / 7 ▼ ▶ 2023 2023 / 4 2023 / 3 ▼ ▶ 2022 2022 / 11 2022 / 9 2022 / 3 2022 / 1 ▼ ▶ 2021 2021 / 12 2021 / 10 2021 / 9 2021 / 7 2021 / 6 2021 / 4 2021 / 3 2021 / 2 2021 / 1 ▼ ▶ 2020 2020 / 11 2020 / 10 はてなブログをはじめよう！ VAROpokeさんは、はてなブログを使っています。あなたもはてなブログをはじめてみませんか？ はてなブログをはじめる（無料） はてなブログとは 全力水流連打 Powered by Hatena Blog | ブログを報告する 引用をストックしました ストック一覧を見る 閉じる 引用するにはまずログインしてください ログイン 閉じる 引用をストックできませんでした。再度お試しください 閉じる 限定公開記事のため引用できません。 読者です 読者をやめる 読者になる 読者になる
M-4,【最終68位/2453】アマガミエッテ【M-4】 - 清い心を持ってポケモンバトルに臨むのです,https://mogu-mogusan.hatenablog.com/entry/2026/08/05/201531,【最終68位/2453】アマガミエッテ【M-4】 - 清い心を持ってポケモンバトルに臨むのです 清い心を持ってポケモンバトルに臨むのです 読者になる 清い心を持ってポケモンバトルに臨むのです 2026 - 08 - 05 【最終68位/2453】アマガミエッテ【M-4】 M-4お疲れ様でした。 4シーズン目にしてようやく自分の中では良い結果を残せたので記事に残しておきたいと思います。 TN：おにいちゃん　最終68位/R2453 ・構築経緯 序盤にガオガエンとフラエッテが相性が良く感じて回したところ 鬼火で展開してフラエッテで積むのが強そうだと思ったためこの展開を軸として組むことにした。 ガオガエンはマフォクシー、ミミッキュ、ギルガルドに強く出しやすくはあったが ステロが痛かったりメガ前のメタグロスに威嚇も入らず過労死しやすかったため役割を分散し 行動保障のある鬼火ミミッキュと展開を作りやすく相手のミミッキュ、マフォクシーに対しても動けるブリジュラスに変更。 また、フェアリー２体を置くことで相手の鋼タイプを誘い鬼火で機能停止させる展開を強く意識した。 それに伴い鋼タイプに鬼火を入れた際に物理でも特殊でも起点にしたり、広範囲の特殊受けとしても役割を担えるHDアーマーガアを採用。 メタグロスや初手からブリジュラスが出てきた場合の対処が難しいため相手の積み展開の拒否にガブリアスと こちらの積む展開ができた時それぞれに強く出れるメガギャラドスを採用して構築を完成とした。 ・個体紹介 ・ミミッキュ＠いのちのたま　ばけのかわ 149(19)-151(28+)-119(19)-ｘ-125-116 HB　ばけのかわ消費後に特化メガメタグロスのサイコファングだいたい耐え(81.3％) A　あまり ちょっとだけ珍しい構成のミミッキュ 構築の軸であり展開から積みまでこなして先制技で削りもできて便利なポケモン メタグロスのバレパン以外の鋼技採用が少ないことと かげうちをもらうのを嫌い、バレパンで事足りると思われることが大半なため耐久に振った珠持ち ミミッキュの仕事量の多さがそのまま勝率にも影響してくるためとにかくじゃれつくと鬼火を当ててもらった 皮がなくなってもかなり耐久に振っているのでまあまあいろいろ耐える ・フラエッテ＠フラエッテナイト　フラワーベール 181(32)-ｘ-152(32+)-176(1)-169(1)-122 HB　特化　みがわりが無振りカビゴンの地震、火傷時ガブリアスの特化地震耐え CとD　あまり ミミッキュの鬼火補助によって起点範囲が異常に広がる Cは１振ると乱数のずれがあるので振ったもののDは特に何も意識していなかったので無振りガブも考え D1はS1に回してもいいかも ・ギャラドス＠ギャラドスナイト　いかく 191(21)-216(22+)-130(1)-ｘ-152(2)-121(20) A　+1嚙み砕く＋ステロダメでH32メガメタグロスを93.7％一発 BD　あまり S　+1でメガルカリオ抜き 最終日は1～2回しか選出しなかったが 技範囲と特性でいろんな相手と戦える こおりのキバが欲しいこともあったがカイリューが減少傾向かつステロさえ撒けば何とかなると判断して メタグロスへの打点や等倍範囲の広さから噛み砕くを採用した ・アーマーガア＠たべのこし　ミラーアーマー 205(32)-107-125-ｘ-143(25+)-96(9) HD　メガゲッコウガの冷凍ビームが受かる程度 たべのこし込みで臆病ならほぼ3耐え　控えめなら2発は確定で耐える S　そこそこのアシレーヌとたまにギルガルド抜いてそうなくらい フラエッテと同じく鬼火によって起点範囲が広がりあらゆるポケモンを起点にできる Dにかなり厚く振っているため特殊ギルガルドすら起点にできてしまう　キングシールドも無効 積む展開にする都合上能力下降は避けられないと思ったためミラーアーマーにしている ギャラドスが出てくるたびに勝手に攻撃力が下がって楽しかった ・ガブリアス＠きあいのタスキ　さめはだ 189(6)-179(29)-126(11)-ｘ-105-156(20+) HB　陽気A32ガブリアスのスケイルショットを4発ほぼ耐え(94.3％) A　あまり S　最速ビビヨン抜き もともとドラテ不採用のスケショ型で使っていたため調整があまり意味をなさなくなってしまったが 少し振っていたおかげで耐えた攻撃も多かったので結果的には良かったと思う ビビヨン入りにドラゴンテールを見せることでSを誤認させてビビヨンを出させて岩石封じで狩る動きなどもでき ここまでSを振ったメリットは大きく感じた ・ブリジュラス＠オボンのみ　じきゅうりょく 197(32)-112-150-145-128(32+)-107(2) HD　特化 S　あまり ガオガエンが担っていた役割を少し分散させて採用に至ったものの あまり出す機会はなくこちらも最終日に２回ほど 高火力格闘技以外はだいたいどんな攻撃も１発耐えるのでタスキや頑丈がなくても 行動保障があると言えるくらいの硬さで、出したときはかなり活躍してくれた 鋼技はアイアンヘッドにしていたが不意の威嚇や鬼火など最低限の火力保障のあるラスカに変更した ・選出 基本的にミミッキュ+フラエッテ＋アーマーガアで出し マフォクシー、メタグロス、ブリジュラスなどにはガブリアス+ほぼギャラドス(orフラエッテ)+アーマーガアorミミッキュ ブリジュラスは全体通してあまり出してなかったので要検討枠 受けはギャラドス以外から出すが大体崩せないので負けない選出して引き分けに持ち込む ・最後に ちょっとだけ来期も使おうかなと思ったけど、割とメタグロスのアイへとコメパン切り気味なのでもういいやといった感じで公開しときます ただ展開の1つの方法としては意識や組み方はあまり悪くなかったと思うので何か参考になればなと思います いつも環境が煮詰まって使えるポケモンのプールが潤沢になった時しか結果が出せないのですが 今回は人口も多く早い段階でいい結果が残せてよかったです 個人的には凡人の限界が２桁前半くらいかなと思っていて 今回は最初の２桁なので保存しましたが、手ごたえ的にはもう少し勝てそうだったので 次は更に上を目指して最強の凡人になりたいです 何か聞きたいことあればTwitterのDMとかで聞いてください ここまで読んでいただきありがとうございました もぐらちゃん (@mogu_mogusan) | Twitter mogu_mogusan 2026-08-05 20:15 読者になる 広告を非表示にする もっと読む コメントを書く 【SV S14】天与呪縛カイリューライコ　最… » プロフィール id:mogu_mogusan 読者です 読者をやめる 読者になる 読者になる このブログについて 検索 リンク はてなブログ ブログをはじめる 週刊はてなブログ はてなブログPro 最新記事 【最終68位/2453】アマガミエッテ【M-4】 【SV S14】天与呪縛カイリューライコ　最終100位/R2116 ポケモン剣盾 S20 最終41位-2021 結束互助ラグツルギカイリュー 月別アーカイブ ▼ ▶ 2026 2026 / 8 ▼ ▶ 2024 2024 / 2 ▼ ▶ 2021 2021 / 8 はてなブログをはじめよう！ mogu_mogusanさんは、はてなブログを使っています。あなたもはてなブログをはじめてみませんか？ はてなブログをはじめる（無料） はてなブログとは 清い心を持ってポケモンバトルに臨むのです Powered by Hatena Blog | ブログを報告する 引用をストックしました ストック一覧を見る 閉じる 引用するにはまずログインしてください ログイン 閉じる 引用をストックできませんでした。再度お試しください 閉じる 限定公開記事のため引用できません。 読者です 読者をやめる 読者になる 読者になる
M-4,チャンピオンズ M-4 最終69位 サザンクチートver.3 - nine_poke’s diary,https://nine-poke.hatenablog.com/entry/2026/08/08/113727,チャンピオンズ M-4 最終69位 サザンクチートver.3 - nine_poke’s diary nine_poke’s diary 読者になる nine_poke’s diary 2026 - 08 - 08 チャンピオンズ M-4 最終69位 サザンクチートver.3 こんにちはナインと申します。 ポケモンチャンピオンズのシーズンM-4で最終69位という結果を残せたので記事にしたいと思います。 ※ver表記は7世代からの続きです ＜構築経緯＞ 6世代の頃から愛用していたサザンクチートから組み始めた。この2匹はタイプ相性と威嚇だけでサイクルをしていて全ての行動が択になってしまう為、中間択を作れるクッションが欲しかった。そこでサザンクチートで厳しいバシャーモに強く、様々なポケモンに投げられるカバルドンを採用。 この3匹だと鉄壁型が存在するメタグロス+サザンを通せないアシレーヌに対して安定しないので、2メガ目として両方に強いゲンガーを採用。 次に両メガと相性の良いクッションであり、ゲンガー選出時に重くなるガブリアスやギャラドスのストッパーとしてギャラドスを採用。 ここまでで大体のポケモンは見れているので、最後は選出の幅を広げられる対面駒としてアシレーヌを採用した。 ＜個体解説＞ S:S振りカバルドン、ハラバリー、最遅60族意識 帰ってきた元祖嫁ポケ枠。かわいい。 技はじゃれふいにサイクル下で通りが良くて負荷をかけられるはたきおとすと、命中安定とフェアリーへの打点を評価してアイアンヘッドを採用した。 クチートといえばトリックルームと組み合わせることが多いが、トリル要員のミミッキュもじゃれつくを打つ関係で、命中不安技を連打しないといけない展開になることが多いのと、二メガ目とトリルの嚙み合いが悪く安定しなかったので今回はサイクルに寄せた。 帰ってきてくれて本当に嬉しい。 いつもの相棒枠のサザンドラ。 両メガと相性が良くクチートとの相性補完を生かしたサイクル、ゲンガーでフェアリーを倒してからサザンドラを通す動きがシンプルに強かった。 選出率も一番高くてこの構築の核となっていた。 HD:臆病ブリジュラスの流星群2耐え クッションとしての採用。 サザンクチート限界サイクルの択ゲーを緩和してくれるポケモン。 よくあるパターンだとガブリアスはサザンクチートでサイクルを回して倒しに行くことが多いが、交代を読まれてクチートに地震が当たってしまうと負けに直結してしまう。 その為、中間択として様々なポケモンのクッションとなれるこのポケモンが必要だった。 配分は重めなブリジュラスやリザードンを意識してDに多めに振っている。 その為初手投げから展開を作っていくことも多かった。 また砂嵐が非常に偉く、サザンクチートで勝てなかったメガカイリューのマルスケを剥がせるのでカイリュー入りにもサザンクチート選出をできるようになった。 H:余り(特化ブリジュラスの流星群を耐える) C:H32アシレーヌをヘドロウェーブで高乱数(87.5%)1発 S:最速110族抜き メタグロス+アシレーヌの並びに強いポケモンとしての採用。 その為配分は火力に多く振っている。 パーティの並びをゲンガーも選出しやすいように組んでいるのでメタグロス入り以外に対しても対フェアリー要因として選出することも多かった。 というかゲンガーの方が選出していた。 メガの選出率の割合はゲンガー6割、クチート4割くらい。 HB:+1特化メガミミロップのメガトンキックを最高乱数以外耐え S:準速50族抜き A:余り 両メガで厳しいところの補完としての採用 技はハッサム意識でやけっぱちを採用している 調整は以前使用したものの流用だがこれで困ることはなかった クチート選出時のアシレーヌ、ゲンガー選出時のガブリアス、ギャラドスに強く、補完として非常に優秀だった 最終戦でHP1で耐えて勝ってくれた今回のMVP S:ミラー意識 対面的に殴り合えるポケモンとしての採用 持ち物は食べ残しとお盆がなかったので神秘の雫を持たせた 技はブリジュラスとミラー意識で瞑想を採用している ミラー意識でSを多めに振ったが、ミラーが発生する展開があまりなかったのでSはもっと削っても良いかもしれない 選出率は低かったが、サイクル選出で対応しきれない構築に対して選出枠を圧縮して対応できるようになるのが良かった ＜選出＞ 相手に合わせて柔軟に 両メガが刺さってない相手にはメガなし選出をすることもあった 選出パターンが多いので選出画面で最適な選出をよく考えることが大事 ＜重いポケモン＞ 身代わりメガカイリュー カバルドンでマルスケを剥がしに行くが、吹き飛ばしがないので非常に厳しい。 数が少なかったので切っていた。 ここまで読んで下さりありがとうございました。 今期はずっと300位くらいで停滞していて、最終日も100位～500位の間を彷徨っていましたが、朝になって流れが来て７連勝してなんとか10時半頃に2桁圏内に滑り込むことができました。 M-3でも結果を残すことができずちょっと苦戦中ですが、それでも好きなポケモンを使って対戦ができるのは楽しいですね。 これからもクチートと頑張りたいと思います。 ＜スペシャルサンクス＞ 平日の朝なのに最終日通話してくれたぼんこふさん、こばやしさん、うぇぶりおさん、ラクガキさん いつもの窓の老人達 nine_poke 2026-08-08 11:37 読者になる 広告を非表示にする 関連記事 2026-06-17 チャンピオンズ M-2 最終33位 嫁の居ぬ間のカバギャラフロルサザンガルド こんにちはナインと申します。 ポケモンチャンピオンズのシーズ… 2020-02-03 剣盾s2使用構築 サーナイト入りカバギャラサザンガルド 最終日最高53位最終117位 第36回シング… こんにちは。ナインです。 剣盾S2お疲れ様でした。 今期もサー… 2019-09-03 s16使用構築 環境適応 即興サザンクチート 最高2137最終2070 こんにちは。ナインです。S16お疲れさまでした。 今期は実質レ… 2019-01-08 s13使用構築 サザンクチート 最高2097最終爆死 こんにちは。ナインです。S12お疲れさまでした。 今期は中盤に2… 2018-11-07 s12使用構築 襷ガルド展開サザンクチート 最高2100 最終2005 お久しぶりです。ナインです。S12お疲れさまでした。 今回は2シ… もっと読む コメントを書く チャンピオンズ M-2 最終33位 嫁の居ぬ間… » プロフィール id:nine_poke 読者です 読者をやめる 読者になる 読者になる このブログについて 検索 リンク はてなブログ ブログをはじめる 週刊はてなブログ はてなブログPro 最新記事 チャンピオンズ M-4 最終69位 サザンクチートver.3 チャンピオンズ M-2 最終33位 嫁の居ぬ間のカバギャラフロルサザンガルド チャンピオンズ M-1 最終56位 カバギャラフロル～サーナイトを添えて～ 剣盾s19使用構築　旧石器ウツロカバサザンガルド　最終10位 ポケモン竜王戦2020予選使用構築　カバルドン＋イベルタル展開　最終3位　レート1882 月別アーカイブ ▼ ▶ 2026 2026 / 8 2026 / 6 2026 / 5 ▼ ▶ 2021 2021 / 7 ▼ ▶ 2020 2020 / 12 2020 / 8 2020 / 6 2020 / 3 2020 / 2 2020 / 1 ▼ ▶ 2019 2019 / 9 2019 / 6 2019 / 1 ▼ ▶ 2018 2018 / 12 2018 / 11 2018 / 5 2018 / 1 ▼ ▶ 2017 2017 / 12 2017 / 11 2017 / 9 2017 / 7 2017 / 5 はてなブログをはじめよう！ nine_pokeさんは、はてなブログを使っています。あなたもはてなブログをはじめてみませんか？ はてなブログをはじめる（無料） はてなブログとは nine_poke’s diary Powered by Hatena Blog | ブログを報告する 引用をストックしました ストック一覧を見る 閉じる 引用するにはまずログインしてください ログイン 閉じる 引用をストックできませんでした。再度お試しください 閉じる 限定公開記事のため引用できません。 読者です 読者をやめる 読者になる 読者になる
M-4,【M-4 最終70位&71位】魅惑マフォニンフ - 最強のポリゴン2を求めて,https://patrick-pory2.hatenablog.com/entry/2026/08/06/014318,【M-4 最終70位&71位】魅惑マフォニンフ - 最強のポリゴン2を求めて 最強のポリゴン2を求めて 読者になる 最強のポリゴン2を求めて 全対応Dreamer 2026 - 08 - 06 【M-4 最終70位&71位】魅惑マフォニンフ こんにちは、パトリックです。 久しぶりに最終2桁取れたので構築を紹介しようと思います。 【使用構築】 5RQT0VMU2C 【構築経緯】 現環境で個人的に構築に欲しいと感じた要素が ①ガブリアス・ブリジュラスの安定した処理ルートの確保 ②受け駒によって引き分けになるのを咎める ③リザードンのような型を読み違えると受けが成立しないポケモンの処理 の3点で、いきなり全ての要素を満たせる並びを考えるのは難しいので、経験則的にまずは高速アタッカーから組み始めると構築がまとまりやすいと感じたためそこから組み始めることにした。 高速アタッカーでスカーフ枠を使うのは強くないのでメガ枠を割くことにして、その中でもガブの地震の一貫を切れる点とブリジュラスを適切に殴れる点が①を満たしていて評価出来るためメガマフォクシーを採用した。型に関してはいくつか構築記事を読んだところ、初手の起点作成型(鬼火アンコ)、エース型(巧みor身代わり)、耐久型(鬼火や願い事絡み)の大きく3つが存在するように感じたが、取り巻きのパワーと想定される試合展開を考えた時に、巧み3W型が強そうだと感じたので採用。 また、マフォクシーは初手に出しても相手のガブブリと噛み合いになりがちな要素があるため、初手置きの駒としてガブブリに歪みにくそうなポケモンとして襷ガブリアスが単体性能の高さも含めて評価していたため採用した。 ガブマフォと合わせる駒として、ドドゲザンが対面的な選出を作る際に相手のマフォクシーに強いスカーフ枠(マスカイダイガブサフゴ)の一貫をマフォと合わせて切れて起点にする動きがシンプルに強いと感じたため採用。 また前期13位が使用していたHB残飯ニンフィアが、ガブのステロ+欠伸で汎用性の高い動きが出来たり、マフォと合わせてガブやブリの一貫を切れている点、ギャラやミミ等のストッパーとして使える点等幅広い点で相性が良さそうだったため採用し、ここまでを軸とした。 当初はマフォクシー1メガで使う予定だったが、相手に裏マフォクシー1点読みされる試合がまあまああって若干それを濁したかったのと、ミミイダイ絡みの対面に寄った構築にマフォクシーが腐りがちだったため、そういった系統に選出出来そうなメガギャラドスを2メガ枠として採用。 ラストはギャラドスを出せない場合のスターミーがキツかったのと、一般枠で相手の物理の役割集中等に対応出来そうな枠としてブリジュラスを採用して完成した。 ちなみにマンスリーチャレンジは↓を使用(19位) 【コンセプト】 ・対面サイクル展開の両立 ・行動保証と相性補完を意識したサイクル性能の確保 ・崩しの要素を適度に入れて引き分けにさせない ・練度で頑張る 【個体紹介】 ガブリアス @ きあいのタスキ 特性: さめはだ 性格: いじっぱり 183-199(31+)-118(3)-90-105-154(32) じしん / スケイルショット / つるぎのまい / ステルスロック B…ガブの陽気スケショの乱数がズレる(4発を5%くらい耐える可能性が出るだけなため保険程度) S…最速にするメリットがリザくらいだが最速の母数と裏で見れることも踏まえて準速 主人公 初手に出しても2匹目として出しても詰めで使っても強い最高のポケモン。試合毎にステロを撒いて後続に繋げる動きと剣舞して崩しに加担したりそのまま全抜きする動きを選択することが出来るのが偉い。スケショというパチンコ技だけしょうもない メガマフォクシー @ メガ石 特性: もうか→ふゆう 性格: ひかえめ 171(21)-80-94(2)-211(13+)-145-184(30) かえんほうしゃ / サイコショック / くさむすび / わるだくみ H…特殊との打ち合いや後投げ意識で出来るだけ高く HB…ガブの特化逆鱗最高乱数切り耐え、珠イダイの特化アクジェ10/16耐え C…出来るだけ高く S…準速130族+2 ウィッチ 高いSから多くのポケモンを上から縛れる素晴らしいポケモン。技に関してサイコショックはニンフに対してアシレが瞑想で強引に寝かせた場合に打点を持てることと特殊受けで止まらない点が偉く、草結びはマジシャや身代わりと選択だが、積みエースとして使う以上Hケンキのようなタイプ受けで止まりたく無かったこととカバルドンがまあまあ重く打点が欲しかったため採用した ニンフィア @ たべのこし 特性: フェアリースキン 性格: ずぶとい 202(32)-76-128(32+)-130-150-82(2) ハイパーボイス / あくび / まもる / ねがいごと HB…物理耐久カスなため特化 S…遅いアシレーヌ意識で余り 鬼 欠伸守る願い事が∞なため、きつい盤面を何度もこいつで誤魔化した。カバルドンと違ってハイパーボイスが無効化されない点、ガブリアスを大きく削れる点が偉く、ニンフに強い鋼に対して裏のガブマフォドドゲが基本的に打点を持っているのも構築とのシナジーが良い。技選択が難しく、かなりプレミすることも多かったのは反省 ドドゲザン @ ラムのみ 特性: そうだいしょう 性格: いじっぱり 183(8)-205(32+)-140-72-105-96(16) ドゲザン / アイアンヘッド / ふいうち / つるぎのまい HB…ステロ+ミミの+2珠戯れ13/16耐え A…ガチ特化 S…前期のバンビーさんのアシレーヌ+2 俺は択が強い！ 対面的な選出として選出するだけでなく、ニンフィアのきついサフゴやガルドに後投げしてから裏に負荷をかけていく枠としても使えて想像以上に構築と合っていたと思う。 持ち物は最終日夕方まで黒い眼鏡で使用していたが、明らかにブラゲンが増えているように感じていたのでそこを咎められるラムのみに変更した。 不意打ち択はあまり好きじゃなかったが、ラス1のジャンケン択はこちらが基本有利で、それ以外の場合は盤面を俯瞰して見た時に通りの良い選択肢は確かに存在するため、そこを意識することが大事だと感じた メガギャラドス @ メガ石 特性: いかく→かたやぶり 性格: いじっぱり 185(15)-220(25+)-129-81-150-127(26) かみくだく / じしん / パワーウィップ / りゅうのまい H…余り A…11n S…+1で最速120族抜き メガうんこ あまりのパワーの無さにM1からずっとバカにしてきたが、選出を対面ベースの系統に絞ることによって、絶妙な耐久や元特性の威嚇、龍舞等が全て丁度良いポケモンであったと感じた。フラエッテやニンフィアを見ただけで選出を渋ったため技をもうちょい検討する必要があるような気はする。 ちなみに最終日夜(2ROM24)からの試合でのウィップの命中率は驚異の100%(1/1)だった ブリジュラス @ オボンのみ 特性: じきゅうりょく 性格: ずぶとい 197(32)-112-176(10+)-155(10)-97(12)-107(2) りゅうせいぐん / １０まんボルト / ドラゴンテール / ステルスロック 調整ガチ適当 Hダイケンキの聖剣×2をお盆込み確定耐え、黒い眼鏡千重波+聖剣を96.1%耐え ブリブリ この構築唯一の穴。ブリジュラスというポケモン自体はマフォギャラと補完取りながらガブが出せない場合のステロ撒きになれて、マスカとかにも強くて色々偉い要素は持っていると思うが適切な型が分からなかった。このポケモンを上手く使える未来が見えない🫠 【選出】 基本ガブマフォニンフドドゲから3体(順不同だがドドゲザンは後発) ミミイダイやカバアシレサザングロスにはギャラを出すことを検討 スターミー入りやガブが投げられない場合のステロ撒きとしてブリの選出を検討 大まかな考え方としては、当たり前の話だが相手の初手でテンポ取られたくない枠を意識して初手を選び、そいつが不利を取る枠を裏で補う(形として対面かサイクルか展開かは場合による) 【結果】 TN: なぜ謎Ans 最終70位(2453) 最高2460 TN: アメリア 最終71位(2452) 最高2526 ←某サイトで調べたところ勝率73%らしくてニコニコ😊 【感想・反省】 Champions初最終2桁&2ROM最終2桁で嬉しいと見せかけて、最後勝ち切れなくて悔しくて情けない気持ちの方が強いです😭 シーズン通しての取り組み方としては、M1〜M3は色々な構築を試した結果、最終的に満足いく構築が出来ず練度も足りずで勝てなすぎたため、今期は1つの構築を煮詰める方針で取り組んだ結果、ある程度勝つことは出来たので良かったとは思います。が、最終盤になるにつれて明らかにきつい並びが増えていたのを練度で誤魔化すことになることが多く、環境としての構築の立ち位置が悪いのは感じていたため、そこら辺の塩梅はやはり難しいなと思いました。 また最終日に関しては2ROM2450から片方2500乗せるまではかなり集中して戦えて、個人的に大きなプレミと感じるようなものはありませんでしたが、そこからはちょこちょこプレミをする試合があって、それを運で誤魔化していることも多く、戦っていてとても苦しかったです。毎シーズン最上位で戦っているプレイヤー達、異次元スギ 正直最近勝てなさすぎてこのゲームやめようかと思ってましたが、勝てるポケモン面白すぎるからまた頑張りたいと思います💪 何かあれば @Patrick_Pory2 まで Patrick_pory2 2026-08-06 01:43 読者になる 広告を非表示にする 関連記事 2025-12-02 【SV S36 最終90位】 限界ミライアルセ こんにちは、パトリックです。 納得のいく結果ではありませんで… 2025-10-01 【SV S34 最終66位】雷神ミライアルセ こんにちは、パトリックです。 構築の完成度こそ高くはありませ… 2023-08-02 【SV S8 最終43位】貧弱ガチミトム お久しぶりです、パトリックです。受験生であるにも関わらずポ… « 3桁 【SV S36 最終90位】 限界ミライアルセ » プロフィール id:Patrick_pory2 読者です 読者をやめる 読者になる 読者になる このブログについて 検索 リンク はてなブログ ブログをはじめる 週刊はてなブログ はてなブログPro 最新記事 3桁 【M-4 最終70位&71位】魅惑マフォニンフ 【SV S36 最終90位】 限界ミライアルセ 【SV S34 最終66位】雷神ミライアルセ 【SV S33 最終50位】噛み合いバドコライ 月別アーカイブ ▼ ▶ 2222 2222 / 2 ▼ ▶ 2026 2026 / 8 ▼ ▶ 2025 2025 / 12 2025 / 10 2025 / 9 2025 / 5 ▼ ▶ 2023 2023 / 8 ▼ ▶ 2022 2022 / 3 はてなブログをはじめよう！ Patrick_pory2さんは、はてなブログを使っています。あなたもはてなブログをはじめてみませんか？ はてなブログをはじめる（無料） はてなブログとは 最強のポリゴン2を求めて Powered by Hatena Blog | ブログを報告する 引用をストックしました ストック一覧を見る 閉じる 引用するにはまずログインしてください ログイン 閉じる 引用をストックできませんでした。再度お試しください 閉じる 限定公開記事のため引用できません。 読者です 読者をやめる 読者になる 読者になる
M-4,【M-4 最終74位】ガブハッサム極,https://pokesol.app/u/srgb_pokemon/articles/709b7b5a3d5f7fb3,【M-4 最終74位】ガブハッサム極 ログイン ポケノート 注目記事 記事検索 ツール ダメージ計算(準備中) チーム管理 Pokémon Soldier X YouTube Twitch GitHub サポート お問い合わせ 条項 利用規約 プライバシーポリシー 免責事項 0 s srgb_pokemon 目次 ページトップへ 【M-4 最終74位】ガブハッサム極 構築記事 シングル M-B M-4 2026年8月9日 に公開 コンセプト ガブリアス＋ハッサムを軸とした攻め主体のスタンダード構築。 ガブリアスによる対面・展開性能と、ハッサムによるサイクル・積み展開を組み合わせることで、対面・サイクル・展開を柔軟に切り替えながら戦うことをコンセプトとした。 構築経緯 M-1で迷走している最中に使用したぼのぼに大先生のガブリアス＋ハッサムの並びに可能性を感じた。 まず、HBオボンガブリアスを軸として採用した。 採用理由は、起点作り性能と高い対面性能を両立していることにある。 ① 受けるという自然な選択にリスクを付けられる。 物理受けに対してステルスロックや撒菱を設置する動きが非常に強力であり、ガブリアスを受けようとする自然な行動そのものを咎められる。こちらは大きなリスクを負うことなく、相手の対応次第で致命的なアドバンテージを得ることができる。また、起点作り型の存在によって、トリプルアクセル・流星群・逆鱗など、本来押したい技にも命中や能力下降、行動固定といったリスクが生じるため、相手の技選択そのものを歪められる点も優秀である。 ② 起点作りとアタッカーの両方に対応できる。 当時は、ガブリアスを受けられるポケモンの中で、ステルスロック・撒菱型とアタッカー型の双方をケアしながら負荷を掛けられるポケモンが少なかった。そのため、両方の型に極端な不利を取らず対応できるガブリアスは、相手視点で対応難易度が高いポケモンであると考えた。 ③ 安定した削り性能を持つ。 ステルスロック＋地震だけでも多くのポケモンへ確実に負荷を掛けられ、後続の圏内形成に優れている。 このガブリアスと組み合わせる相方として、HA羽休めメガハッサムを採用した。 採用理由は、ガブリアスが作る盤面を最も効率よく勝ち筋へ変換できる積みエースだったからである。 ① サイクルから積み展開へ自然に移行できる。 高い耐久性能によってガブリアスの弱点技を自然に受けながら着地できるだけでなく、ガブリアスが誘発するトリプルアクセルや流星群、逆鱗などのリスク技を剣の舞の起点へ変換できる。対面・サイクル・展開を滑らかに切り替えられる点が最大の魅力である。 ② ガブリアスとの攻撃範囲が噛み合う。 ステルスロック＋地震＋ドラゴンテールと、剣の舞＋バレットパンチ／インファイトの攻撃範囲が非常に相性が良く、物理による役割集中が成立する。特にバレットパンチが通りにくい炎・電気・鋼タイプには地震が有効であり、インファイトも広い範囲へ一貫するため、互いの苦手を補完しながら崩しを継続できる。 ③ 環境への対応性能が高い。 ブリジュラスやミミロップなど、M-A環境で対応難易度の高いポケモンに対して等倍受けが可能な耐久性能とインファイトを併せ持ち、環境上位の並びに対して安定したゲームメイクが可能であった。 以上の理由から、この2匹は対面性能・サイクル性能・展開性能を高い水準で兼ね備え、攻めを主体としながらゲームプランを柔軟に切り替えられる、本質的なスタンダードであると判断した。 その後はHBオボンガブリアスとHA羽休めメガハッサムを固定し、残る4枠を4シーズンにわたって試行錯誤しながら構築を完成させた。 個体紹介 H…総合耐久を意識して最大 HD…C32振りメガマフォクシーのマジカルシャインをオボン込み2耐え S…遅いガブリアスとのミラー意識 B…余り全て このポケモンの本質的な強みは、地震とステルスロックによる継続的な削り性能にある。 M-A、M-B環境では、ブリジュラスをはじめとする強力な鋼タイプが数多く存在する一方で、飛び抜けて強い飛行タイプは少なく、地震の一貫性が非常に高かった。また、地震が無効な飛行タイプもステルスロックとドラゴンテールを組み合わせることで着実に削ることができる。そのため、この環境では「地震を何度も選択すること」自体が大きなアドバンテージになると考えた。 この考え方から、襷ASではなくHBオボンを採用した。襷ガブリアスは不利対面でも行動保証を得られる反面、一度仕事を終えると退場することが多い。一方でHBオボンガブリアスは、有利対面を維持しながら地震を連打し、地震が有効でない相手にはステルスロックやドラゴンテールで蓄積ダメージを稼ぐことで、長期的に盤面全体へ負荷を掛けられる。技の通りの良さからガブリアスの行動回数が増えるほど勝ちに近づく環境であるため、「あと何回動かせるか」を常に意識して立ち回ることが重要である。 この削り性能はハッサムと非常に相性が良い。ハッサムは高火力の先制技による詰め性能を持つ一方、単体で崩し切れるポケモンではなく、事前の削りが不可欠である。また、ガブリアスの引き先として優秀ではあるが、等倍技まで受け続けると羽休めによるターン消費が増え、後手に回り本来の攻め性能を発揮しにくくなる。そこで、ハッサムで受ける必要のない攻撃はHBガブリアスの硬さで受けながら削りを進め、ハッサムは本来の役割の遂行と詰めの役割に専念させることを意識した。 ハッサムでは受けづらい相手に対してガブリアスが有効な耐久調整を施し、一方でガブリアスが苦手な相手は並び全体で対応することで、それぞれの持つパワーを最大限に発揮できる配分となっている。 カバルドン使いは誰一人としてHBガブリアスの対策をしていないのに、無策でガブリアスがアタッカー前提でカバルドンを後投げするので、カバルドン構築に対してはかなり有利に試合を進めることができた。 勤勉なガブリアス使いは能動的に動くための構築を考えているが、カバルドン使いは文字通り怠けているので、一切そのような工夫は見られなかった。 H…ステロダメージを意識して8n -1調整 A…11n B…余り　ガブリアスやカバルドンの地震のダメージ意識 このポケモンの強みは、優秀なタイプと高い受け数値によって相手の攻撃を受け止めながら、剣の舞の起点にできる盤面が非常に多いことである。 受け性能と積み性能が両立しているため、サイクルの中で相手の攻撃を受けるだけでなく、そのまま剣の舞を選択して勝ち筋へ移行できる。 特にM-A・M-B環境では、ブリジュラス、ミミロップ、マスカーニャ、ミミッキュ、ゲンガー、キラフロルなど、対応が難しくなりやすいポケモンに対して、ハッサムを自然に選出できることが大きな価値になる。 メガハッサムとして採用する理由は、実際のダメージ計算と立ち回りを照らし合わせるとメガの耐久と火力が必要になるからである。 具体的には高い数値を活かして剣の舞の起点にする、羽休めで耐久を高く保つ、インファイトでブリジュラス対面から負担を掛ける、というサイクルと積みの2つの動きを成立させられる。 M-A・M-B環境で特に面倒なミミロップやブリジュラスに対して、「受けられる」だけでなく「受けた後にインファイトで返せる」ところまで含めて評価すると、非メガハッサムではなくメガハッサムを使う意味が明確になる。 メガハッサムの価値は、「高耐久・先制技の高火力」という単体性能だけではない。環境上の対応困難なポケモンを自然にケアしながら、パワーの高いHBガブリアスの削りのバトンを受け取って剣の舞から勝ち筋へ変換すること、そしてその一連の動きを実際のダメージ計算上成立させられることにある。 メタルコートを持たせないとミミッキュすらも倒せない安物のハッサムには代替不可能な価値創出力がある。 C …竜は＋流星群の破壊性能を意識して特化 まるでドラゴン技を気分よく押せない600属が居る言い様だが、ブリジュラスは鋼タイプを活かすことで妖タイプを牽制できるので、竜の牙補正の乗ったドラゴン技を気持ちよく選択することができた。 引き先のいないサイクル構築に対して滅法強く、連敗続きの流れが悪い中でカビゴンの地割れを無効化して6連勝中の受けループに勝利し、流れを取り戻すことができた。 HB…メガメタグロスの特化地震最高乱数切り耐え、陽気A32振りのメガスターミーのクイタン＋アクジェの瀕死率意識 C…できるだけ高く S…最速ギャラドス＋1 マフォクシー＋メタグロスの両方のメガに強かった。 スカーフ10万があるのでギャラドス入りにも臆せずに出していけた。 マフォクシー構築はマフォクシーで鋼を対策しているがそれを超えられるスカーフサーフゴーは強かった。 サーフゴーが霧払いを無効化できるのでガブリアス＋サーフゴーがリザードン＋霧払いアマガに滅法強かった。 しかもパワージェムを覚えるので炎に強いのが偉かった。 知り合いからこのポケモンの型（環境に増えると困る為）を紹介しないように頼まれたので何も書かない。 MB環境の本質 H…総合耐久意識で最大 HB…後投げ時特化ガブリアスの剣舞逆鱗（＋1状態）耐え HD…できるだけ高く　リザYのソラビを余裕持って2耐え S… 麻痺した最速135族抜き 最後に入ってきたラストピース この構築はガブリアスやハッサムの行動保証を先に奪われてリザードンを通されると簡単にまけてしまう。 なのでそれらにまとめて対面処理が行える枠がここには適任だと思い採用した。 リザードン、ゲッコウガみたいなスマブラポケモンやそれと一緒に組まれているアシレーヌに対して有利を取れるのでそこに出していく。 リザードンに強くてもガブリアスに弱いと苦しい試合が多いので浮いている枠かつ威嚇と言う腐らない特性は素晴らしかった。 このポケモンの役割は、ウィップとエッジでありアシレにはウィップを2回、リザードンYにも必ずエッジを当ててほしいので、広角レンズを持たせて勝率を高めた。 電磁波の枠は、なんでも良かったが最終的にリザードンXを意識して採用した。 最初は地震にしていたが、削りを入れても裏のガブハッサムだとその削りが活きない事が分かり電磁波に変えた。 重いポケモン 最速シュカサーフゴー＋最速メガメガニウム マジで勝てん 唯一切ってる並びで最終日再戦で2回も当たると言う アシレーヌ＋ミミロップ＋メガスコヴィラン ブリジュラスが強過ぎて奇跡的に勝った メガスターミー＋早い悪巧みサーフゴー マジで勝てん2 結果 TN シロガブ　最終74位　レート2451 144-74-5（64.6%） 構築 ガブリアスが水テラスの理由は最終戦でハラバリー対面で水テラスしてスターミーを崩しの起点にして勝つ事が出来たから 感想 M-1からずっとガブハッサムを使っておりM-3以外は環境的にもかなり追い風の構築だと思っていました。 ハッサムが環境に恐ろしいくらい刺さっているのにメタられてる様子もなかったので最初から勝てる自信はありました。 M-4は最終2桁を目標にやっていました。 最終日0時時点でレート2400ありおそらく最終チャンピオン級は乗るだろうと思っていました。 こんなに強い構築で最終チャンピオン級で満足するのは勿体無いと感じ潜り続けました。 運負け続きで流れ悪かったですが最後上振れました。 Special Thanks ガブハッサム軸を教えてくれたぼのぼに大先生 竜の牙ブリジュラスと凄すぎるアマガを教えてくれたあみさん スカーフサーフを教えてくれて最終日1週間前にフレ戦を沢山してくれたもりり S2の時に一緒に切磋琢磨してランクマを戦ってくれたようくん 高めあってくれたSRの皆んな 最終日突如として広角レンズギャラドスを思い付いた自分 この6体で勝てると判断した自分自身の見る目 最後に 4ヶ月前のぼのぼに大先生のガブハッサムの動画に出逢えてなければここまで理解を深める事も出来なかったので本当にぼのぼに大先生には感謝です。 SRではぼのぼにさんやうわっきーさんの考えをベースとした基礎知識を学べて本当に助かりました。 ぼのぼにさんやうわっきーさんの考えをインストールした自分が今後更に成長していけると思うとこれからのポケモン対戦が楽しくてたまりません。 最終チャンピオン級までは簡単にいけるけど最終2桁以上となると体力的にも精神的にもかなりしんどかったのでそこに慣れて最終2桁以上を安定して取れるプレイヤーを目指していこうと思います。 ポスト s srgb_pokemon s srgb_pokemon ポケノート ツール サポート 記事一覧 チーム管理 お問い合わせ 記事検索 記事一覧 記事検索 チーム管理 お問い合わせ
M-4,M-4 最終75位/R2451 壁ヤミラミペンドラー,https://pokesol.app/u/mist_gun_haru/articles/741efb8823cf1ab6,"M-4 最終75位/R2451 壁ヤミラミペンドラー ログイン ポケノート 注目記事 記事検索 ツール ダメージ計算(準備中) チーム管理 Pokémon Soldier X YouTube Twitch GitHub サポート お問い合わせ 条項 利用規約 プライバシーポリシー 免責事項 0 m mist_gun_haru 目次 ページトップへ M-4 最終75位/R2451 壁ヤミラミペンドラー 構築記事 シングル M-B M-4 2026年8月6日 に公開 はじめに みすとと申します。 M-1, M2ではチャーレムを使ってチャンピオン級を取っていましたが、今回は脱チャーレムして構築を組めて目標であった最終2桁を取れました。参考になれば幸いです。 使用構築 構築経緯 M-3では流行っていたカバルドンに対して、眠カゴアシレーヌでアドバンテージを取っていくのが強いと感じて、足りない物理耐久を壁で補うのが良いと考えフェアリー被りしないヤミラミを採用してせっかくならと瞑想アシレーヌでの全抜きを考えていた。 ヤミラミアシレーヌではマスカーニャが厳しくメガバシャーモを使っていたがうまく全抜きできずにいた。具体的には毒びしやミミッキュ、低耐久が課題だった。 M-3が終了し構築記事を眺めているとメガペンドラーがマスカーニャに強く、上記課題にも完全に回答できるうえに壁構築の弱点である急所もケアできる神ポケモンであり、M-4ではヤミラミアシレーヌペンドラーをメインに構築を考えていった。 積み展開がメインになるためサポートできるカバルドンを採用し、残りは色々試していたが最終的にはよく初手に出されるメガリザードンYに強く出られるメガカイリューと、顔採用でギルガルドにしていたところ、うまく6匹が噛み合い相手に全対応の負荷を与えられためこれで確定した。 最終的にはペンドラーが強くてヤミラミペンドラーメインになっていた。 個体紹介 S準速、C11n、残りH。火力が欲しかったのでひかえめ 初手出し対面打ち合いポケモン。ペンドラー側を出すことが多かったが出したときは普通に強かった。ヤミラミのヘイトがあまりにも高く、カイリュー入だがリザードンやスコヴィランを出されることがあまりにも多く、そこがかみ合っていた。 技構成は構築的にアシレーヌもよく出されるため10万は確定。カバルドン引きに安定火力&負荷をかけれるエアスラ&流星で採用。残り1枠は羽休めにしてたがあまりサイクル回す構築ではなくあまり撃たなかったので、こちらのアシレーヌのS補助のために電磁波で採用。ちょっと流行ってたガルーラに対して打つ気持ちでいたが1回くらいしか撃たなかったのでなんでもよい。 耐久がなさすぎるためHB振り切り 神ポケモン。他の壁ポケモンと違いメガヤミラミがちらつき壁と意識されづらいのが強かった（気がする）。とにかく選出圧が強く、相手の選出を歪ませてた。 またアンコールも強く、壁を見た後の積み技を縛ったり、壁を貼らずとも裏が起点にできる技で縛ったりとかなり有用であった。 アンコールができないメガギャラに竜舞を詰まれる展開は多かったがイカサマでだいたいなんとかなった。 とはいえ型がバレるとあんま強くなさそう。 H振り切りで、火力が欲しかったので控えめ採用。SはミラーとS無振りのメガスコヴィランと25くらい振ってる50族意識で17振り、あまり適当にB。 ペンドラーが来るまではエースだったポケモン。壁+瞑想で以外とエースになれる。フェアリーでドラテが入らないのも神。ペンドラーが厳しいアマガカバあたりがいるときにエースになる。 ペンドラーが来てからは当初の想定通りカバに対して負荷をかけられた。 想定外の回復や対毒びし性能で眠カゴは強かったが、M-4後半ではカゴアシレが増えて若干ビビってた。が想定通り対カバルドン性能でかなり役に立った。 B11nの2振り、ハラバリー意識のS2振り、残りHD キュウコンガブ的な感じで壁+ステロ要因で使ったり、普通に初手要因として積みのサポートをしたり無難に強かった。やはり出すだけで砂が蒔けてマルスケやタスキを削れるのが優れている。 壁もあるのでターンを伸ばす再生技よりは起点回避のふきとばしで採用。 そこまで多く出したわけではないが、カバルドンで詰むポケモンも多いので選出画面での圧が強かった。よくわかる。 調整はこちらの記事参考。とくに困らなかったので変えていない。 MVPポケモン。よく3タテした。なんで実況者のメガtierでEにすらいないのかわからないくらい環境で強かった。やっぱり加速が弱いわけない。HPは低いが逆に吸血で結構回復できるのもよかった。 環境にピクシーやフラエッテが現れ、アシレニンフも数は多かったのでどくタイプ&毒技がかなり強かったのと、マスカーニャも多かったので壁なしでも起点にできることは多かった。 普通に壁下で加速抜きでメガして打ち合っても全然強い。 タスキなためAS振り切り 隠れMVPポケモン。このポケモンにタスキを持たせてから中盤での勝率がかなり伸びた。 ヤミラミに強い初手を出されることが多く、特にリザYアシレーヌを葬ってた。 リザYは耐久に振っていなければポルガイ影でまとまり、耐久に振っている場合はメガ前ペンドラーが上を取れトドメを刺せる。アシレーヌには剣舞から入りそのまま葬るどころか裏まで破壊してた。 終盤はカバルドン対面無理やり剣舞ポルガイで削りペンドラーを通すみたいことをやっていた。 カイリューガルドのためか初手出しでも意外とタスキが想定されなく、認識のズレでアドバンテージを取っていた。 こういう認識のズレタスキ枠すこ。 選出 基本はペンドラーかアシレーヌを通すように組む。ペンドラーはアーマーガア入りには出さない事が多い。 カバルドンがいるときはアシレーヌを出す事が多い。 経験的にマスカカバ構築にはヤミラミを出さないほうが勝率がよかった。 一番した選出はギルガルド・ヤミラミ・ペンドラー。 選出パターンは多い順で以下 初手要因（カバroガルドorカイリュー） + ヤミラミ + エース（ペンドラーorアシレーヌ） ヤミラミ + アシレーヌ + ペンドラー カバorガルド + アシレーヌ + ペンドラーorカイリュー きついポケモン・並び・プレイング アーマーガア: ペンドラーが出せないので悲しいのにあんまり出てこない。選出が歪む。 マスカカバ: こちらの選出がかなり制限される上に、相手の型次第で選出択になる。勝率が悪いわけではなかったが安定した選出が作れなかったのがこの構築の課題だったと思う。 ヤミラミ非メガ一点読み: ペンドラーがいるのでわからなくもないが流石にトリックは押さないでほしい。 最後に 無事目標であった最終2桁を取れてよかったです。自分自身は剣盾でしか最終2桁を取っていなかったので、自分にニュートラルなポケモン力があるか不安でしたが大丈夫だと認識できてよかったです。 今回は最終2桁目標でレート保存でしたが、最終レートまで8連勝で駆け上がれていたので、次はもっと上を目指していきたいです。 最後まで読んでいただきありがとうございます。 質問等は X: @mist_gun_haru まで ポスト m mist_gun_haru m mist_gun_haru ポケノート ツール サポート 記事一覧 チーム管理 お問い合わせ 記事検索 記事一覧 記事検索 チーム管理 お問い合わせ"
M-4,【最終76位】天敵ギルガルドをホルードで完全粉砕！鉄壁メガメタグロスを通す最強構築【ポケモンチャンピオンズ】【最終チャンピオン級】,https://www.youtube.com/watch?v=yEoJ2dHTeXg,【最終76位】天敵ギルガルドをホルードで完全粉砕！鉄壁メガメタグロスを通す最強構築【ポケモンチャンピオンズ】【最終チャンピオン級】 - YouTube About Press Copyright Contact us Creators Advertise Developers Terms Privacy Policy & Safety How YouTube works Test new features NFL Sunday Ticket © 2026 Google LLC
M-4,【シーズンM-4最終77位レート2451】砂塵蹂躙カバドリガブ - 砂老人の語り場,https://keykko.hatenablog.com/entry/2026/08/06/202912,【シーズンM-4最終77位レート2451】砂塵蹂躙カバドリガブ - 砂老人の語り場 砂老人の語り場 読者になる 砂老人の語り場 主にポケモンに関する記事を書きます。 2026 - 08 - 06 【シーズンM-4最終77位レート2451】砂塵蹂躙カバドリガブ 初めましての方は初めまして、砂の民Keyと申します。 今回は砂パで最終二桁を達成できたので構築記事を書くことにしました。 是非最後まで読んで頂けると嬉しいです。 ・結果 TN Key 最終77位 レート2451 TN 砂の民　最終158位 レート2406 ・使用構築詳細 チームIDも載せているので自由に使ってください 構築経緯 個体紹介 選出 重いポケモン 最終日対戦動画 最後に 構築経緯 砂パが好きなので砂パを使う所からスタート。 前期はバンギラスを砂始動役として採用していたが思うような結果を残せなかったため今期はカバルドンを使うことに決めた。 砂エースのドリュウズまで確定。 カバドリ展開から出して強いメガシンカポケモンを模索していた。 M-1で使用していたギャラドスとメガニウムが第一案としてあったがあまり勝率が高くなかった。 メガリザードンYがきついと感じていたため、それに強いメガシンカポケモンから絞っていったところメガガブリアスが目に入った。 配信映えもするかなと思い、半分冗談で使ってみたところ、あまりに強かったためなんと最後まで続投することとなった。 メガガブリアスは素早さの遅さが目立つため裏選出においてはねばねばネットでのサポートを考えた。 ねばねばネットを覚えるポケモンの中でオニシズクモが強かったので採用。 ねばねばネットと相性が良い特殊積みアタッカーを探したところサーフゴーが自然と入ってきた。 もう一枠メガ枠採用したいなと思い、ねばねばネット展開と相性が良いメガシンカを探したところメガニウムが第一案として挙がった。 悪くはなかったがあまりに選出率が低く活躍の機会が少なかったためメガフラエッテを試してみたところ強かった。 フラエッテで鋼タイプの選出を誘導しメガガブリアスで狩る動きが再現性高かった。 これを評価して採用が決まった。構築完成。 個体紹介 カバルドン＠さらさらいわ 特性：すなおこし 性格：しんちょう 実数値：215(32)-132-139(1)-x-136(32)-68(1) 技：じしん あくび ステルスロック ふきとばし HD：特化 S：カバルドンミラーで先に砂を起こしたいため。 B：あまり。色々乱数がずれる。 起点作成用のHDカバルドン。 性格は腕白とも悩んだがとにかくワンパンされにくくしたかったので慎重での起用。 メガメガニウムのソーラービームをワンチャン耐えたりする。 今期も安定した仕事ぶりをみせてくれた。 選出率2位 79%(11/14) ドリュウズ＠命の珠 特性：すなかき 性格：いじっぱり 実数値：185-205(32)-89(9)-x-85-133(25) 技：じしん アイアンヘッド いわなだれ つるぎのまい A：特化 S：準速80族抜き、準速スカーフマスカーニャ+4 B：先制技意識であまり振り切り 本構築の主砲。超速超火力。 ひるみ技もあるためワンチャン性能もある。上から殴ることが正義。強い。 選出率4位 43%(6/14) ガブリアス＠ガブリアスナイト 特性：さめはだ(メガ後すなのちから) 性格：ようき 実数値(メガ後)：183-222(32)-137(2)-x-115-158(32) 技：じしん スケイルショット かみなりのキバ つるぎのまい A：特化 S：メガ前にガブリアスに同速勝負を仕掛けられることや、メガ後も素早さに性格補正のかけていない100族を抜けることを評価してようき。 B：あまり。カバルドンの地震乱数3発(34.8%) 本構築の大本命MVPメガガブリアス。 超火力であらゆるポケモンを破壊する。 素早さが下がるのが本当によろしくなく何度も臆病カイリューに上から流星群を叩きこまれた。 スケイルショットの当てる回数に運が絡むなど弱い面もあるがそれを差し引いてもあまりに強かった。 特性は砂がくれも強いが物理への繰り出し性能を意識してさめはだ。 かみなりのキバは炎のキバや岩技と選択だがギャラドスに強いことを評価した。 種族値700は正義。最強。 最終日選出率 1位86%(12/14) フラエッテ＠フラエッテナイト 特性(メガ後)：フェアリーオーラ 性格：ひかえめ 実数値(メガ後)：151(2)-x-107-227(32)-168-154(32) 技：ムーンフォース ドレインキッス サイコキネシス めいそう C：火力意識で特化 S：準速 H：あまり ねばねばネットと相性の良い裏メガ。 火力が欲しかったので控えめC特化。 毒タイプに対しても選出ができるようにサイキネ採用。 出しても強いし出さなくても選出誘導として機能する優秀なポケモン。 最終日選出率5位 21%(3/14) オニシズクモ＠オボンのみ 特性：すいほう 性格：わんぱく 実数値：175(32)-106(16)-143(18)-x-152-62 技：アクアブレイク きゅうけつ ねばねばネット リフレクター H：ぶっぱ A：B2振りガブをアクアブレイクで乱数二発(85.5%) B：11n　オボンと吸血の回復込みでメガスターミーのしねんのずつき2耐え ねばねばネット展開要員。 きゅうけつはメガスターミーやヒスイダイケンキ、マスカーニャに迅速処理できるように採用した。 リフレクターの枠は最初こわいかおだったのだがギルガルド等の剣の舞の起点にされることに対してあまりに無力だったため最終日急遽採用。 これが功を奏し、自らねばねばネットのを撒く隙を作ったり、シンプルに対面殴り勝てたりするなど非常によくハマった。 タイプと特性が優秀でサイクル参加もできる本当に良いポケモンだった。 最終日選出率3位 57%(8/14) サーフゴー＠シュカのみ 特性：おうごんのからだ 性格：おくびょう 実数値：163(1)-x-116(1)-185(32)-111-149(32) 技：シャドーボール ゴールドラッシュ 10万ボルト わるだくみ ねばねばネットと相性の良い特殊積みアタッカー。 持ち物はガブリアスやカバルドン、マンムー意識でシュカのみ。 選出機会は決して多くはないがねばねばネット下での制圧力は高かった。 最終日選出率6位 14%(2/14) 選出 全て取り上げるとキリがないため主な選出パターンを取り上げる。 ・カバドリガブ 基本選出。まず第一にこの選出が通るか考える 考え方はシンプルでカバルドンで起点作成してドリュウズかメガガブリアスを通す。 相手にアーマーガア、カバルドン、ミミズズ等のドリュウズが明確が止まるポケモンがいなければ迷いなく出していた。 ・カバガブオニシズクモ ドリュウズを出すよりもオニシズクモのねばねばネットを要すると判断したときやカバルドンやイダイトウが相手にいるときに出す選出。 ・オニシズクモ+フラエッテorガブリアス+サーフゴー ねばねばネット展開で勝てると判断した時の選出。 フラエッテとガブリアスは選択。 その他カバドリフラエッテやガブリアスとフラエッテの同時選出などもしたが、その辺りは臨機応変に対応していた。 重いポケモン ・メガリザードンY 初手に出てきて荒らされるケース多数。エアスラがないお祈りをしてオニシズクモで頑張っていた。ガブリアスのかみなりのキバを岩技にすると対処は楽になる。 ・アシレーヌ 無限回初手に出てきて確実に仕事される。構築単位で重く誘うポケモンなのに基本選出で重いのは欠陥だったが解決案が最後まで思い浮かばなかった。 砂ダメージやステロで削ってドリュウズやメガガブリアスの圏内に入れていた。 ・アローラキュウコン、バイバニラ、メガユキメノコ 天候が書き換えられてきつかった。フラエッテをなるべく選出してカバルドンを後発から出して頑張っていた。 最終日対戦動画 実際に運用している様子を録画しておいたのでご覧いただけると嬉しいです。 youtu.be 最後に まず、目標であった最終二桁を無事達成できて内心ホッとしています。 というのもM-2、M-3は最終日に負けて終わり、納得のいく結果を残すことが出来なかったからである。 特にM-3に関しては最終盤で軸を変えてしまったことが敗因かなと考えてるのでそこをM-4では修正することにした。 構築の軸を早い段階で決めて選出やプレイングの練度を上げることに集中する、そうすることで勝率を飛躍的に高めた。 そのことが功を奏し最終日も自信を持って臨むことができた。 正直余力があったのでもっと上を目指せたのかなとも思うが確実な結果を優先した。 今期は余裕があれば二桁前半以上を目指したいかなと思います。 メガガブリアスは使い続けるかもしれないし、また別の軸を見つけるかもしれない。 とにもかくにも頑張っていきたいと思います。 Youtubeチャンネルの方で配信活動もしているのでよろしければチャンネル登録お願いします。 www.youtube.com ここまで読んでいただきありがとうございました。 ・Special Thanks 相談に乗って頂いた砂の民の方々、感謝。 Keykko 2026-08-06 20:29 読者になる 広告を非表示にする 関連記事 2026-05-14 【シーズンM-1最終51位レート2691】海竜幻花カバドリ 初めましての方は初めまして、砂の民Keyと申します。 今回は砂… 2024-08-02 【s20最終21位レート2105】砂漠パ 初めましての方は初めまして、砂の民Keyです。今回は自己最高順… 2024-06-01 【s18最高レート2020最終831位】カバドリザシアン 初めましての方は初めまして、砂の民Keyです。今回は最高レート… 2024-05-01 【s17最終73位レート2074】カバドリ@1極 はじめましての方ははじめまして、砂の民Keyです。 今期は砂パ… 2024-02-02 【s14最終99位レート2116】カバドリ@1【砂選出率95%】 はじめましての方ははじめまして、砂の民Keyです。 今期は砂パ… もっと読む コメントを書く 【シーズンM-3最終684位レート2316】カバ… » プロフィール id:Keykko 主にポケモンに関する記事を書きます。 読者です 読者をやめる 読者になる 読者になる このブログについて 検索 リンク はてなブログ ブログをはじめる 週刊はてなブログ はてなブログPro 最新記事 【シーズンM-4最終77位レート2451】砂塵蹂躙カバドリガブ 【シーズンM-3最終684位レート2316】カバンドリニウムカイリューガルド 【シーズンM-1最終51位レート2691】海竜幻花カバドリ 【s40最終115位】異常気象バンドリ 【s39最終308位】レギュI砂備忘録 月別アーカイブ ▼ ▶ 2026 2026 / 8 2026 / 7 2026 / 5 2026 / 4 2026 / 3 ▼ ▶ 2025 2025 / 10 2025 / 8 2025 / 7 2025 / 5 2025 / 3 2025 / 2 ▼ ▶ 2024 2024 / 10 2024 / 8 2024 / 7 2024 / 6 2024 / 5 2024 / 4 2024 / 3 2024 / 2 ▼ ▶ 2023 2023 / 10 2023 / 9 2023 / 8 2023 / 2 2023 / 1 ▼ ▶ 2022 2022 / 11 ▼ ▶ 2021 2021 / 4 2021 / 3 2021 / 2 2021 / 1 ▼ ▶ 2020 2020 / 12 2020 / 10 2020 / 9 2020 / 8 2020 / 6 2020 / 1 ▼ ▶ 2019 2019 / 11 2019 / 9 2019 / 6 2019 / 4 ▼ ▶ 2018 2018 / 9 2018 / 5 2018 / 2 2018 / 1 はてなブログをはじめよう！ Keykkoさんは、はてなブログを使っています。あなたもはてなブログをはじめてみませんか？ はてなブログをはじめる（無料） はてなブログとは 砂老人の語り場 Powered by Hatena Blog | ブログを報告する 引用をストックしました ストック一覧を見る 閉じる 引用するにはまずログインしてください ログイン 閉じる 引用をストックできませんでした。再度お試しください 閉じる 限定公開記事のため引用できません。 読者です 読者をやめる 読者になる 読者になる
M-4,【M-4シングル 最終79位】ラグで勝ちたい,https://pokesol.app/u/rcmk/articles/80e30ac3a48969fa,【M-4シングル　最終79位】ラグで勝ちたい ログイン ポケノート 注目記事 記事検索 ツール ダメージ計算(準備中) チーム管理 Pokémon Soldier X YouTube Twitch GitHub サポート お問い合わせ 条項 利用規約 プライバシーポリシー 免責事項 0 r rcmk 目次 ページトップへ 【M-4シングル　最終79位】ラグで勝ちたい 構築記事 シングル M-B M-4 ラグラージ 2026年8月6日 に公開 TNてとらと申します。 M-3から2シーズン続けて推しポケのラグラージでチャンピオン級に残ることができたので、記念に記録を残します。 【構築経緯】 「メガラグを使いたい」 「前シーズンに使用感の良かったいのちのたまガルドを引き続き使いたい」 の2点から構築を始める。 肝心のラグラージとギルガルドにそんなシナジーはないので、それぞれ表選出と裏選出の軸とした。 ギルガルドと相性の良いカイリューは、ラグラージの苦手な草タイプ、リザードンY、物理受けに強く出れるので裏選出は素直にカイリューガルドとした。 カイリューガルドはギャラドスミミロップあたりが重いが、これに対しての回答として使い慣れているスカーフ水ケンタロスを採用。この3体を裏の基本選出とした。 肝心の雨要員には、前シーズンで雨要員かつ詰みストッパーかつ受けポケも破壊できるみがわりいたみわけミミッキュの使用感が良かったので引き続き採用。 ラスト１枠をブリジュラス、ドドゲザン、ハッサム等で争ったが、ギャラドスに強く出ることが出来ることを評価してブリジュラスを採用とした。 【個体紹介】 ラグラージ H:16n-1 ガブリアスの特化地震が確定3発 A:余り S:雨下で最速135族抜き H2振りだと雨降ってない時の対面性能がシャバイ＋ウェブタ雑に使えないの痛すぎなのでH全振り。S振ってたら良かったと思うことよりH振りで助かった方が多かったと思っている。 リザードン、固い草ポケ、天候勢、ブラッキーがいなければだいたい表選出を投げていた。 天候勢の中でも、砂相手には出していけるけど、裏に草技使ってきそうなポケモンいるならさすがにやめよう。 主にカバルドン入りには、メガを切らずに素ラグラージとしてメガカイリューと同時選出することもしばしばあり、ここでもH振りが生きていた。 ミミッキュ H:16n-1で最小 B:余り s:最速 行動補償の鬼。 化けの皮と耐久含めて、2〜3回はほぼ動いてくれる。いたみわけで回復するとなんか無限に場に居座る。 雨降らして呪いでさっさと退場するのも良いし、積み構築を呪いで詰ませるのも良いし、みがわり呪い痛み分けして受け構築をぐちゃぐちゃにするのも良い。 前シーズンは最終日付近しか使っていなかったので型バレしていなかったが、今シーズンはフルで使っていたので再戦時に自慢のミミッキュ対策でボコられることもあって泣いた。 ブリジュラス H:16n+1 B:特化メガギャラドスの＋1地震を最高乱数切り耐え S:最速 こいつがいないと流行りのギャラドスを見た瞬間ラグラージが選出できなくなるので、この環境でメガラグラージを使うならほぼ必須と言って良い。 雨降ってなくてもアーマーガア、スターミーあたりへの打点欲しいので10万ボルト併用。 Sは当初は準速ブリジュラス抜きにしていたが、最速ギャラまで抜きてぇ、準速ミミッキュまで抜きてぇ、ここまで降るなら最速でええやんとなって最速。 ミミッキュで雨降らしてからエレクトロビーム連打してるだけて滅んでいくパーティもあったりなかったり。 カイリュー HB:あまり（なお、シーズン中はBに1降るのを忘れていた模様） CS:全振り 命中不安と引き換えに鬼のような対面性能を確保した怪物。裏選出の初手は9割こいつに任せていた。 リザードンと固い草ポケを破壊してもらう。特にリザードン検定せずに問答無用で有利なのが助かる。 アクアジェットを採用することでたすきゴースト勢をビックリさせられたと思う（？）。 準速ならエアスラ+りゅうせいぐんでカバルドンがだいたい削り切れるので本当は準速で使いたい。しかし、カイリューガルドが流行り過ぎてS調整のチキンレースが始まったので、最速にすることでチキンレースを回避した。 ギルガルド H:16n-1 A:11n s:無振り70族抜き抜き 命中不安と引き換えに鬼のような破壊力を手にした怪物。 フェアリータイプに後出しして、交代先をいのちのたまポルターガイストで破壊するムーブはよくやった。 前シーズンで+2ポルターガイスト（呪いのお札）がドビドイデに耐えられたことへの怒りによって生まれた。 ただ、今シーズンのドビドイデは持ち物なしがそこそこいたので悲しみを背負いがちだった。 前シーズンはギルガルドの持ち物はほんとんどたべのこし持ちだったのでギルガルドミラーで上を取れることが多かったが、今シーズンはいのちのたま待ちミラーがそこそこあったし、準速っぽいのもいたので若干向かい風だったのかもしれない。 水ケンタロス HB:余り A:11n S:準速 優秀なクッション。こいつが優秀なのでカイリューが安心してりゅうせいぐんを打てる。 主にギャラドス、ミミロップ、ウルガモス、リザードン、ゲッコウガ、マスカーニャ、サザンドラ、ガルーラあたりに投げる。 レイジングブルで壁壊しも出来る。無効タイプがないのも優秀。 最終戦でこいつが相手パーティを破壊したので２桁順位達成できた（ガチ）。 がむしゃらはオシャレすぎなので、水タイプへの打点としてワイルドボルト、ギルガルドへの打点としてじしんでもいい。 がんせきふうじは起点回避として必須。 【基本選出】 ミミッキュ+ラグラージ+ブリジュラス 表選出。基本はブリジュラスだが、他の3匹がよほど刺さっている場合は出すこともあった。 カイリュー+ギルガルド+水ケンタロス 裏選出。2番手以降に出てくるガブリアスが重いので、ギルガルドか水ケンタロスを素ラグラージに入れ替えることもあった。 ミミッキュ+その他2 バトンパ、受けル、ちいさくなるパにはミミッキュの呪いを刺したいので、ミミッキュと臨機応変に残り2体を選出する。 【終わりに】 ２シーズン続けてラグラージ入りパーティでチャンピオン級を達成できたので、引き続き３シーズン連続達成を目標に頑張りたい。ただし、メガラグを擦りすぎたので、そろそろ昆布型も解放したい。はやくマンダも来い。 ポスト r rcmk r rcmk ポケノート ツール サポート 記事一覧 チーム管理 お問い合わせ 記事検索 記事一覧 記事検索 チーム管理 お問い合わせ
M-4,【レギュM-4】レート2448 続・展開ペンドラーと対面サーナイト【最終83位】 - カラミンゴファミリー,https://kanata-k.hatenadiary.com/entry/2026/08/05/164820,【レギュM-4】レート2448 続・展開ペンドラーと対面サーナイト【最終83位】 - カラミンゴファミリー カラミンゴファミリー 読者になる カラミンゴファミリー 2026 - 08 - 05 【レギュM-4】レート2448 続・展開ペンドラーと対面サーナイト【最終83位】 はいどうも、カナタです 今回はポケモンチャンピオンズ M-4シーズンにて初めて最終2桁である83位でシーズンを終えることができました。本当に嬉しいです。 前月とほぼほぼ同じパーティですがまあ記念にまた書きます なんにせよ構築記事を書いたので読んでいただけるとうれしいです 【パーティ紹介】 構築の軸その1 調整はメガメタグロス抜き抜きまでできる最速H S てっぺきを積めればメガメタグロスのサイコファングやメガスターミーのサイコカッター等を耐えるので、ほぼ無起点でのてっぺきバトンがかなり安定する。ただメタグロスがあまりいなかったり、スターミーが最速だったりもよくあったのでもう少し耐久に振っても良かったかもしれない 特に初手ガブリアスに対しては無類の強さを発揮し、B6段階上昇でみがわりを残した状態で裏に回すことも多かった ワンウェポンとしてじしんを採用。ゲンガーやソウブレイズと対面した際にそのまま倒すことがよくあった。 相棒というか一連託生なポケモン いや、本当にsv時代から何一つ変わっていない リザyやマフォクシーに対して後出しして、もらいびむねんで蹴散らしていく。 上からビルドをつめれば大抵なんとかなるので、ペンドラーバトンの受け先としても活躍した。B6段階 上昇でドラテガブリアスをなんとかしたのはなかなかめちゃくちゃ。 刺さってなくても割となんとかできるのはずっと使い続けた故であってほしい 唯一の変更点、ペンドラーバトンの受け先の一番の候補。 調整は最速でB2↑でメガバシャーモの特化フレドラをステロ込みで確定耐え やはり黄金の身体は優秀で、受けた後のほえるふきとばしに強く出れる。特にてっぺきバトンからカバルドンを起点にして積んでいけるのは特に頼もしかった。あと地味に滅びゲンガーが後ろから出てくることもよくあったのでかなり重宝した ガブリアス＆フラエッテがまた増えてきてゴールドラッシュの火力も欲しくなったのでいのちのたまに変更。ピクシーに対しても強くなった ただ普通に強いポケモン 型は普通のようきAS りゅうのまいを積めればだいたいなんとかなるので、ごり押す。カイリューに勝つ手段がこおりのキバしかないので頑張ってもらう 頑張りすぎてたきのぼり怯みとキバでのこおりも引いてくれたのでちょっと申し訳なくなるシーンもよくあった ただ強い枠。上から殴ればだいたい倒せる 調整はc特化でsは二段階上昇で控えめスカーフのサザン抜き、残りはH バトンした場合、マジシャでサザンドラとウェザボメタグロスを上から一撃で倒せる。バトンしない場合でも普通に強く、パーティとして重めなギャラに強いのも良かった ラウドボーンやソウブレイズへの打点としてだいちのちからを採用。 フルアタなせいでサイクル戦になると不利になるので短期決戦で決める 今の環境でお気に入りのポケモン。 タスキの対面枠であり、おくびょうCS 技範囲は非常に魅力的でとても頼もしかった またトレースが非常に有用で 「ゲッコウガ対面でサイコキネシス打つのが最安定択になる」 「ミミッキュにさめはだ当てて珠と合わせて半分削る」 「ライチュウに後出ししたら完全に無力化される」 「バシャーモを上から蹂躙する」 となかなか面白い事態が割と起こった 【基本的な立ち回り】 ①バトンルート ペンドラー先発でてっぺきバトンをつなぐ 基本的に対面での立ち回りは決めており ・カバルドンやメタグロスやブリジュラスの場合 てっぺきから即サーフゴーへバトン ・ゲッコウガ、ヒスイダイケンキ タスキやアンコールなどを考慮してじしんから入る、その後は相手の対応次第だがメガニウムやギャラドスで立ち回る ・リザードン、バシャーモ みがわり連打からソウブレイズへ、Xの場合はてっぺきなども挟めるタイミングで挟む 一応バトンルートではあるが、それだけで終わることは多くないので3枠目が再度エースになる形になるケースも多い ②対面ルート 初手サーナイトで荒らして裏でなんとかする単純なルート 基本的に自分でエースになれるギャラとソウブレイズが置かれることが多い。 こっちだと珠ミミッキュがきつい ③ただのアドリブ 重いメガ枠や構成が複数共存してる場合、上記2種だとどうにもならないことが多くあったので、いろいろ決めずに立ち回る。基本悪あがきなので割と負ける 【きつい相手】 ・マフォクシー ペンドラーもサーナイトも不利目なので少し窮屈になる。サーナイトのシャドボが4割程度は入るのでほのおわざにソウブレイズを受け出してなんとかしていた。ガブリアスがだいたい後ろにいるので交代読みを決めまくらないと勝てない ・メガカイリュー まともに対抗できるのがメガギャラだけなので、それに全てをかける。通らなかったらまず負け どうしてもブラッキーやマスカーニャに詰められるので勝ち切れないことも多かった ・ギャラドス メガニウム以外まともに勝てないのでなんとかする。メガじゃない耐久振りも普通にきつい ・壁張り 壁を割る手段がないので時間を稼ぐしかない。サーフゴーのわるだくみ連打で誤魔化したことは割とあった 上記のがほぼ全部含まれるパーティも割とあるので、それは諦めてどれか切るつもりで頑張るしかない 【最後に】 初めて最終2桁まで行けました。自分なりのパーティがやっとここまで来れたと思うと感慨深いものがあります。 M-Bシーズンも次で最後なので頑張っていこうと思いますのでこれからも応援していただけるとうれしいです。 ここまで読んでくださりありがとうございました！！ KANATA_K 2026-08-05 16:48 読者になる 広告を非表示にする もっと読む コメントを書く 【チャンピオンズ シーズンM-3】展開ペン… » プロフィール id:KANATA_K 読者です 読者をやめる 読者になる 読者になる このブログについて 検索 リンク はてなブログ ブログをはじめる 週刊はてなブログ はてなブログPro 最新記事 【レギュM-4】レート2448 続・展開ペンドラーと対面サーナイト【最終83位】 【チャンピオンズ シーズンM-3】展開ペンドラーと対面サーナイト【レート2431 164位】 【チャンピオンズ シーズンM-1】ウェーニバル、頑張って【レート2512 494位】 【svシーズン40】本当に最後のカラミンゴ【レート1922 252位】 【svシングルs36】多分最後のカラミンゴ【レート1902 193位】 月別アーカイブ ▼ ▶ 2026 2026 / 8 2026 / 7 2026 / 5 2026 / 4 ▼ ▶ 2025 2025 / 12 2025 / 9 2025 / 5 2025 / 1 ▼ ▶ 2024 2024 / 11 2024 / 10 2024 / 4 2024 / 3 はてなブログをはじめよう！ KANATA_Kさんは、はてなブログを使っています。あなたもはてなブログをはじめてみませんか？ はてなブログをはじめる（無料） はてなブログとは カラミンゴファミリー Powered by Hatena Blog | ブログを報告する 引用をストックしました ストック一覧を見る 閉じる 引用するにはまずログインしてください ログイン 閉じる 引用をストックできませんでした。再度お試しください 閉じる 限定公開記事のため引用できません。 読者です 読者をやめる 読者になる 読者になる
M-4,시즌4 2447점 최종86위 파티,https://blog.naver.com/minhagaram/224369228741,자기맘대로인 사람 : 네이버 블로그
M-4,【M-4:2493/2445 最終87位】三十路サザングロス - つぶし,https://gokugokupoke.hatenablog.com/entry/2026/08/05/185517,【M-4:2493/2445 最終87位】三十路サザングロス - つぶし つぶし 読者になる つぶし 2026 - 08 - 05 【M-4:2493/2445 最終87位】三十路サザングロス →好きなのでサザングロスを軸として採用 中盤流行したギャラ軸を倒せるように雷パン&スカーフ 相手の妖をしっかり倒せるようにアイへ、 対鋼への打点として地震を採用 →カバ対処&カイリュー用に眠カゴ瞑想アシレーヌを採用 調整はS早めで大抵のガルドアシレーヌの上を取れていた。 HBは適当 →マスカーニャへの安定性を意識してクッションとして採用 特殊にも投げるので対ミミッキュの被シャドクロの乱数意識+なるべくD リザなんかにも投げられ幅広く使えて使用感も良かった →低速サイクル系に出すためステ撒型で採用 →スコヴィランやルカリオ、ムクホークに選出する用で採用 エナボはステロドラテが入ったミトムを落とし切れたりHD特化でないカバをシャドボ+エナボで倒せることも多くおもちゃのようでピンポイントで刺さっていた ゲンガーを使うのが下手で選出した時の勝率が低くスペックが高いのにもったいないって感じ 所感 仕事のため朝7時には撤退しましたがしっかり拾える試合を拾えていれば朝11時のギリギリまで潜らなくても十分1桁も狙えるかなと感じたのでまた頑張りたいと思いました 6〜7年振りにサザングロスの構築記事を書く事ができました悠久の時を経てまた好きなポケモンを使って対戦できること、本当に嬉しいですね gokugokupoke 2026-08-05 18:55 読者になる 広告を非表示にする « 自己紹介 【S7:2109/2030 最終86位】毒月 » プロフィール id:gokugokupoke 読者です 読者をやめる 読者になる 読者になる このブログについて 検索 リンク はてなブログ ブログをはじめる 週刊はてなブログ はてなブログPro 最新記事 自己紹介 【M-4:2493/2445 最終87位】三十路サザングロス 【S7:2109/2030 最終86位】毒月 【S2:2249 最終11位】変速サイクル001 【バトルマスター決定戦予選  最終1位】戦慄鬼トンボル 月別アーカイブ ▼ ▶ 2900 2900 / 12 ▼ ▶ 2026 2026 / 8 ▼ ▶ 2023 2023 / 7 2023 / 2 ▼ ▶ 2022 2022 / 6 2022 / 1 ▼ ▶ 2021 2021 / 8 2021 / 2 ▼ ▶ 2020 2020 / 12 2020 / 11 はてなブログをはじめよう！ gokugokupokeさんは、はてなブログを使っています。あなたもはてなブログをはじめてみませんか？ はてなブログをはじめる（無料） はてなブログとは つぶし Powered by Hatena Blog | ブログを報告する 引用をストックしました ストック一覧を見る 閉じる 引用するにはまずログインしてください ログイン 閉じる 引用をストックできませんでした。再度お試しください 閉じる 限定公開記事のため引用できません。 読者です 読者をやめる 読者になる 読者になる
M-4,ブララグサーキュレーター - pillosukeの日記,https://pillosuke.hatenablog.com/entry/2026/08/08/124109,ブララグサーキュレーター - pillosukeの日記 pillosukeの日記 読者になる pillosukeの日記 2026 - 08 - 08 ブララグサーキュレーター お疲れ様です。 ピロスケと申します。 シーズン4で90位ということで、記事を書きます。 正直、結果に納得いっていない部分はあって、記事を書くかは迷ったのですが、次シーズンでM-Bも終わってしまうので、このシーズンの参考になるタイミングで出せるのはここしかないのかなと。 でも、書くか迷ったくらいなので、いつもより文章量は少ないです、多分。 題名はアジカンのブラッドサーキュレーターから。 ブラッキーとラグラージでくるくるしてました。 情熱燃やしましょう。心血注いで取り戻しましょう。 私はレートを取り返せませんでした youtu.be ＜構築経緯＞ ①相棒枠でエーフィ確定 ②エーフィと対になるブラッキーをチャンピオンズに入ってからずっと使っていましたが、あの耐久力とイカサマのカウンター性能は唯一無二だと感じており、ブラッキーを採用。 ③ブラッキーと相性がいいメガ枠として、ゲンガーを採用。 フェアリー、格闘に強いことが必須条件であり、フシギバナなども試しましたが、ゲンガーに落ち着きました。 ④ブラッキー、ゲンガーと基本選出にする際に、ステロをまいたり盤面展開ができたりするクッション枠が必要だと思い、HBラグラージを採用。 ここの枠はM-Aまではガブリアスだったのですが、M-Bで命の球が解禁されたことにより、ミミッキュが爆増したため、ガブブラゲンは通用しないと判断しました。また、ガブブラゲンにおいて、相手のカバルドンが重かったため、ミミッキュ、カバルドンに強く、ステロを撒ける性能を評価しました。また、普通に耐久が高いことと、後攻クイックターンからゲンガーでキャッチする動きが強かったです この構築では冗談抜きで8割以上ラグラージ、ブラッキー、ゲンガーで選出します 基本選出をラグラージ、ブラッキー、ゲンガーで固定していて重かったポケモンが ・ヒスイダイケンキ ・バシャーモ ・ミミッキュ(まだ重い。。。) ・サーフゴー このあたりになります。これらに強いポケモンを補完として入れようと思い、 ⑤バシャーモ、サーフゴーに強く、ミミッキュにも抗えるメガカイリューを採用 ⑥ヒスイダイケンキを初手から出してくる展開に対して裏にも負荷をかけれるように命の球マスカーニャを採用 以上で構築が完成しました ＜個体解説＞ エーフィ　特性：マジックミラー　持ち物：達人の帯 臆病　H14 C27 S25 H：陽気ガブリアスの地震耐え C：あまり S：最速102族抜き サイコノイズ　ドレインキッス　シャドーボール　瞑想 相棒枠。調整はM-Aと変わらず。 元々、バトン構築に対して出すために吠えるを採用していましたが、サーフゴーや吸盤カラマネロがバトン構築に入ってきたため、別の対策が必要と考えました。そこで、初手ペンドラー対面で瞑想を詰み、フェアリーとゴーストの技範囲で裏を崩そうと考え、この技構成になりました。役割対象に抜群を突くという意図が元々あるので、それを威力面で補助すべく、持ち物は達人の帯.フェアリー技がドレインキッスなのは、回復手段が欲しかったのと、エーフィにあと投げしてくるブラッキーに瞑想を積んだ状態であれば勝てるようになる意図があります。 でも、最後のほうは役割対象のバトン構築がいなかったことから本当に出していません。悲しみ。 ブラッキー　特性：せいしんりょく　持ち物：食べ残し 図太い　H32 B32 D2 HBぶっぱ イカサマ　まもる　ねがいごと　あくび ただただ強い枠。よくエフィブラ使ってますよねと言ってくださること多いのですが、エーフィはこだわってますが、ブラッキーは単純に強いから使っています。ブラッキーを使いすぎて、相手の物理ポケモンをブラッキー以外でどうやって相手するのかわからなくなっています ゲンガー　特性：呪われボディ→かげふみ　持ち物：メガストーン 控え目　H14 C20 D1 S31 HD：アシレーヌのC＋１うたかたのアリアを耐える C：あまり。できるだけ高く S：最速メガルカリオ抜き 祟り目　ヘドロウェーブ　鬼火　悪巧み ブラッキーと相性がいいメガ枠。技構成はM-Aと一緒で、カバルドンの処理などで火力が欲しいことが増えたので、控え目に変更。 チャンピオンズS1　64位　転がるカメ、君に朝(エーフィ)が降る - pillosukeの日記 ラグラージ　特性：激流　持ち物：リンドのみ のんき　H32 B32 D2 HB特化 下からクイックターンを打ちたいためS下降補正 クイックターン　じしん　あくび　ステルスロック ゲンガーブラッキーと相性がいい枠。 カバルドンなどとあくび合戦をしても、クイックターンで相手の動きを見ながら後退してゲンガーでキャッチする動きがとても強かったです。また、耐久も優秀で、ブラッキーで無理なルカリオやバシャーモなどにもある程度体力が残っていれば攻撃を耐えて対面で勝てるなど、補完にも優れていました。 個人的には持ち物をリンドのみにしたことが肝だと思っており、これによって、不意の草技(ミミッキュのウッドハンマー、キラフロルのエナジーボール、マフォクシーなどの草結びなど)を耐えるだけではなく、マスカーニャ対面で居座りステルスロックが可能になりました。ガブリアスブラッキーを使っていた時にも思ったのですが、初手にマスカーニャが来ることが多く、ガブリアスやラグラージがマスカーニャと対面したらブラッキーにひくようにしていました。しかし、そこでとんぼがえりをされて、試合が厳しくなることが多かったです。しかし、リンドのみにすることで、相手がとトリックフラワーを押してくれば耐えてステルスロックを撒いた後にブラッキー投げが安定となり、とんぼがえりはそのままラグラージで起点づくりが可能です。 個人的には、ブラッキーゲンガーを使う上で、ラグラージ以外補完枠を考えられなくなるくらいには気に入っています カイリュー　特性：マルチスケイル　持ち物：メガストーン 控え目　H17 C20 S29 H：命の球特化ミミッキュのじゃれつくをメガ時半分以下(マルチスケイル回復圏内) C：あまり S：準速ミミッキュ抜き りゅうせいぐん　火炎放射　羽休め　黒い霧 メガバシャーモに対する回答として採用。 黒い霧の意図としては、剣の舞をミミッキュにされても、黒い霧で能力上昇を戻し、命の球での自滅を狙うのが一番。そのほかにも、バトン構築などには積極的にだしていき、完全に黒い霧要因としてゲンガーと一緒にだしてメガしないなんてこともありました。 すごい出したわけではありませんが、ある程度は活躍してくれました。 マスカーニャ　特性：変幻自在　持ち物：命の球 意地　H7 A32 S27 H：あまり A：特化 S：最速ガブリアス抜き トリックフラワー　トリプルアクセル　雷パンチ　不意打ち ヒスイダイケンキに対する回答として採用。 ダイケンキアーマーガアの並びに勝てるように、命の球雷パンチで採用しました。最終日に入ってきたのですが、結構出す場面があり、使い勝手もとてもよかったです ＜選出＞ ラグラージ(先発)＋ブラッキー＋ゲンガー 8割以上これです。 これで勝てなそうな場合は柔軟に ＜重いポケモン＞ ミミロップ：マジで気合で倒す。 まじめな話、ラグラージ対面を作り続けるか、ブラッキーが一発は攻撃を耐えるため、あくびで択にもっていく 身代わりサザンドラ：ラグブラゲンでは本当に無理。スカーフっぽいかを構築で判断し、マスカーニャを持っていくか決める ちいさくなるハリーマン：ゲンガーで鬼火を入れるしか勝ち筋がない。しかし、相手もブラキーを突破できないため、鬼火を入れられなかったら引き分けを目指す ＜あとがたり＞ ラグブラゲンには結構自信があり、もっと上に行ける構築という手ごたえは持っています。シーズン1は構築に自信ない中、2桁とれて嬉しかったのですが、この構築はさらに上に行ける感覚があったので、なんだかなーという感じでした。今期も頑張ります。 なにかあれば、Xまで。(@pillosuke0524) またお会いしましょう。 pillosuke 2026-08-08 12:41 読者になる 広告を非表示にする もっと読む コメントを書く チャンピオンズS1　64位　転がるカメ、君… » プロフィール id:pillosuke 読者です 読者をやめる 読者になる 読者になる このブログについて 検索 リンク はてなブログ ブログをはじめる 週刊はてなブログ はてなブログPro 最新記事 ブララグサーキュレーター チャンピオンズS1　64位　転がるカメ、君に朝(エーフィ)が降る 相棒ポケモンを組み入れる構築の組み方 SVエーフィ備忘録 キショルギア反省会 月別アーカイブ ▼ ▶ 2026 2026 / 8 2026 / 5 2026 / 3 ▼ ▶ 2025 2025 / 4 2025 / 3 2025 / 2 ▼ ▶ 2024 2024 / 7 2024 / 4 ▼ ▶ 2023 2023 / 3 ▼ ▶ 2022 2022 / 2 ▼ ▶ 2020 2020 / 9 2020 / 2 はてなブログをはじめよう！ pillosukeさんは、はてなブログを使っています。あなたもはてなブログをはじめてみませんか？ はてなブログをはじめる（無料） はてなブログとは pillosukeの日記 Powered by Hatena Blog | ブログを報告する 引用をストックしました ストック一覧を見る 閉じる 引用するにはまずログインしてください ログイン 閉じる 引用をストックできませんでした。再度お試しください 閉じる 限定公開記事のため引用できません。 読者です 読者をやめる 読者になる 読者になる
M-4,【M-4最終93位】そして、浮遊感【最高最終レート2442】,https://pokesol.app/u/k_poke3511/articles/3ed21ec6e56e95fb,"【M-4最終93位】そして、浮遊感【最高/最終レート2442】 ログイン ポケノート 注目記事 記事検索 ツール ダメージ計算(準備中) チーム管理 Pokémon Soldier X YouTube Twitch GitHub サポート お問い合わせ 条項 利用規約 プライバシーポリシー 免責事項 無限大な夢の跡 0 け けー 目次 ページトップへ 【M-4最終93位】そして、浮遊感【最高/最終レート2442】 構築記事 シングル M-B M-4 2026年8月5日 に公開 ということでね。けーです。 チャンピオンズ初2桁を取れたので記事を書こうと思います。 以下常体 使用構築 構築経緯 ・受けしか使えないので受けをコンセプトにスタート（n回目） ・HB身代わりメガニウムが、受けでキツイドドゲザンやクチート、撒菱ガブリアス、ギャラドスなどに強いという点から軸にして組み始めた。 ・メガニウムで辛いメタグロスに強い点、物理受け でありながらブリジュラスに弱くない点を評価しブラッキーを採用。 ・ブラッキーのキツイミミッキュやアシレーヌ、ウルガモスへの対策にドヒドイデを採用。 ・ここまででキツイルカリオ、アローラキュウコン、ゲンガー、ブリジュラスに強いスカーフサーフゴーを採用。 ・サーフゴーでフラエッテとピクシーには勝てると思ってたら勝てなかったのでそこに絶対勝てるHDマジフレノイズマフォクシーを採用。 ・ゲンガーとリザードンに安定させたかったので襷剣舞ガブを採用して構築が完成した。 個体紹介 【調整意図】 ・珠ミミッキュを受けるためHB ・特化ギルガルドの札A+2ポルガイとスターミーの意地思念の乱数が特化と変わらないのでB31振り 【持ち物について】 ・ミミッキュに毒を入れる余裕を持つためオボン ・一回無理やり耐えて毒を入れる→オボン+再生力で持ち直すという動きが可能になるのが強かった 【技構成について】 ・受けを成立させるために自己再生 ・積み対策の黒い霧 ・相手のサイクルに負荷をかけるため毒菱 ・目の前のポケモンを毒にしなければいけない場面も多いので毒毒 ・物理ガルドや地震のないルカリオに勝てるようになるまとわりつくも候補 【概要】 ・ブラッキーの最強の相方。 ・ミミッキュ、アシレーヌ、ムクホークやウルガモス等、ブラッキーでは相手できないポケモン全般に強い。 ・どくびしという技がとにかく強かった。撒いてくるくるしたら相手のポケモンがいなくなるのズルすぎる。 ・圧倒的汎用性を誇るが毒、鋼には何もできないので万能ポケモンではないのは注意。 【調整意図】 ・物理受けとしての採用なのでHB ・挑発採用なので、ミラーやアマガ等の中速受け意識のs4振り 【持ち物について】 ・継続回復すると嬉しいので食べ残し ・採用当初はASメタグロスをイカサマでワンパンできる黒い眼鏡だったが、さすがに弱すぎたため変更 ・砂を相殺できるのでほぼ1択 【技構成について】 ・受けを成立させるために月の光 願い事ではないのは、砂化で回復量が下がることよりも即時回復できないほうが問題だったため ・物理ポケモンへの強力な打点としてイカサマ ・ブリジュラスやカイリューに強く出られるバークアウト ・カバルドンをいじめるために挑発 【概要】 ・最強。この構築の本質。 ・ガブリアス、メタグロス、スターミー、ギルガルドに強く、物理受けながらDも高いためブリジュラスやゲンガー、マフォクシーにも戦えるというありえないスペックをしている。 ・挑発+バークアウトという技構成が革命的すぎた。 ・ブリジュラスのCを下げることで裏のドヒドイデやメガニウムが居座って行動できるようになる。どくびしを撒いてしまえばカバカイリューガルドを完封することができる。みがわりマフォクシーや遅い剣舞ドドゲザン、立ち回り次第で滅びゲンガーにも勝てるようになる。強すぎる。 ・ただ突破力がないので、プレイングで引き分けを回避する必要がある。 【調整意図】 ・ガブリアス、メタグロス、ドドゲザン、クチートに強く出るためHB ・Sは準速ドドゲザン抜き 【持ち物について】 ・存在しない晴れを感じていたいのでメガニウムナイト 【技構成について】 ・受けを成立させるために光合成 ・カバルドンに強く汎用的な高打点となれるソーラービーム ・受けの苦手な鋼タイプを焼却するウェザーボール ・ハラバリーや撒菱ガブ、カビゴンに強く、交代への中間択となるみがわり 【概要】 ・メインのメガ枠。 ・C無振りながら、素の種族値の高さと技威力の高さによりしっかりと火力をだせるのが強い。 ・HBにすると硬すぎるので陽気メガルカリオのコメットパンチを耐えてウェザボで倒せる。きつすぎる鋼を何度も焼却処分してくれた。 ・身代わり採用によりアマガハラバリーや受けループにほぼ負けなくなるのはかなり楽しかった。 【調整意図】 ・H…最大 ・D…できるだけ高く ・S…最速フラエッテ抜き 【持ち物について】 ・浮遊感を感じたいのでマフォクシナイト 【技構成について】 ・受けを成立させるために願い事 ・願い事の回復の隙を潰すためにまもる ・Cを下げて最強になるためにマジカルフレイム ・ピクシー、フシギバナ、フラエッテの回復技を封じてをいじめるためにサイコノイズ 【概要】 ・補完メガ枠 ・一緒に構築を考えてた愚者（@gusya_poke）さんに教えてもらった型。ガチ感謝。 ・穏やかHD+マジカルフレイムにより異次元の特殊耐久を誇る。襷フロルにマジフレをいれるとパワージェムが4割しか入らない。 ・炎フェアリーエスパー半減という耐性が偉く、フラエッテと巧みのないマフォクシーを同時に見ることができる。 ・サイコノイズ+マジカルフレイムが生半可な受けを許さない性能があるので、ピクシーやフシギバナを虐めて楽しくなってた。 ・ステロが痛すぎる点、ドラテや吠えるを打たれるだけで回復できなくなる点が辛かった。ブリジュラスに有利な顔をして全然有利じゃない。 【調整意図】 ・リザの上を取りたいので陽気AS 【持ち物について】 ・リザXの逆鱗を耐えるために気合のタスキ 【技構成について】 ・強いのでじしん ・無いとガブミラーでお話にならないのでスケイルショット ・崩し力を高めるために剣の舞 ・ペリッパー、アーマーガア、ギャラドスに打てる雷の牙 【概要】 ・対面最強ポケモン。 ・終盤謎に増えてたリザXをカモりまくった。 ・サーフゴーやブリジュラス、ゲンガーに一致弱点をつけるのが本当につよい。 ・ドヒドブラッキーに気を取られて剣舞ガブをケアしてない人類が一定数いるのでガチ無双ポケモンだった。 ・ガブミラーのスケショは2発。 【調整意図】 ・火力が欲しいので控えめCS 【持ち物について】 ・ゲンガーとルカリオを上から殴るためにこだわりスカーフ 【技構成について】 ・一致高打点としてゴールドラッシュ ・命中安定のゴースト打点としてシャドーボール ・変なポケモンをこだわらせられたら嬉しいのでトリック ・回復できたら楽しいので自己再生 【概要】 ・語ることない。 ・ガチ弱いものいじめポケモン。 ・気合い溜めブリジュラスのピントレンズ奪うのは面白くて楽しかったです。 重いポケモン ・巧みマフォクシー ドヒドブラッキーで択ゲーするしかない ・ダイケンキ 撒菱痛すぎてサイクル回せない 結果 TN：Float Play　最高/最終レート2442　最終93位 TN：かたむすび　最高/最終レート2408　最終149位 SpecialThanks ・一緒に構築考えてくれた愚者さん ・マジで仲良くしてくれてありがとうり、こらじす ・逆鱗でご飯奢ってくれたJunanさん ・いつもありがとうドナッさん、みこっさん ・一緒に苦しんでくれてありがとうCharaさん 別にSpecialじゃないThanks ・KIKIKII君 最後に ・まとめ チャンピオンズ初の2桁で素直にうれしい。 ただ、なぜ勝てたのかなぜ負けてたのかが理解できてないので、次はもっとちゃんと言語化できる勝ちを積み重ねたい 一旦次の目標は2桁前半 ・TNの由来 「昨日まで平和主義者」 ポスト け けー 高1シングル勢
champions：M-4最終93位　最終チャンピオン級×3
SV：s35最終11位　最終2桁×6 け けー 高1シングル勢
champions：M-4最終93位　最終チャンピオン級×3
SV：s35最終11位　最終2桁×6 ポケノート ツール サポート 記事一覧 チーム管理 お問い合わせ 記事検索 記事一覧 記事検索 チーム管理 お問い合わせ"
M-4,【チャンピオンズ シーズンM-4シングル 最高最終2439.207/94位】ガラキンラウド+メガ枠サイクル - 高みを目指すシングルレート,https://matthew0828.hatenablog.com/entry/2026/08/06/121816,【チャンピオンズ シーズンM-4シングル 最高最終2439.207/94位】ガラキンラウド+メガ枠サイクル - 高みを目指すシングルレート 高みを目指すシングルレート 読者になる 高みを目指すシングルレート 2026 - 08 - 06 【チャンピオンズ シーズンM-4シングル 最高最終2439.207/94位】ガラキンラウド+メガ枠サイクル この度、ポケモンのレート対戦において初めて最終2桁順位を取れましたので、記念に構築記事を書きます。 レギュレーションM-Bが始まってはや2ヶ月近く経ち、天候パやバトンパ、壁+積み構築、ホウエンメガ進化勢の対等など環境が目まぐるしく変化する中で同じ並びを使い続け、練度の高い構築に仕上げることができたと思っています。 以下、パーティの各個体紹介をします。 (以下常体) ① ヤドキング(ガラルのすがた)@オボンのみ HD特化余りB なるべく後攻でさむいギャグを撃ちたいのでS下降補正 メガカイリュー、アシレーヌなど特殊アタッカーを受ける特殊受けとして採用。 特性のさいせいりょくとさむいギャグの相性が素晴らしく、特殊ATに受け出し→相手が交代→さむいギャグでこちらも交代→裏で負荷をかけるといった動きができる他、下からあくびループを抜けたり天候を書き換えることができて強力だった。 さらに、サイコノイズを入れることで毒々が通らない身代わり持ちに対して抗うことができてとても優秀であった。 ② ラウドボーン@たべのこし H:16n+1調整(たべのこし効率最大) B:特化 S:余り(少しS振ってるクチートを抜けるライン) 火傷を撒いて特性てんねんで全物理アタッカーを受ける最強ポケモン。 SVの時に使っていた身代わり持ち個体を流用した。 ゴースト技が欲しい時もあったが、身代わりにすることで ・毒々やあくびを透かせる ・ステロガブにドラゴンテールで流される展開を拒否できる ・物理アタッカーに対して身代わりを残しつつ突破し、Cの上がったフレアソングで裏に負荷をかける など、サイクル上有利に働く場面が非常に多かった。 ガラルヤドキングとは地面・ゴースト・悪の弱点が共通しているので、同時選出する場合はラスト1体で相性補完できるようにする必要がある ③ メガニウム@メガニウムナイト C:特化 S:準速ギルガルドを抜けるライン H:余り どくづき持ちを除く環境トップのガブリアスに強く、ガラキンラウドボーンと相性補完の良いメガ枠 草炎の技範囲が優秀で、アシレーヌやカバルドンとの対面で裏読みウェザーボールを通しイージーウィンできることも多く 環境に多いメガ枠には軒並み弱いという弱点を差し引いても十分すぎる働きを見せてくれた。 ④ ミミロップ@ミミロップナイト A:特化 他はシーズン1上位構築の調整流用 ここまでで重いメガゲンガーやブリジュラスに強いメガ枠として採用。 技構成はあと2つくらい余分に欲しいところだが、ねこだまし+マッハパンチのリーチが神だったのでこの構成に落ち着いた。 初手から来やすいスカーフマスカーニャやゲッコウガを出オチさせられるのと、 特にメガギャラドス入りの展開構築に対し、数的有利を取ったあとにねこ→引き→ねこマッパで倒す動きが強力で、先制技によるサイクルの制圧力が非常に魅力的 ⑤ ドドゲザン@くろいメガネ HA特化余りBS サーフゴーやクエスパトラ入り、ギロチンで崩せそうな受けサイクル構築に主に選出。 また、ここまでで対処が厳しいスターミーやイダイトウに対面で勝てる点も評価して使っていた 選出率は高くなかったが、たまにどうしようもない展開をギロチンでひっくり返してくれて頭が上がらなかった( 土下座だけに) ⑥ ガブリアス@ラムのみ AS特化余りH シングルレートの王 構築が全体的に中速寄りなのもあって当初スカーフで使っていたが、カバルドン入り構築(カバリザ、カバカイリューガルド等)を崩すためにラム剣舞型に変更。 これが上手くハマり、結果的に勝率を引き上げることができた。 技範囲こそ狭くなるものの身代わりを入れることで、カバルドンに一度眠らされてラムで回復した後に身代わりで流して剣舞を2回積むorスケショで突破して裏ごと貫く動きが可能になった(ラムで起きたあとあくびを撃ってこない人がほとんどいなかったので大体刺さった)。 性格意地っ張りじゃないので火力が少し物足りないことが度々あったが、最速カイリューやリザードン、最速スカーフサザンドラに素早さ抜かれるのが渋すぎてやむなく陽気にて採用 スケショ外し、2発ヒット、最終日に全てのメガフラエッテに同速負けたことを除き最強のポケモンだった。 (選出パターン) ・ヤドキング+ラウドボーン+メガニウム 相手のメガ枠がメタグロス+特殊(カイリューやフラエッテなど)だった時に両対応できる選出。 終盤多かったカバアシレグロスにも、メガニウムを安全に着地させて通す動きが可能 一般ポケによってはメガニウムの枠を他に変えたりしていた。 ・ミミロップ+ガブリアス+ラウドボーン(orヤドキング) 一番多かった選出パターン カバルドン入りには殆どこの選出をしていた。 受け駒は相手のメガ枠によって変えていたが、カバカイリューガルドに対してはガブリアスがカイリューの前で剣舞を積むのが難しいため ヤドキングを出してカバルドンに引かせることが大事 雨パにもこの選出をしそれなりに勝率は高かった ・初手ドドゲザン+メガニウム+ヤドキング 流行っていたS3最終1位構築に対する選出 メガ枠がどちらもドドゲザンで有利を取れるので、交代読みでギロチンを当ててなんとかしていたがあまり安定はしない (重いポケモン) ・どくづき持ちラムガブリアス ・メガマフォクシー(特にシャドボ持ちと悪巧み+サイキネ型) ・メガスターミー ・メガカエンジシ ・ラウドボーンに打点のあるバシャーモ (最終結果) (さいごに) 今回、初めて最終2桁を取れて本当に嬉しいです。 個人的に、シーズン全体を通して勝ちきるにはポケモン単体の強さも大事ですが、一番重要なのはその構築が手に馴染んでいることなのかなと思いました。 終盤は選出がかなりスムーズに決まっており、選出画面で対戦のシミュレーションをできていたのでそこも良かったと感じています。 今後もっと上位に行けるよう頑張ります。 Matthew0828 2026-08-06 12:18 読者になる 広告を非表示にする もっと読む コメントを書く 【チャンピオンズ シーズンM-1シングル 最… » プロフィール id:Matthew0828 読者です 読者をやめる 読者になる 読者になる このブログについて 検索 リンク はてなブログ ブログをはじめる 週刊はてなブログ はてなブログPro 最新記事 【チャンピオンズ シーズンM-4シングル 最高最終2439.207/94位】ガラキンラウド+メガ枠サイクル 【チャンピオンズ シーズンM-1シングル 最高2706最終2483/702位】アシレーヌ入り対面⇌サイクル 【ポケモンSVシーズン4最終526位/レート2009達成構築】カミラウドボーンラッキー時々博打 【swsh S14使用構築 最高195x/最終1884】アシレ式攻防サイクル 【ウルトラサンムーンS14 2000達成構築】アシレーヌ入り積み+詰ませサイクル 月別アーカイブ ▼ ▶ 2026 2026 / 8 2026 / 5 ▼ ▶ 2023 2023 / 4 ▼ ▶ 2021 2021 / 2 ▼ ▶ 2019 2019 / 3 はてなブログをはじめよう！ Matthew0828さんは、はてなブログを使っています。あなたもはてなブログをはじめてみませんか？ はてなブログをはじめる（無料） はてなブログとは 高みを目指すシングルレート Powered by Hatena Blog | ブログを報告する 引用をストックしました ストック一覧を見る 閉じる 引用するにはまずログインしてください ログイン 閉じる 引用をストックできませんでした。再度お試しください 閉じる 限定公開記事のため引用できません。 読者です 読者をやめる 読者になる 読者になる
M-4,シングルM-4 最終97位 下戸ミミ｜ばや,https://note.com/baya_sala/n/n120aa3f4c885,シングルM-4 最終97位 下戸ミミ｜ばや 投稿 ログイン 会員登録 シングルM-4 最終97位 下戸ミミ 9 ばや 2026年8月5日 22:23 この辺の順位をとるの初めてでうれしいです。 ブリジュラス…陽気メガギャラの+1地震意識（既存の調整のパクリ） ゲコ…ブリジュラスの特化流星が18.8%の乱1、最速135族抜き 構築経緯 一応ミミッキュから構築をスタート。相性のいいカバルドンはいったん入れて、相手の地面タイプに圧をかける水タイプとしてはじめはアシレーヌを採用していたがうまくいかなかった。代わりにメガ枠で水タイプを採用するのが良いと思ったので、環境的にも追い風に見えたゲッコウガ＋ミミッキュ＋カバルドンを軸とした。 回した感じ、対ハッサムやマスカーニャを中心に明確にゲコミミカバでは厳しい対面があったのでその穴を埋められるポケモンをある程度試し、最終的には以下の3匹に決まった。 ガルーラ…物理方面の打ち合いと崩し、ハッサムへの打点、マスカーニャの牽制、ギャラドスのストッパー。 ブリジュラス…受けループやスターミーサイクルの崩し、壁バトン対策、マスカーニャの牽制。 ギルガルド…ミミッキュを出せない構築のサブプラン。アーマーガアやブリジュラスを崩す。 使用感 ゲッコウガに関して、目論見通りムクホーク、ロップやゲンガーの上を取ることができ、相手のブリジュラスともミラコをケアしながら打ち合えるのがよかった。そこそこ見かけたニンフィア＋ガブにも展開させずに削り、ミミッキュにつなげることでほぼ拾うことができていた。岩石封じは相手のステロ枠を削った後、あと投げされたギャラドスに連打することでミミッキュで切り返すことができるのが強い。対ギャラドスはガルーラを温存することでも切り返せるので、無理にスカーフを採用する必要はこの構築ではなかった。 ブリジュラスはかなり偉かった。特に完璧ではないとはいえバトン対策をある程度任せることができるため、ミミッキュに呪いではなくシャドークローを持たせることができる。外しのケアや急所待ちが行え、軸を強い技構成で採用できるようになった。また、ガブではなくカバを採用したときに難しくなる対ハラバリーもカバブリで投げれば対応可能。出す構築を受けとバトンに絞っていたが対ハッサムを筆頭にもう少し出してもよかったのかもしれない。どこに勝てるのかがよくわからないままシーズンが終わってしまったのが惜しい。 ギルガルドはカバを倒せると嬉しいと思ったので徹底抗戦を採用したが活きることはなく、むしろ聖剣がないことで落とした対戦が多かった。カバに選出するときはこちらもカバを出してガルドカバ対面で技を打たないといけない場面を作らないよう立ち回るので必須ではなかった。また、この構築の（ガル+）カバガルド自体がもろいサイクルで、最終日はラムガブに崩されそのまま3縦される対戦もあった。カバの構成をそっちに寄せるみたいなアプローチはあったのかな。 選出の柔軟性は犠牲にして割り切って組んだのでしかたないが、やはりメガ＋ミミッキュ＋特殊の対面駒みたいな選出を用意できてないあたりがイマイチ。その意味でもギルガルドではなく強い対面駒を採用したいと思った。 選出 メガ枠＋カバ＋ミミッキュかギルガルドが基本。低速サイクルを崩すときはカバブリ＋メガ枠や、ブリ＋メガ＋ミミッキュもたまに。 結果と感想 最終97位でレートは2438でした。最高は多分2516で10時台に連敗して終わりました、という主張はしておきたい…。 めずらしく環境メタを強く取り入れて構築を組んでみましたが思ったよりは通用したのはよかったです。 ダウンロード copy いいなと思ったら応援しよう！ チップで応援する 9 ばや フォロー シングル勢 トップ ゲーム RPG (ロールプレイングゲーム) noteプレミアム note pro ヘルプ プライバシー クリエイターへのお問い合わせ フィードバック ご利用規約 通常ポイント利用特約 加盟店規約 資金決済法に基づく表示 特商法表記 投資情報の免責事項
M-4,【チャンピオンズシーズンM-4使用構築】マニュと雪の女王【最終101位レート2434】 | わくてかブログ2020,https://wakuwaku2020.fc2.net/blog-entry-18.html,【チャンピオンズシーズンM-4使用構築】マニュと雪の女王【最終101位レート2434】 - わくてかブログ2020 わくてかブログ2020 2026/08/05 【チャンピオンズシーズンM-4使用構築】マニュと雪の女王【最終101位レート2434】 こんにちは、かきゴーリです。 今回は、ポケモンチャンピオンズシーズンM-4で使用した構築を紹介したいと思います。 レンタルチームもあります！！ 【構築経緯】 前期のシーズンM-3で使用した「アルティメットキュウコン晴れ」の完成度が個人的にかなり高く、今回は何を使おうか考えていたところ、別の天候を司り、かつ自分の好きなポケモンであるユキメノコを軸に構築を組むことにした。 ある日目覚めたら、突然「玉マニューラは流行していたいわゆるカバカイリューガルドに強いのではないか」という考えが降ってきたので、ユキメノコ＋マニューラ構築となった。 残りのメンツは、この2匹が苦手なポケモン（うじゃうじゃいる）に抗えるように、あとは構築全体でカバルドンに隙を見せにくいようにして構築を作成した。 【個別紹介】 マリルリ＠神秘のしずく じゃれつく　アクアブレイク　アクアジェット　ミストフィールド 177-112-100-×-100-102 準速ASぶっぱ ユキメノコマニューラと非常に相性のいいポケモン。 最初はラムのみはらだいこで使っていたが、（何故か）ユキメノコにオーロラベールがないためかそれが活きた場面が少なかったので、試しに神秘のしずくを持たせ、アクアブレイクの防御ダウンとセットで硬いポケモンを倒しやすくした。 あとは後述するマニューラの氷のつぶてと相性が良く、神秘のしずくアクアジェット＋玉氷のつぶてで縛れるリーチが広い。 素早さは準速まで振り切ったが、アシレーヌ、アーマーガア、ニンフィア、ブラッキー、ラウドボーンなどの上を取ることができた。－１メガギャラドスの上を取ることもできる。 相手のブリジュラスがきつすぎるのが玉に瑕。 最速はらだいこ型なら持久力ブリジュラスを返り討ちにできるので、それもまた一考かと思う。 ギャラドス＠メガ石 滝登り　地震　氷の牙　竜の舞 メガ後：172-207-129-×-150-146 ・相手のギャラドス、イダイトウ、準速ソウブレイズ意識で最速 ・火力目安→＋1メガ滝登りで無振りミミッキュをワンパン 突然タイプを変えることができる、疑似テラスタルポケモン。 技はタイプ一致の滝登り、＋1でメガカイリューを貫通できる氷の牙、ガルドやブリジュラスの打点の地震にしたが、この構築はアシレーヌがきついので、滝登りをパワーウィップにするのもありかもしれないが、滝登りの上振れに救われてきたのも事実。 使っても使われても強いポケモンだと思った。マジフレ炎の体ウルガモスや、ステロガブリアスなどを使って場を整えてあげればかなりの強さを発揮できるものと思う。 マスカーニャがきついのが玉に瑕。2舞すれば相手の最速スカーフマスカより速くなるので、そこも意識したい。 ウルガモス＠こだわりスカーフ マジカルフレイム　オーバーヒート　むしのさざめき　火炎放射 161-×-86-205-125-152 接触技大好きポケモン。ユキメノコと組んでいるので蝶の舞をすると見せかけて、いきなり奇襲をかけていくというパティーン。 メタグロスやミミロップが重すぎるので、見かけたらぶん投げて焼きを狙っていく。 このポケモンのグッドポイントとしては、初速から速い素早さでむしのさざめきを打てる点。相手の＋１メガギャラドス、スカーフダイケンキ、あと投げしてくるタスキガブリアスなどを落とせることを意識した。 このポケモンがいることで、ありえないくらい初手にステロポケモン（ブリジュラス、カバルドン、ガブリアス）を誘うので、それにユキメノコを合わせるようにしていた。 特性炎の体は最強だったが、スカーフマジカルフレイムは少し危険な一手であると感じた。相手の物理アタッカーの起点にされかねないため。 もう少し技範囲が広いと助かるが、このポケモンがパーティにいることでかなり役立ったと思う。ありがとうウルガモス。 ユキメノコ＠メガ石 吹雪　10万ボルト　雷　こおりのつぶて メガ後：171-90-90-203-120-155 ・準速ガブリアスフラエッテ抜き ・特化ブリジュラスのラスカノ、サザンドラの悪の波動を最大乱数以外耐え ・10万ボルト→雷でＨ振りオボンアシレーヌが高乱数で落とせる ・吹雪→つぶてで変幻自在ゲッコウガマスカーニャを倒せる このポケモンが使いたくて組んだパーティ。そしてまさかの電気技2個持ちのユキメノコ。アシレーヌが初手にたくさん来るので、このユキメノコを合わせにいった。 技構成は吹雪つぶてのリーチが素晴らしいのでこれは確定として、最強技オーロラベール、最強技挑発、最強技シャドーボールを入れたかったが、アシレーヌやギャラドスがきついという理由だけでこれらは落選となった。どんだけ多いんだアシレーヌ。 ウルガモスを入れてるおかげか初手に出し勝ちすることが多く、たくさん火力を押し付けていった。 むっちゃ硬いブリジュラスやカバルドンに吹雪を耐えられるのが玉に瑕。特攻種族値140あるのになあ。 追記：計算したらシャドーボール→雷でH振りアシレーヌをオボンのみ食べさせずに確定で倒せることが判明したので、 吹雪　こおりのつぶて　シャドーボール　雷　もありかも そうすればメタグロスなどにもっと抗える マニューラ＠命の玉 トリプルアクセル　はたき落とす　剣の舞　氷のつぶて 145-189-87-×-105-177 〇火力目安 ・トリプルアクセル3回で無振りミミッキュ確定 ・はたき落とすでＨ振りギルガルド、無振りメガスターミー確定 ・こおりのつぶてで無振りガブリアス確定 ・トリプルアクセル3回で無振りメガフラエッテ、リザードンY確定 ・＋2トリプルアクセルで防御特化ブラッキー、メガフシギバナを高乱数 ・玉氷のつぶて＋雫アクアジェットでマフォクシー、メガバシャーモ、マスカーニャ、メガライチュウYを倒せる 今回の構築の命の玉枠で、構築の主役。このポケモンは素早さと攻撃の種族値が凄まじく、技威力も高い（当たれば）。それに命の玉が加わればかなりの火力が出せる。 何故ユキメノコと組み合わせているのかというと、悪＋ゴーストの防御面の相性の良さ、ウルガモスが誘う地面枠への強さ、雪で防御1.5倍、などがある。 地味に防御1.5倍がありがたく、通常ならペラペラすぎる物理耐久がカバーされ、スカーフイダイトウのウェブタくらいなら普通に耐えてくれるようになる。 このポケモンを使うときに意識したのは、「どれだけ強気に剣の舞を押せるか」。雪で防御1.5倍になった時はもちろん、通常時にガブリアスやメガゲンガー、ギルガルド対面で突然舞いだしたりなどした。オーロラベールがあればもっと多くの対面で剣の舞ができるのにと思ったが、何故かないので仕方がない。サイコファング無効で雪で防御1.5倍なので、壁化ポケモンとしてはかなり優秀なのにもったいないことをしている感は否めない。 このポケモンのいいところでもあり悪いところでもあるのが、性能を雪に依存しないということ。別に雪状態じゃなくてもパワーは出る。 特性はぶっちゃけどっちでもいいと思って悪い手癖で使っていたが、相手のスカーフマスカーニャのはたき落とすを起点に剣の舞をしようとしたとき何が起こったか（１敗）。なのでプレッシャー1択です。 トリアクをどこまで当ててくれるかで性能が大きく変わるポケモンなので、本当にドキドキしながら使っていた。楽しかったよマニューラ。 ガブリアス＠気合のタスキ 大地の力　流星群　ステルスロック　岩石封じ 183-152-115-145-94-154 2期連続タスキガブリアス。今回はちゃんと選出しました！！さて、何故かC特化なのに攻撃のほうが数値が高いポケモンが出来上がってるが、何故特殊なのか。それは、相手のキラフロルに毒びしを任せない、持久力ブリジュラスで詰まない、相手のHBガブリアスに大きな打点が出る、などがある。あとは岩石封じがあるおかげで、流星群をポンポン打っても起点になりにくいため、ドラゴン技が物理型よりも気軽に打てるのも大きなメリットだと感じた。特殊型だとみて出てきたウルガモスやリザードンに対して岩石封じで仕留めるといったこともあった。 こんな型でもかなり活躍してくれた。やっぱ強いわガブリアス。 【基本選出】 特に基本選出はないが、アシレーヌやカバルドンを見たらユキメノコ、キラフロルを見たらガブリアス、メタグロスやミミロップを見たらウルガモス、ニンフィアを見たらマリルリを優先して選出するようにした。どうしてもユキメノコがきつそうな場合はメガ枠はギャラドスに任せた。マニューラはいけそうだったらいくみたいな感じでした（こんな適当だから最後サブロムのレート溶けたんだろうな） 選出に関してはあまり煮詰まっていないので、開拓をお願いしたいです。 【きついポケモン】 メタグロス、ミミロップ、アローラキュウコン、ゲッコウガ、フラエッテ、ニンフィア、ハッサムなどたくさん。 特にステロ＋メガハッサムには何もできずに負けます。ガブに大文字入れてもいいかも。あと、オーロラベールを入れたい。 【あとがたり】 ここまで読んでいただきありがとうございます。今回のシーズンM-4では、剣盾から数えても歴代最高の順位をたたき出すことができました。終盤に瞬間11位になった時は手が震えた。でもラスト3日でサブロムのレート150溶かしてしまったので、構築の完成度としては微妙だと思います。誰かしら改良してくださると泣いて喜びます。 何か質問などがあれば＠kakigo55までお気軽に。それでは。 コメント : 0 カテゴリ : 未分類 コメント 名前 タイトル メールアドレス URL パスワード 非公開コメント 管理者にだけ表示を許可する 本文 次の記事 最新記事 【チャンピオンズシーズンM-4使用構築】マニュと雪の女王【最終101位レート2434】 (08/05) 【チャンピオンズシーズンM-3使用構築】アルティメットキュウコン晴れ【最終286位レート2420】 (07/08) 【チャンピオンズシーズンM-2使用構築】超速サプライズ【最終761位レート2209】 (06/18) 【SVシーズン39使用構築】天地人デルタオメガ【最終131位レート1939】 (03/01) 【SVシーズン37使用構築】アンチシナジーグラミライ【最終189位レート1935】 (01/05) 最新コメント dorageru44:【剣盾シーズン13使用】　グッドスタッフラティキザン　【最終201位　レート2009&最終276位　レート2003】 (01/23) おかゆ:【剣盾シーズン13使用】　グッドスタッフラティキザン　【最終201位　レート2009&最終276位　レート2003】 (01/23) 月別アーカイブ 2026/08 (1) 2026/07 (1) 2026/06 (1) 2026/03 (1) 2026/01 (1) 2025/12 (1) 2024/09 (1) 2024/03 (1) 2022/08 (1) 2022/03 (1) 2021/09 (2) 2021/03 (1) 2021/01 (1) 2020/10 (1) カテゴリ 未分類 (15) 検索フォーム RSSリンクの表示 最近記事のRSS 最新コメントのRSS リンク 管理画面 このブログをリンクに追加する ブロとも申請フォーム この人とブロともになる ＱＲコード FC2Ad Copyright © わくてかブログ2020 All Rights Reserved. Powered by FC2ブログ
M-4,【Mー4最終105位 2430】ガルガブサーフ｜あずまや,https://note.com/azumaya_poke/n/n6022e3187326,【Mー4最終105位  2430】ガルガブサーフ｜あずまや 投稿 ログイン 会員登録 【Mー4最終105位  2430】ガルガブサーフ 11 あずまや 2026年8月5日 15:47 こんにちは！！あずまやと申します。 シーズンM-4お疲れ様でした！今回は最終105位で初チャンピオン級を取ることができたので記事を書こうと思います。 日本語がおかしいところがあって読みにくかったらすみません。 ※ツイッターの方のタイトルがこちらの間違えでMー3になっておりMー4にするために一度投稿を削除しました。本当にすみませんでした。 【使用構築】 QJHPPQ2J7K 【構築経緯】 まず、 サーフゴー を使いたいと思った。 サーフゴーはSVの環境でも猛威を奮っており、弱体化されたとしても弱いわけないと思ったのでサーフゴーからパーティーを組み始めた。サーフゴーの強い点として優秀なタイプと特性黄金の体を持ち、悪巧みを覚えることで受け破壊性能が非常に高く、物理アタッカーが苦手な鉄壁アーマーガアや持久力ブリジュラスに強く出られることだと考えた。 ここから、物理アタッカー＋サーフゴーの並びが強いのではないかと考えた。 これをパーティーの軸に決めたため、物理アタッカーはキャラパワーの高いメガ進化のポケモンを使うことにした。 相方の物理アタッカーのメガの条件として ①サーフゴーと弱点が被らない ②受け以外には広く殴り合うことができる ③使いやすい の3つの条件に当てはまるポケモンで調べた結果 メガガルーラ が適合していると思い採用した。 ガルーラ＋サーフゴーではカバルドンが非常にきついので、カバルドンに強くあくびループを切ることができる ミストフィールドアシレーヌ を採用した。 後述するが、努力値をガルーラがHA、サーフゴーがHC振りにより構築のポケモンが全体的に遅いためスカーフ枠を入れようと思った。ガルーラの構築記事を見ると スカーフガブリアス が多く採用されており、使用感も良かったため採用した。 不利対面をとった時に交代できるクッションが必要だと考えた。クッションポケモンの中でもあくびで誤魔化し性能の高く、砂ダメージで猫不意のリーチを伸ばすことができる カバルドン を採用した。 最後に、サブのメガとしてガルーラがどう頑張っても勝てないメガスコヴィランに強く、一応地面の一貫を切ることができる メガカイリュー を採用した。 構築完成！！ 【個体紹介】 メガガルーラ　@ガルーラナイト 特性：肝っ玉→親子愛 性格：意地っ張り 技：猫騙し/地震/冷凍パンチ/不意打ち 207（27）-194（32）-124（4）-×-123（3）-120 ↑メガ後の実数値 調整意図 H…16n−1 A…火力出したいから特化 D…C211メガマフォクシーの火炎放射2耐え B…余り 今回のパーティーのエース。 HAベースにすることで幅広いポケモンと打ち合うことができる。Sはメガカイリューは素早さに振ってる個体が多く、ガルーラミラーもほとんど発生しなかったので振らなくても基本的に気にならなかった。体力が少しでもあれば猫不意で相手を一方的に殴ることができるので全体的に非常に扱いやすいポケモンで使ってて楽しかった 技構成は先制技の猫騙しと不意打ち、鋼を殴れる地震は確定でラストはガブリアスやカイリューに強く出ることができ運勝ちが狙える冷凍パンチにした。 ガブリアス　@こだわりスカーフ 特性：鮫肌 性格：意地っ張り 技：逆鱗/地震/いわなだれ/ステルスロック 185（2）-200（32）-115-×-105-154（32） 調整意図 ASぶっぱ余りH 使用率1位の王。スカーフを持たせることで早いメガ進化ポケモンの上から攻撃でき、火力が高いため対面の殴り合いも普通に強い。環境に多いメガギャラドスも竜舞ターンにガブリアスを投げることで逆鱗+ガルーラの猫騙しで安定して処理することができた。最速リザードンXを考えると陽気にした方がいいが、火力面を考えて意地っ張りにした。 技構成は逆鱗と地震は確定で、岩技はHBウルガモスをいい乱数で一撃で倒すことができ怯み効果があるいわなだれと、サイクル下で撒けたら強いステロを入れた。 サーフゴー　@命の玉 特性：黄金の体 性格：控えめ 技：ゴールドラッシュ/シャドーボール/10万ボルト/気合い玉 189（27）-×-115-198（27）-119（8）-108（4） 調整意図 H…10n−1 C…11n D…ブリジュラスの特化流星群＋能力ダウンリセット後の悪の波動ほぼ耐え S…2振りブリジュラス抜き 破壊神。最終日に育成して実戦投入した型。終盤までずっとゴルラ/シャドボ/悪巧み/再生のサーフゴーを使っていた。しかし、アーマーガアにとんぼで逃げられ不利対面作られたり、ドドゲザンやガブリアスを後投げされたりする展開が多く、数的不利を背負ったり、起点にされて全抜きされる試合が多かったため、軸のポケモンだっだが選出することが少なく いつの間にかブリジュラスに変わっていた 。しかし、せっかくなら元々の軸のサーフゴーで勝ちたいと思い考えた結果、悪巧み再生捨てた命の玉4ウェポンサーフゴーとなり、有利対面を作った瞬間安易な交代を許さないポケモンなった。 技はタイプ一致のゴールドラッシュとシャドーボール、アーマーガアやダイケンキ意識の 10万ボルト、ドドゲザンを許さない気合い玉の4つだったがどれか切って自己再生や悪巧みなどを入れてもいいと思う。最終日にいきなり採用して不安だったが、後投げしてきたガブをゴルラでワンパンしたり剣舞の起点にしに来たドドゲザンを気合い玉でぶっ壊して最高のポケモンだった。 アシレーヌ　＠オボンの実 特性：激流 性格：控えめ 技：泡沫のアリア/ムーンフォース/アクアジェット/ミストフィールド 187（32）-×-114（20）-176（14）-136-80 調整意図 H…ぶっぱ B…ガブの地震オボン込み2耐え C…余り　カバの遂行速度を上げる 耐性が優秀で耐久も低くはないので一撃でやられて出オチすることが少なく、出した試合は基本的に最低限の仕事はしてくれた。 ミストフィールドの採用理由はオボンを持たせることで対面性能を高めたかったため、ラムの実やカゴの実を持たせたくなかった。そこで、あくびループに強く出られるようにするため採用した。 構築唯一のフェアリータイプなのでドラゴン技の一貫を切ったりすることができて重宝した。 技構成はタイプ一致の泡沫のアリアとムーンフォース、対面性能を上げるアクアジェット、ミストフィールドを採用した。 カバルドン　＠食べ残し 特性：砂起こし 性格：腕白 技：地震/守る/あくび/怠ける 215（32）-132-187（32）-×-94（2）-67 調整意図 HBぶっぱ余りD バシャーモやミミッキュ、ドドゲザンなどの物理ポケモンを受けるためにHB特化。カバ対策としてミミッキュがウッドハンマー、ドドゲザンはラムの実などを持っている個体が増加していたこともあり、カバルドンの枠をHBブリジュラスにして使った時も少しあったがメガバシャーモやミミロップなどの格闘ポケモンが厳しく、あくびで誤魔化すことができないので、やはりカバルドンの方が強いと感じた。 技構成は地震とあくびは確定で体力回復できる怠けると残飯やあくびと相性が良く砂ダメも稼げる守るを採用した。 カイリュー　@カイリュナイト 特性：マルチスケイル 性格：控えめ 技：流星群/エアスラッシュ/火炎放射/ 10万ボルト 167（1）-×-136（1）-216（32）-145-152（32） ↑メガ後の実数値 調整意図 対面性能上げるためにCSブッパ余りHとB スコヴィランや草メガに強いポケモンとして入れたが多くの試合でガルーラを投げていたためほとんど使わなかった。サブのメガ枠については前からかなり悩んでおりカイリュー以外にもマフォクシー、ゲンガー、ゲッコウガ、フラエッテなども試したが何が正解かいまだにわからない。 （サブのメガ枠がいらない可能性もある） 技構成は瞬間火力最強の流星群、草メガに強いエアスラ、鋼打点の火炎放射、アシレーヌに後出しできるポケモンがサーフゴーくらいしかいないので対面からでも打ち合うために 10万ボルトを入れた。 【選出】 基本選出 ガルーラ＋ガブリアス＋サーフゴーorアシレーヌ サーフゴーとアシレーヌの選択は相手のパーティーに刺さってそうな方選んでおり、カバルドン入りにサフゴの方投げることもある。 また、マフォクシー構築やマスカがおらず初手アシレが裏目にならなそうな構築には初手アシレーヌなこともあった。 カバルドンはバシャーモやクチート入りには出しており、ミミッキュやドドゲザン、ミミロップが重い時に選出していた カイリューはスゴヴィランや草メガがいる時には積極的に出していたが、メガカイリューを試す期間が少なかった＋それらのポケモンに当たることが少なかったので正直よくわかんないです。すいません… 【キツいポケモン】 キラフロル　パーティー的に毒ビシがカイリューサーフゴー以外通っているのでキツい。初手アシレーヌやサーフゴーも襷で耐えられて上からの攻撃で返り討ちにあう。初手カイリューは毒ビシを撒かせないことはできると思うがマルスケ剥がされたりメガキラフロルだった場合普通に負ける。毒ビシを撒かれるのは甘んじて受け入れるしかない。 火ロトム　鬼火もヤバい。水ロトムはまだサーフゴーでなんとかできるが火ロトムはオバヒがあるから無理。使用率が低めで助かった。 ドドゲザン　一回剣の舞を許すとパーティーが壊滅状態になる。パーティー全体で隙を見せないようにすることが必要。 壁パ　壁を割る技や挑発がないため貼られたらうまく時間稼ぎするしかない。 【結果】 【スペシャルサンクス】 Xで応援してくれた皆様 応援してくれたリア友 最終日に見て心に火をつけてくれた「カイジ」 【最後に】 SVから対戦を始めた私が初めて最終3桁をとったのがSV末期環境のs39だったため、チャンピオンズ始まって人口増えたら勝てないだろうと考えていました。実際に、Mー1からMー3まで全て最終結果は4桁だったのでとても悔しく夏休みということで気合入れて頑張った結果最終チャンピオン級を取ることができました！！ 来月はSwitch2でエルデンリング発売されるのでそれをプレイするつもりだったが、玉サーフゴーやサブのメガ枠の部分などもっと考えたい部分も多いのでこの構築をベースにしてさらに煮詰めていきたいという気持ちもある。8月後半に開催されるオフに参加する予定なので、少なくともそれまではチャンピオンズやって腕を磨いて、予選抜けを目標に頑張っていきたい。 最後まで読んでくださりありがとうございました！！ 質問あったらXのDM（@azumaya_poke）にお願いします ダウンロード copy いいなと思ったら応援しよう！ チップで応援する #ポケモン #ポケモン対戦 11 あずまや フォロー 高2 ポケモン対戦が好き！！ トップ ゲーム ゲーム noteプレミアム note pro ヘルプ プライバシー クリエイターへのお問い合わせ フィードバック ご利用規約 通常ポイント利用特約 加盟店規約 資金決済法に基づく表示 特商法表記 投資情報の免責事項
M-4,シーズン M-4 適当ギャラサーフ｜ヌイコグマ,https://note.com/nuikoguma/n/n5b2b4056948e,シーズン M-4 適当ギャラサーフ｜ヌイコグマ 投稿 ログイン 会員登録 シーズン M-4 適当ギャラサーフ 4 ヌイコグマ 2026年8月7日 00:11 コーディネートID：MBEUQHADS9 構築経緯 環境に多いポケモンに有利を取れると考えたメガギャラドスからスタートしました。 サイクルに寄せた構築を目指していましたが、上手くまとまらないままレートも上がらず最終日を迎えてしまったため、仕方なく対面展開寄りの構築にシフトしました。 大まかな採用の流れは以下の通りです。 メガギャラドス：環境に多いメタグロス軸に強めな型。 残飯サーフゴー：ギャラドスが止められてしまうブリジュラス、アーマーガアやあくびポケモンに強い。 襷ガブリアス：雑に初手に投げやすく、ギャラドスにとってきついブリジュラスに強い。 オボンニンフィア：ガブリアスが不利を取るマスカーニャやミミロップなどに対面で有利を取れ、相手の展開もある程度は切り返せる。 メガカイロス：ギャラドスのストッパーとして採用されがちなマスカーニャを先制技で縛ることができ、ギャラドスにとって面倒なメガミミロップ、メガフシギバナ、メガスコヴィランに有利。 スカーフ水ロトム：ここまでで重かったメガマフォクシーなどの高速ポケモンの上を取ることができ、メガギャラドスのストッパーにもなれる。 個体紹介 ※採用順で紹介します ギャラドス@ギャラドスナイト H：16n-1 A：特化 S：残り 舞った際にメガメタグロスをワンパンできるかみくだく、ギャラドスやアシレーヌを意識したパワーウィップ、カイリューやガブリアスを意識したこおりのキバの構成です。 極力命中不安は使いたくないのでパワーウィップは当初採用していませんでしたが、後述のサーフゴーがメガギャラドスに対して無力なため、抗えるよう仕方なく採用しました。 このポケモンについて、単純に舞って、たきのぼりで怯みを狙うだけの印象でした。しかし、使ってみるとその印象は変わりました。メガシンカによるタイプ変更や、等倍技なら一発は耐える耐久を活かした択を取ることができ、舞うべきか否かの判断を常に求められるため、少なくともM-Bのルールにおいてはそう単純ではないと感じました。 サーフゴー@たべのこし ギャラドスとタイプ補完があり、攻めの相性も良く、苦手なあくびもカットできるため、相方として採用しました。当初はHB自己再生で使っていましたが、ブリジュラスのドラゴンテールやアーマーガアの対面操作に簡単に負けていました。そこを咎めるため、自己再生を切って身代わりにしました。 調整については、少し耐久に振ったところで耐えたい技を耐えなかったのと、火力をあまり落としたくなかったため、CSぶっぱです。いかくやマジカルフレイム込みの調整は一考の余地があったと思います。最速は準速ミミッキュ意識です。 最終日を通して、このポケモンの使用感が一番良かったです。 ガブリアス@きあいのタスキ 対面性能と崩しを意識した構成です。岩石封じは炎タイプやギャラドスを意識しています。メタグロスやブリジュラスへの負荷を意識してA補正にしています。 ニンフィア@オボンのみ ヒスイ産謎ボール H：奇数で最大 C：11n B：残り ガブリアスの苦手とするマスカーニャやミミロップに対面有利であり、不毛なガブリアスミラーを回避するため、初手置きの候補として採用しました。残飯型が多かったのもあり、認識のズレも狙えると考えましたが、有利不利が逆転するほどではないため、それによる恩恵はささやかなものでした。 マジカルフレイムとほえるを入れ替えながら使っていましたが、後発の積みポケモンとのシナジーを重視し、最終的にはマジカルフレイムにしました。 展開を切り返す駒としても選出していましたが、調整が適当すぎて何も耐えず、負けに直結することが多々ありました。 +2珠ミミッキュのじゃれつくが確定一発なのはここだけの話です。 カイロス@カイロスナイト H：16n-1 S：メガ後102族+2 ギャラドスが誘う苦手なマスカーニャや、構築全体で重いメガスコヴィラン、メガフシギバナ、メガミミロップに強い要素が欲しかったので採用しました。 半信半疑で使っていましたが、出した試合はしっかり活躍してくれました。 地震はギルガルド意識です。アーマーガアで止まってしまいますが、前述のサーフゴーと攻めの補完が取れていると考えました。 水ロトム@こだわりスカーフ 朝の戦いに備えるべく、就寝前に風呂に入りながら、それまで使っていたポケモンを頭の中で整理していました。その際、最後の枠の選択が適当すぎたためか、何を使っていたか全く思い出せず、記憶を振り絞るようにして出てきたのがこのポケモンでした。 ここまでで全体的にSラインが遅く、高速ポケモンの上を取れるポケモンが必要でした。また、ギャラドスのストッパー要素や、絡め手の要素が必要と考え、スカーフ水ロトムの採用に至りました。 ちなみにこの枠は元々ドラパルトでした。 結果 感想 構築の完成度が低くしっくりこない中、最終日にチャンピオン級に滑り込めたのは良かったです。 しかし、乗ったのは朝9時前でした。さらに上を目指すには遅すぎたと感じます。 ただ、限りある時間の中で、精一杯頑張れた点については自分を褒めたいです。 引き続き楽しく上位を目指していきたいと思います！ 気になったことありましたら、気軽に聞いてください！ 最終日対戦動画 最終日のチャンピオン級での対戦を動画にしました！ ダウンロード copy いいなと思ったら応援しよう！ チップで応援する #ポケモン 4 ヌイコグマ フォロー ポケモン トップ ゲーム RPG (ロールプレイングゲーム) noteプレミアム note pro ヘルプ プライバシー クリエイターへのお問い合わせ フィードバック ご利用規約 通常ポイント利用特約 加盟店規約 資金決済法に基づく表示 特商法表記 投資情報の免責事項
M-4,【Mー4最終121位R2414】カイリュー、リザY殴るだけ対面構築,https://pokesol.app/u/mogu_poke/articles/62fb53e3575620d0,【Mー4最終121位R2414】カイリュー、リザY殴るだけ対面構築 ログイン ポケノート 注目記事 記事検索 ツール ダメージ計算(準備中) チーム管理 Pokémon Soldier X YouTube Twitch GitHub サポート お問い合わせ 条項 利用規約 プライバシーポリシー 免責事項 0 も もぐ 目次 ページトップへ 【Mー4最終121位R2414】カイリュー、リザY殴るだけ対面構築 構築記事 シングル M-B M-4 2026年8月6日 に公開 お疲れ様です。もぐです！ 初の最終チャンピオン級を達成できたので記念に記事を書きました。 コンセプト 基本的に、対面で殴り勝つ！！ カバをストレスなく突破する！ 構築経緯 昨シーズンより使っていたフルアタのカイリューが対面何より最強だと思ってたため今期も軸として構築を組み始めた。 次にカイリューと相棒としてタイプ補完的完璧、有利対面を作った際の破壊力、申し分ないギルガルドを採用した。ここに、ミミキュなどの対面強いポケモンを入れて序盤から潜っていた！ 潜った結果→竜舞ギャラや、ミミロップ、ブラッキー、ブリジュラス、カバルドンが重く感じた！そこで、保管を埋めて行くことにした。 スカーフガブ→竜舞したギャラやミミロップの上から殴ることができるため採用 バイバニラ→挑発を入れることでブラッキーやピクシーバトンなどの構築に対して強いとともに、カバやブリ、ギャラなどにも仕事ができる。 リザードンＹ→ブリやカバに対して高火力で吹き飛ばせる。耐久に振ることでミミロップにも対面勝てる！ あとは、なんとなくミミッキュで構築が完成した。 個体紹介 CSぶっぱ とにかく対面強い、負けない！ 初手から殴って勝つ！雑に強いポケモンです。 HBは、メタグロスに対する引先として使うためサイファン→地震をある程度耐えるくらいに振ってます。有利対面での剣舞やポルターガイストを打つことで相手にとんでもない負荷がかかるため本当に強い。 この構築なある意味エース めっちゃ選出した！ 耐久は、ブリのラスカ耐え！特化ブリだと25%くらいで飛んでいく大体耐える。 ニンフ、ブラッキー、ピクシーに挑発や吹雪で受けを成立させないことやギャラにめっちゃ強い！ ミミキュやアシレカバなどよくいる奴らに対面ほぼ勝てる。ただし、鋼や🔥には砕かれたり、焼かれたり何もできないです。 よくいるスカガブ 竜舞ギャラやミミロップの上からなぐる ウルガモス、リザワイくらいかな たまに、めっちゃ通るときがある。 なんとなくで強い！ イダイトウを止めてくれる！ たくさん燃やしてくれる！ ミミロップに対して選出することが多い。 岩技持ってるガブにあまり当たらなかった。スケショステロとか押してかれるからソラビで対面なんか突破したりした。 バニラの後に選出すると、氷ウェザボでガブを飛ばせるのも楽しかった。あとは、ブリのミラコやカバルドンに対して楽に飛ばしたり削りを入れれることが強かった。 選出 カイリューorリザY @2 相手の構築、ポケモンによって選出は、変わる。 ギャラの構築 バニラ、ガブ ミミロップ構築 ガブ、ミミッキュ ニンフやエッテ、ピクシーなど バニラ、ギルド グロス、サザン、カバ、アシレ構築 バニラ、ギルド、ガブなど きついポケモン フロル➕ミミロップ 噛み合いゲーミング！相手の初手を当てましょうをしていた。 カビゴン とまるとまる！ほとんど無理！ マンムー バニラ合わせる他ないです。 後、今期1位甘えるフラエッテこのポケモンに対しては、ガルド投げても完封されて何もできずに全てを貫かれます。 最後に この構築は、とにかく噛み合い、選出の読みが大切です。今シーズン勝てた要因としては、序盤から軸を変えることなくこの構築の練度を高めることができたため、今回の結果につながったと思います。来期は、もう少し安定性やサイクル性を高めて噛み合いではなく構築力、プレイングで2桁を目指していきたいと思います。 質問とかあったらXまで！ぜひ！ @M_17Rider まで、友だち欲しいです。 ポスト も もぐ も もぐ ポケノート ツール サポート 記事一覧 チーム管理 お問い合わせ 記事検索 記事一覧 記事検索 チーム管理 お問い合わせ
M-4,【M-4最終126位/レート2412】ピクシースタン -,https://schipsyg-poke.hatenablog.com/entry/2026/08/05/151650,"【M-4最終126位/レート2412】ピクシースタン - 読者になる 2026 - 08 - 05 【M-4最終126位/レート2412】ピクシースタン TN: chip 順位: 126位　最終レート: 2412.720 最終チャンピオン級達成＋自己最高レート更新できたので、記事に残します！ [構築] [構築経緯] [個体紹介] ピクシー フシギバナ ゲッコウガ ガブリアス ギャラドス ブリジュラス [基本選出] [きついポケモン] [最後に] [構築] [構築経緯] M-3の時にピクシーで見れるポケモンの範囲が広く強いと感じたため、 ピクシー を軸に構築を考えた。 ピクシーが苦手なフラエッテ、ゲッコウガ、キラフロル、ライチュウ、ゲンガーへの対策として、 フシギバナ を採用した。 ピクシー、フシギバナが苦手なメタグロスやスターミー、サーフゴーへの対策として、 ゲッコウガ を採用した。 ピクシーが苦手な鋼タイプ（ドドゲザン、サーフゴーなど）や毒タイプ（ゲンガー、キラフロルなど）、ライチュウへの対策として、 ガブリアス を採用した。 雨パ対策として ギャラドス を採用した。 最後に起点作成かつ荒らし性能が高い ブリジュラス を採用した。 [個体紹介] ピクシー @ピクシナイト 性格：ずぶとい 特性：てんねん メガ前：202(252)-*-137(252)-115-112(12)-80 メガ後：202(252)-*-159(252)-155-132(12)-90 かえんほうしゃ/アシストパワー/つきのひかり/コスモパワー 前期にピクシーで結果を残していた人は、準速ドドゲサン抜きくらいまでSを振っている人が多かった。しかし、自分は耐久方面を厚くしたかったため、Sは振らなかった。コスモパワーを1回積んでしまえばある程度戦える最強ポケモン。 コスモパワーを積める対面を探すことが一番重要。 メガシンカを使うか使わないかの判断も重要。 鋼タイプへの打点が欲しいためかえんほうしゃを採用した。また、火力が欲しいためアシストパワーを採用した。ムーンフォースがないため、メガギャラドスがきつかった。 持ち物をメガ石にすることでトリックが効かない点はとても強かった。 自分の能力を下げてくる相手やのろい持ち、高火力のポケモンに対して弱い。また、天候（晴れ以外）にも弱い。この弱点を他のポケモンで補完できる構築を考えた。 鋼タイプや毒タイプのポケモンを２体以上選出してきそうなときは、役割を果たせないため選出しなかった。 フシギバナ @フシギバナイト 性格：おだやか 特性：ようりょくそ メガ前：187(252)-*-111(60)-120-154(154)-106(44) メガ後：187(252)-*-151(60)-142-176(154)-106(44) アシッドボム/だいちのちから/どくどく/こうごうせい 無振りブリジュラス抜き。特防は 11n、あまりを防御に振っている。 ピクシーが苦手なフラエッテ、ゲッコウガ、キラフロル、ライチュウへの対策。 特防を上昇させてくる相手に対しても圧をかけられるアシッドボムを採用した。 てんねん持ちのラウドボーンやピクシー、ブラッキーへの対策としてどくどくを採用した。 どくびし回収の役割もしてくれてピクシーとの相性は最高だった。 ゲッコウガ @ゲッコウガナイト 性格：ひかえめ 特性：へんげんじざい メガ前：150(20)-*-90(20)-170(252)-91-170(220) メガ後：150(20)-*-100(20)-203(252)-101-190(220) なみのり/あくのはどう/れいとうビーム/ヘドロウェーブ 最速120族（メガスターミー、メガユキメノコ、オオニューラ）抜き。 ピクシー、フシギバナが苦手なメタグロスやスターミー、サーフゴーへの対策。 キラフロルに弱点をつけるようになみのりを採用している。なみのりの枠をじんつうりきにすることも考えたが、鋼タイプに対して当倍以上の打点がなくなってしまうためなしにした。 特性が強いため安定した強さだった。 ガブリアス @きあいのたすき 性格：ようき 特性：さめはだ 183-182(252)-117(2)-*-105-169(252) げきりん/じしん/いわなだれ/つるぎのまい 主にピクシーが苦手とする鋼タイプ（ドドゲザン、サーフゴーなど）や毒タイプ（ゲンガー、キラフロルなど）、ライチュウへの対策。 げきりんの枠をスケイルショットにすることも考えたが、命中不安・火力不足の点からなしにした。 構築上ウルガモスがきついため、いわなだれを採用した。 初手に投げることは少なかった。 ギャラドス @いのちのたま 性格：いじっぱり 特性：いかく 171(4)-194(252)-100(4)-*-120-133(252) じしん/やけっぱち/パワーウィップ/りゅうのまい 雨パ対策のポケモン。ラグラージ対面でりゅうのまいを積んで裏のペリッパーやブリジュラスに負荷をかける役割。 やけっぱちを入れることで相手のハッサムやアーマーガア、メガニウムにも強めに出せる点が良かった。やけっぱちをたきのぼりやこおりのきばにしても強いと思う。 ・H252ブリジュラスに対して（ギャラドスA+1,ステロ1回） ・H252,B252（性格補正あり）ブリジュラスに対して（ギャラドスA+1,ステロ1回） ・H252ペリッパーに対して（ギャラドスA+1,ステロ1回） ・H252,B252（性格補正あり）ペリッパーに対して（ギャラドスA+1,ステロ1回） ブリジュラス @オボンのみ 性格：ずぶとい 特性：じきゅうりょく 196(244)-112-150-145-128(252)-108(20) りゅうせいぐん/ドラゴンテール/ミラーコート/ステルスロック 必ず仕事押してくれる起点作成のポケモン。 始めはほえるを採用していたが、サーフゴーに何もできないためドラゴンテールにした。身代わりを置いてくる相手にはきついが、割り切って対戦していた。 ミラーコートは、打つ場面を選択するのがとても難しいためラスターカノンにしてもいいと思う。初手に相手が出してくるフシギバナやリザードン、マフォクシーなどをワンパンできるのが気持ち良すぎてミラーコートから離れなくなってしまった。 鋼技がないため、オーロンゲやクチートなどのフェアリータイプがきつかった。 [基本選出] ブリジュラス＋ピクシー＋@1 ピクシーはメガシンカなしで戦うことが大半なので２メガ選出も結構していた。 初手に相手がブリジュラスがきついポケモン（ひすいダイケンキ、リザードン、オーロンゲなど）を投げてきそうな場合には、できるだけ他のポケモンを出すようにしていた。 鋼タイプや毒タイプのポケモンを２体以上選出してきそうなときは、ピクシーは役割を果たせないため選出しなかった。 ほとんどの場合、やることが同じなので使いやすい構築だった。 [きついポケモン] ・メガギャラドス ピクシーがメガギャラドスに等倍以上の打点を持たないため、特性のかたやぶりも合わせて受けきるのがきつかった。 ・クエスパトラ ルミナコリジョンを受けきるのがきつかった。 ブリジュラスやガブリアスで無理やり突破することがほとんどだった。 ・オオニューラ 不利対面でつるぎのまいを積まれてしまうと止めるのがむずかしいため、積まれないように立ち回るしかなかった。 [最後に] ここまで読んでいただき、ありがとうございました。 久しぶりにポケモンをガチでやれた気がします。 やっぱりポケモンは楽しいです。 対戦してくださったすべての方に感謝します！！ schipsyg_poke 2026-08-05 15:16 読者になる 広告を非表示にする 関連記事 2020-12-29 【剣盾S13最終205位-2009】ラグラゴンポリ２ [はじめに] [構築経緯] [個体紹介] パッチラゴン ヒヒダルマ カ… 2020-09-16 【剣盾S10瞬間19位】 [はじめに] [構築経緯] [個体紹介] マンムー ジュラルドン パッ… もっと読む コメントを書く 【剣盾S13最終205位-2009】ラグラゴンポリ… » プロフィール id:schipsyg_poke 読者です 読者をやめる 読者になる 読者になる このブログについて 検索 リンク はてなブログ ブログをはじめる 週刊はてなブログ はてなブログPro 最新記事 【M-4最終126位/レート2412】ピクシースタン 【剣盾S13最終205位-2009】ラグラゴンポリ２ 【剣盾S10瞬間19位】 【剣盾S9最終475位】ファイアロー入り高火力スタンパ 月別アーカイブ ▼ ▶ 2026 2026 / 8 ▼ ▶ 2020 2020 / 12 2020 / 9 はてなブログをはじめよう！ schipsyg_pokeさんは、はてなブログを使っています。あなたもはてなブログをはじめてみませんか？ はてなブログをはじめる（無料） はてなブログとは Powered by Hatena Blog | ブログを報告する 引用をストックしました ストック一覧を見る 閉じる 引用するにはまずログインしてください ログイン 閉じる 引用をストックできませんでした。再度お試しください 閉じる 限定公開記事のため引用できません。 読者です 読者をやめる 読者になる 読者になる"
M-4,【M-4 最終129位】希望装填ブラドヒド - Fractal Thinking,https://seedflare-poke.hatenablog.com/entry/2026/08/06/055948,【M-4 最終129位】希望装填ブラドヒド - Fractal Thinking Fractal Thinking 読者になる Fractal Thinking 2026 - 08 - 06 【M-4 最終129位】希望装填ブラドヒド ポケモンチャンピオンズM-4 2026年7~8月 チームID　94F0LMFS9F 最近初めてカルディでコーヒー豆を買いました、シードフレアです。初めて飲んだマンデリンという豆が美味しかったです。この際ミルも買っちゃおうかななんて考えてるのでおすすめあれば教えてください。 レギュレーションMBに入ってからスランプ気味でしたが、今回最終129位を取れたので構築の記録を残します。完成度はかなり低いと思っていますが参考になれば幸いです。 【結果】 【構築概要】 【コンセプト】 【構築経緯】 【個体紹介】 ブラッキー＠食べ残し ドヒドイデ＠オボンの実 マフォクシー＠メガ石 ミミッキュ＠拘りスカーフ キラフロル＠気合いの襷 ブリガロン＠メガ石 【選出】 【重いポケモン】 【あとがき】 【Special Thanks】 【結果】 TN フレア 最高2428　最終2411　129位 【構築概要】 【コンセプト】 毒菱＋マフォクシー 受けループ 【構築経緯】 ダメージ感覚と択の練度がきちんと身に付いており、どこに出しても腐りにくいHBブラッキーを軸に構築を考えた。 M-2で使用した構築が強かったので、これをMB環境に合わせてチューニングしながら使用することにした。 seedflare-poke.hatenablog.com 現環境のブラッキーの最大の課題は珠ミミッキュ、次点でアシレーヌである。ほぼ全ての構築にどちらかは採用されているので、ミミッキュとアシレーヌが後投げから受かるドヒドイデを採用し、ブラッキー＋ドヒドイデ＠１の選出を固定することにした。 メインのメガ枠はマフォクシーを続投。前述の２体で突破不可能な硬い鋼と毒に強い点、積みや搦手をアンコールで咎められる点、全体を削った後の分かりやすい詰め筋になれる点を評価。試合序盤で浮遊を作ってサイクル参加し、相手の型を安全に判別できる守るアンコール型で採用した。 ブラッキーと非常に相性の良いスカーフ枠のミミッキュを採用。スカーフポケモンはブラッキーを突破できないため、受けが困難な相手を拘らせて強引に受けを成立させたり、無限ポケモンを拘らせて有限にしたりと痒いところに手が届く性能をしている。 ここまでの4体を軸とし、ブラッキー＋ドヒドイデ＋マフォクシーorミミッキュを基本選出にすることにした。 以前軸にしていた襷キラフロル＋ブラッキーの選出ではMB環境ではあまり勝率が高くなかった。それは襷フロル展開が「全てを誤魔化せる最強の受け駒＋スイーパー」の形を要求しているからだと考えた。MAにおいてはブラッキーが最強の受け駒であったが、MBではミミッキュバシャーモムクホークなどのブラッキーでは受からないポケモンが増加したので受けが2枚以上必要になり、これではキラフロルを強く使いにくい。以上の理由からMB環境のブラフロルには基本選出たり得る強度はないと感じた。 しかし、ブラフロルの特定の並びに対してのパワーは健在である。上記の4体では後手に回ってしまうカバルドン展開に対してテンポを握れる点、ギャラドスやカイリューが絡む並びに対してステルスロックを撒ける点、まともに受け回すのが困難な並びに対して設置技を重ねてアグロ選出が可能な点を評価して襷キラフロルを続投。全てに投げる予定はないので役割を絞って尖った型で採用した。 アシレーヌの処理をあまりにもドヒドイデに依存しすぎている。そのため、メガゲンガー＋アシレーヌという選出に絶対に勝てないという課題を解決するために、ラスト１枠には「ゲンガーに弱くないアシレ受け」を入れたいと思った。また、ここまでで重いポケモンのうち使用率的に無視できないものはルカリオ、ライチュウ、ダイケンキなどである。なのでアシレとゲンガーとルカリオとライチュウとダイケンキに強いポケモンを探したがそんなのいるわけないだろ。 いなかった。ので仕方なくドヒドイデの持ち物を綺麗な抜け殻に、ブラッキーの欠伸をバトンタッチに変更してゲンガー軸に対して強引にサイクルを回せるようにしてみた。 欠伸を切ったことで対物理の性能が大幅に落ちたブラッキーに代わってギャラドス、ドドゲザン、ギルガルドを受けられ、現状重いライチュウやダイケンキ、カメックスにも強いメガブリガロンを6体目に採用。ルカリオに対しては先に展開されなければ勝てるので、ミミッキュの鬼火と合わせることで一応解決できていることにした。 終盤は以上の６体で潜っていたが、最終日夜に全くゲンガー軸に当たらなくなったのでブラッキーのバトンを欠伸に、ドヒドイデの抜け殻をオボンに戻し、激おもしろ構築から割と普通の受けサイクルになって構築が完成した。 【個体紹介】 ブラッキー＠食べ残し HB特化 受け駒①、願いを装填する者。レギュレーションMAほどの全能感はなくなったものの、どこに出しても腐りにくい安定感は健在。願い事で全ポケモンが無限になるので実質受けループ。アムハングロスはきついが、準速グロスはS-2でブラッキーより遅くなるので、願い事守る願い事守るイカサマイカサマで対面勝てる。今期も欠伸は意識的に押さないようにした。 役割対象：全て ドヒドイデ＠オボンの実 ミミッキュの珠＋２シャドクロの乱数意識でHB特化 受け駒②、ブラッキーの友達。ドヒドで受けたいポケモンと毒が通らないポケモンが同居している際にもサイクルに負荷をかけるために毒菱と毒々を両採用、ミミッキュ、ウルガモス等意識で黒い霧。隙の塊みたいなポケモンだが、アシレとミミッキュをちゃんと受けられるポケモンを彼以外に知らなかった。以前よりも受けたいポケモンが物理に寄ったので努力値はHBに振り切った。持ち物はミミッキュやポルガイ組を受ける他、不利対面でも１回突っ張れるようにオボン。ゲンガー入りに出せるようになる抜け殻も一応候補だが、ゲンガーが受かるポケモンが1匹もいないのでここだけ変えても無意味と判断した。 役割対象：アシレーヌ、ミミッキュ、バシャーモ、ウルガモス、ソウブレイズ、ムクホーク、（リザードン、カメックス、カイリュー）など マフォクシー＠メガ石 メガ後　165-80-98-191-146-204 メガゲンガーの準特化シャドボ耐え ミミッキュの持ち物補正なし＋２特化影撃ち耐え ガブリアスの特化逆鱗耐え H振りメガメタグロスを大文字で87.5％で撃破 211火炎放射耐えサーフゴーを56%で撃破 唯一のアタッカー、ブラドヒドの保護者。ミラーやゲンガー、ライチュウに誠意を見せるために最速で採用。先発で出して守るで様子を見る動きを多用し、ガブやブリのドラテをアンコールしてライフで受ける展開が多かったので耐久に厚めに振った。落とした火力でサーフゴーを倒し切るために炎技は泣く泣く大文字。エスパー技は純粋に火力が高くASガブを２発で倒せるサイキネ。毒菱と守るアンコの相性が良く、増えていたグロスや炎メガ全般に不利を取らない点が強かった。サイキネの枠はミラー意識のサイコショックやハラバリー、ピクシーに強くなるサイコノイズも候補。強いポケモンではあるがミミッキュアシレーヌがどうしようもなくなっている要因でもある。が、ガブとステロに弱すぎない炎枠ということで替えが効かない存在である。HPは多分4n-1調整をした方が良い。 役割対象：アーマーガア、サーフゴー、フシギバナ、ドヒドイデ、ゲンガー、フラエッテなど ミミッキュ＠拘りスカーフ トリック後の遅いブリジュラスや準速メガフロル、エッテ等を抜きたいので最速AS 最強、ただし再戦以外。カバ、ブリ、アマガ等にトリックを通してブラッキーで突破可能にする、ルカリオに鬼火を入れてドヒドで受けられるようにする、剣舞ロップや剣舞ガブを上から縛る、雨ブリを道連れで葬るなど役割は多岐に渡る。出せば必ず仕事をしてくれるので選出率はマフォクシー以上。型がバレた瞬間ピカチュウになってしまうので終盤は毎回祈りながら技を撃っていた。メガギャラの龍舞に後投げして上から鬼火を撃ち、皮を残して生存するという面白い動きができたりする。この構築のポケモンの中で間違いなく一番強いので、騙されたと思ってぜひ一度使ってみてほしい。 役割対象：カバルドン、ブリジュラス、アーマーガア、クチート、オボンガブなど キラフロル＠気合いの襷 167-85ダイケンキをエナボで75%で撃破 185-87ダイケンキをエナボ＋猛毒１回で43%で撃破 カバに投げたい展開駒。カバや水への打点のエナボ、地面打点兼起点回避のマッショ、マフォの打点との補完に優れるステロ、ブラッキーやハラバリーに強い毒々。カバカイリューやギャラマフォに対してステロを撒くために投げる。ダイケンキが非常に重い構築なので、対面した際に不意打ちを透かしながら突破できるように毒々を採用してみた。対サイクルにおいて最も毒を入れたいハラバリーが初手に来た場合毒菱を撒けない問題の解決にもなっている。ドヒドの選出率が高いため、今期はフロルの選出率はかなり低かった。見直すならこの枠からだと思う。 役割対象：カバルドン、カイリュー、水ロトム、ハラバリー、イダイトウ入り、ギャラドス入りなど ブリガロン＠メガ石 メガ後　195-157-231-84-151-64 準特化ブリジュラスのラスターカノン３耐え ＋２ボディプレスでASガブリアスが大体落ちる 受け駒③、パソコンの犬。技はメイン打点のボディプレス、プレスと相性の良い鉄壁、ブリジュラスに誠意を見せ、毒菱と合わせて強い宿木、回復技の光合成。物理受けでありながらDも高くブリジュラスやカメックス、ライチュウに強い点を評価した。当初はバトンブラッキーの隙を埋めるための採用だったが、ブラッキーを欠伸型に戻したのでこの人の役割がかなり薄くなっている。とはいえブラッキーに依存しすぎていた対ギャラやドゲザをより安定感を持って遂行できる点は強かった。この枠でずっと悩んでおり、ブリガロンを使い始めたのは最終日からなので正直使用感とかもよくわからない…。要検討枠その２。今回は補完枠だったが、強いのは確かなのでこの人を軸に構築を組んだら楽しそうだなと思いました（日記）。 役割対象：物理全般、ライチュウ、カメックス、ブリジュラス、（アーマーガア） 【選出】 ★基本選出(守)　ミミッキュ＋ブラッキー＋ドヒドイデ ★基本選出(攻)　マフォクシー＋ブラッキー＋ドヒドイデ ドヒド不要かつ毒通らない　マフォクシー＋ブラッキー＋ミミッキュ 攻め特化　キラフロル＋ブラッキー＋マフォクシー 受け特化　ブリガロン＋ドヒドイデ＋ブラッキー 対ルカリオ　ドヒドイデ＋ブリガロン＋ミミッキュ 左端のポケモンが先発率高め ゲンガー入りにはドヒド出さない 【重いポケモン】 マフォクシー　気合いで毒を入れてブラッキー＋マフォクシーで誤魔化す ゲンガーアシレ　途中で出てきた工夫を全部抜いたので無理になりました😇 ダイケンキ　初手フロル投げたい　選出に余裕あればブリガロンで見る 巧みサーフゴー　シャドボ以外のターンにマフォに引いて大文字を頑張って当てる 気合い溜めブリ　マフォのアンコ、ミミのトリック道連れでなんとかする　無理寄り 剣舞リザX　ステロ撒けてないときつい　ミミドヒドでくるくるして毒殺したい 身代わりメガカメックス　いじめやん ビビヨン　いじめやん ねむカゴアシレ、ミスフィアシレ　引き分け 他、いっぱい 【あとがき】 最終２桁チャレンジまで行けただけにとても悔しいです。MB環境の自分なりのブラッキースタンの回答は作れたかなと感じているのでその点では満足です。前回の２桁がまぐれではないらしいということが分かったのも嬉しいです。やっぱり受けサイクルは楽しいですね。ずっとマフォクシーを使っていたのでそろそろ他のメガも触りたいかな。 ここまで読んでいただきありがとうございました。構築に関して質問等あればXアカウント(@seedflare_poke)まで連絡ください。ではでは。 ※ファッションショーのコーナー “自由に羽ばたいて この希望を装填して。” 【Special Thanks】 長時間通話に付き合ってくれたマリオカートさん seedflare_poke 2026-08-06 05:59 読者になる 広告を非表示にする もっと読む コメントを書く 【M-2 最終41位】PAPERMOON » プロフィール id:seedflare_poke 読者です 読者をやめる 読者になる 読者になる このブログについて 検索 リンク はてなブログ ブログをはじめる 週刊はてなブログ はてなブログPro 最新記事 【M-4 最終129位】希望装填ブラドヒド 【M-2 最終41位】PAPERMOON 【M-1 最終217位】KILLERMOON 【SV S40 最終178位】星海バドホウオウ 【2月14日ポケ勢性癖語り】月が出るみたいです 月別アーカイブ ▼ ▶ 2026 2026 / 8 2026 / 6 2026 / 5 2026 / 4 2026 / 2 2026 / 1 ▼ ▶ 2025 2025 / 11 2025 / 10 2025 / 7 2025 / 6 ▼ ▶ 2024 2024 / 11 2024 / 7 2024 / 3 はてなブログをはじめよう！ seedflare_pokeさんは、はてなブログを使っています。あなたもはてなブログをはじめてみませんか？ はてなブログをはじめる（無料） はてなブログとは Fractal Thinking Powered by Hatena Blog | ブログを報告する 引用をストックしました ストック一覧を見る 閉じる 引用するにはまずログインしてください ログイン 閉じる 引用をストックできませんでした。再度お試しください 閉じる 限定公開記事のため引用できません。 読者です 読者をやめる 読者になる 読者になる
M-4,鋼統一最終１３２位（レート２４１１） - mukku__0402のブログ,https://morinokumatorisu.hatenablog.com/entry/2026/08/05/215854,鋼統一最終１３２位（レート２４１１） - mukku__0402のブログ mukku__0402のブログ 読者になる mukku__0402のブログ 2026 - 08 - 05 鋼統一最終１３２位（レート２４１１） こんにちは　ガチャピンです。 記事をご覧いただきありがとうございます。 チャンピオンズシーズン４で使用した鋼統一の紹介です。 【使用構築】 【シーズン結果】 最終チャンピオン級に残れたのですごくうれしいです。 【個体解説】 調整 CS32 残りD 起点枠１　基本的に初手に置く。襷を持っているため安心してあくびをしたりステロを撒けるポケモン。あくびがあるため相手の２枠目を確認しながら倒すorステロを撒くを選べるのが優秀なところ。耐久ブリジュラスに確実に上からあくびを入れるようにSに32振っている。鋼統一に出てきやすい初手のガブリアスやカバルドンに強いのが優秀すぎる。激流にしてるため火力もあり襷を盾に対面でも強く、起点づくりだけではなくアタッカーとしても強い。 調整 CS32 起点枠２　エンペルトが出せないときの起点枠。頑丈を盾にステロを撒き、岩石でS操作、てっていこうせんで起点回避できるポケモン。頑丈CSのため２回以上行動できることが少なく技外しが致命傷になるので個人的には持ち物は広角レンズ以外はありえないと思う。 調整 H　残り A　＋４ブレバで補正ありHB32ガブリアスを確定１ S　最速ガブリアス抜き抜き エース枠　圧倒的エース　身代わりがあることによりドラテガブリアス（メガ前身代わりが２回耐える）、ラス１で身代わりしてカバを起点に全抜きできる　物理ポケモンにはメガシンカせずに剣舞して砕ける鎧でS2段階上げてそのまま全抜きする場面も少なくなかった。地震に後出しもできるので活躍の幅は広い。 調整 A　残り B　威嚇込みA200ガブの地震＋鮫肌１回確定耐え S　アマガ抜き抜き抜き エース枠２　エアームドが出せないときに出すメガ枠。最低限の耐久を確保して剣舞ふいとじゃれつくの火力は癖になる。ただ地面無効枠のムドーを出す機会が多く、選出率は低め 調整 A　余り B　A200ガブリアスの地震確定耐え S　アマガ抜き抜き抜き 対面枠　耐久があり剣舞からの先制技で縛ったりポルターガイストの火力は高い。おふだをもってるため剣舞しなくても火力が保証されていて格闘無効なので後出しもできる優秀なポケモン。ステロがある状態ならおふだかげうちでメガマフォクシーを倒せるのでそんなに苦戦したことはない。クチートとSを同じにすることでお互いのふいうちとかげうちを選択しなくていい場面がわかるのがいい。 調整 A　１１ｎ B　A227メガギャラドス＋１地震確定耐え S　同速意識の2振り スイーパー兼圧倒的エース枠。総大将と黒い眼鏡のおかげで火力がたまらない。剣舞したら半減だろうが耐久ないポケモンならなぎ倒す安心感。火力があるからこそ相手は殴ってきやすいのでメタバが刺さる場面が多く、鋼統一できついメガカイリューやサザンドラを楽に処理できることがよかった。一番のお気に入りポケモン 【選出】 基本選出と立ち回り 「エンペルトorブリジュラス」＋エアームド＋「ドドゲザンorギルガルド」 カバカイリューガルドの場合はドドゲザン ガブマフォクシーの場合はギルガルド この選出が一番多い。炎タイプのポケモンがいない場合はステロは無理に打たなくてもよく、あくびで相手の選出を確認する方が大事。倒してしまうときついポケモンが出てきたりするので、起点作りは相手を倒すのでなく削って裏のポケモンの圏内に入れるか起点にできるポケモンをエンペルトの場合はあくびで誘い出すことを意識する。 ブラッキーがいる場合はエアームドの枠をクチートにする。 （重いポケモンと構築） バシャーモ・ミミロップ 明確な対策がない。初手に来てくれるなら問題ないがステロを撒かれた状態なら択が発生するので撒かれないように立ち回るかエアームドの身代わりの択を通す必要がある。 バナブラッキー軸 これに関してはくるくるされてるだけでしんどい。ギルガルドに格闘技がないため、タイミングをみてクチートで剣舞して削っていくしかない。 ピクシー 来ないでくれ　君は鋼技抜群だよ？と言いたいがエース枠が鋼技を採用してないため積まれるとほぼ負けが決まる 【最後に】 読んでくださりありがとうございました 鋼統一は楽しいので使ってみたいと思っていただけたら嬉しいです。 mukku__0402 2026-08-05 21:58 読者になる 広告を非表示にする もっと読む コメントを書く ノーマル統一レート（最高2433最終2314) » プロフィール id:mukku__0402 読者です 読者をやめる 読者になる 読者になる このブログについて 検索 リンク はてなブログ ブログをはじめる 週刊はてなブログ はてなブログPro 最新記事 鋼統一最終１３２位（レート２４１１） ノーマル統一レート（最高2433最終2314) ノーマル統一　最終238位　レート2007 ノーマル統一　最終199位　レート2058 月別アーカイブ ▼ ▶ 2026 2026 / 8 2026 / 5 ▼ ▶ 2024 2024 / 11 2024 / 3 はてなブログをはじめよう！ mukku__0402さんは、はてなブログを使っています。あなたもはてなブログをはじめてみませんか？ はてなブログをはじめる（無料） はてなブログとは mukku__0402のブログ Powered by Hatena Blog | ブログを報告する 引用をストックしました ストック一覧を見る 閉じる 引用するにはまずログインしてください ログイン 閉じる 引用をストックできませんでした。再度お試しください 閉じる 限定公開記事のため引用できません。 読者です 読者をやめる 読者になる 読者になる
M-4,【最終134位・3期連続チャンピオン級達成！】シーズン4最終日のゴウカザル×エルフーン×メガメタグロス軸の試合をお届けします！【ポケモンチャンピオンズ】【レンタルあり】,https://www.youtube.com/watch?v=0khdBL6MNa0,【最終134位・3期連続チャンピオン級達成！】シーズン4最終日のゴウカザル×エルフーン×メガメタグロス軸の試合をお届けします！【ポケモンチャンピオンズ】【レンタルあり】 - YouTube About Press Copyright Contact us Creators Advertise Developers Terms Privacy Policy & Safety How YouTube works Test new features NFL Sunday Ticket © 2026 Google LLC
M-4,【M-4 シングル】マフォブラッキーサイクル【最終135位】,https://pokesol.app/u/yo0101/articles/dfed771d88bb1f70,【M-4 シングル】マフォブラッキーサイクル【最終135位】 ログイン ポケノート 注目記事 記事検索 ツール ダメージ計算(準備中) チーム管理 Pokémon Soldier X YouTube Twitch GitHub サポート お問い合わせ 条項 利用規約 プライバシーポリシー 免責事項 0 Y Yo 目次 ページトップへ 【M-4 シングル】マフォブラッキーサイクル【最終135位】 構築記事 シングル M-B M-4 ブラッキー メガマフォクシー メガフシギバナ チャンピオン級 2026年8月10日 に公開 【はじめに】 初めまして、よう と申します。 最終チャンピオン級になれたので、初めて構築記事を書こうと思います。 文章構成やまとめ方など、拙い部分もあるかと思いますが、是非最後まで読んでいただけますと嬉しいです。 【使用構築】 【最終結果】 順位: 135位 最終レート: 2410.649 勝率: 158勝88敗(64.2%) 【コンセプト】 ・基本選出に命中不安定技を極力避けて、再現性を担保する。 ・「まもる」を強く使う。 ・練度で相手から見えない勝ち筋を作る。 【構築経緯】 ポケモンの中でブラッキーが一番好きなので、相棒枠としてブラッキーから構築を組み始めました。 ブラッキーは、対面を流す性能が高いため、「ステルスロック」や「どくびし」を組み合わせることで、強みを最大限生かせると感じ、設置物撒き役を2体目に考えました。 上記枠として、いろいろなポケモンを試しましたが、どちらの設置物も撒くことができること、初手カバルドン性能の高さから「きあいのタスキ」キラフロルが設置物撒き役として頭1つ抜けていると感じ、2体目として採用しました。 ブラッキーキラフロルでは、鉄壁持ちのアーマーガアやメガメタグロス、ドヒドイデ等の耐久の高い毒、鋼タイプのポケモンに崩されてしまうので、そこに一致弱点を突くことができ、かつ上の2匹で足りない素早さを補う枠として、メガマフォクシーを3体目(メガ枠①)として採用しました。 ここまででメガギャラドス、ミミッキュ、アシレーヌが重く、基本選出では後投げが安定しないため、第2のメガ枠として、これらに強く出れるメガフシギバナを4体目(メガ枠②)として採用しました。 メガフシギバナはブラッキーとの相性補完も良く、相手の毒菱展開の回答になれた点も評価しました。 上記4体を基本選出とし、残り2体の補完枠を考えることにしました。 まず補完枠1体目として、キラフロルは受動的にどくびしを撒くポケモンなので、相手の行動に依存しやすいデメリットがありました。 なのでどくびしを能動的に撒けるかつ、相手目線選択肢が多く、全対応が難しそうなマスカーニャを5体目として採用しました。 最後に補完枠2体目として、ここまでで電気の一貫が切れておらず、メガライチュウYに対する対抗枠が一体もいなかったため、電気の一貫を切ることができるかつ、第2の設置物撒き役として耐久振りガブリアスを6体目として採用し、構築が完成しました。 【個体紹介】 H：最大 B：11n D：余り 相棒枠。選出率はほぼ100％(選出しなかったのは片手で数えるくらい) 特に調整意図はないですが、ありとあらゆる等倍技に後投げして、クッション役としてパーティーを支えてくれました。 特性はシンクロにするとハラバリーやどくどくブラッキーに強くなりますが、それらはどくびしさえ撒ければ問題ないと判断し、せいしんりょくで採用しました。せいしんりょくは、ドドゲザンのアイアンヘッドやメガカイリューのエアスラッシュ等で怯まないのも偉いです。 技構成もオーソドックスな4つですが、どくびしが通らない鋼や浮いているポケモンを流せるよう、どくどくではなくあくびを採用しています。 このポケモンを使う上で、大事なことですが、ブラッキーの一番強い技は「 ねがいごと 」です。 一番裏目になることは少ないので、技選択に困ったらねがいごとを選択してください。(比較的即負けにつながりにくい)。 逆にあくびやまもるは目の前のポケモンを流さないと試合が進まない状況や、勝ち筋が見えた時以外はほとんど打たないようにしましょう。 また、1つのテクニックですが、あくび→ねがいごとを打って相手が居座って眠りになった場合、任意のポケモンを回復することができるので、裏のポケモンを回復したい場合は使ってみてください。 今期はそんなにブラッキーの数が多くなかった分、ブラッキー包囲網はそこまできつくなかったのも大きいと思います。 プレイングや構築で対策を乗り越えられる最高のポケモンだと感じており、使ったことがない人は是非1度使ってみてください。 H-B：補正なしA32メガミミロップの猫＋とびひざげりを96.8%耐え(インファイトは確定耐え) H-D：補正なしC0振りブリジュラスのラスターカノン＋ステロを、87.5%耐え C：11n(臆病C32振りと同じ数値) S：最大(準速) 先発で選出し、ブラッキー＋メガ枠のサイクルサポートしてもらう縁の下の力持ち。 よく初手で対面するメガミミロップやブリジュラスに対して、1度は居座れるように耐久調整をしています。 技構成は、起点回避兼地面打点のマッドショット、カバルドンや水ロトムへの打点のエナジーボール、サイクルに負荷をかけるステルスロックまでは確定で、残り1枠が選択。サザンドラが多い日はマジカルシャイン、ニンフィアやピクシーなどのフェアリーが多い場合は、受けてきたポケモンへの追加効果の期待も込みでヘドロばくだんを使用していました。 このポケモンを使う上での重要なことが、2つあります。 ①「設置物を撒く」よりも「目の前に通る技を打つ」 脳死でステロを撒かず、数的有利をとることを意識していました。 特にガブリアス対面。相手の方が判別できていない場合は、基本マッドショットを選択してください。きあいのタスキ もしくは、ラムのみ持ちだった場合、1ターン目剣の舞→2ターン目スケイルショットでパーティが半壊します。 (仮にスカーフだった場合でも、マッドショットでSを1段階下げておけば、裏のマフォクシーで好きな技を1回打てる権利をもらえる) ②「HP1」だとしても、雑に切らない 特に初手特殊ポケモンと対面した際に意識していました。 アーマーガア＋アシレーヌのようなマフォクシーを出さないといけないけど、マフォクシーブラッキーで重いアシレーヌが、裏にいる可能性がある場合、どくびしを撒いておかないと負けます。 その場合、後述の能動的にどくびしを撒くもしくは、相手の物理攻撃枠のポケモンに後投げして、どくげしょうを発動させてもらう必要があるので、初手対面特殊タイプと対面した場合は1度打ち合った後、その後どくびしを撒く必要があるのかどうかを判断して、雑に切らないよう、心がけていました。 意外と覚えることが多かったポケモンですが、このポケモンが設置物をしっかり撒けたときの勝率はかなり高かったため、一番慎重に使用していたポケモンだったかもしれません。 基本選出の中で唯一、命中不安定技持ち(マッドショットの95)ですが、シーズンを通して、ほとんど外しもなく、外しても致命的なところで外さなかったため、よく頑張ってくれました。 H-B：ステルスロック＋補正ありA32珠ミミッキュのかげうち確定耐え H-D：補正なしC32振りメガゲンガーのシャドーボールを確定耐え C：11n(ここまで振ると、H32メガメタグロスをステルスロック込み93.8％で落とせる) S：準速130族抜き メガ枠1体目。 最低限受けたい耐久を振り、メガメタグロスを一撃で倒せるよう、最低限ほしい素早さを担保しながら、火力に多く割く調整としました。 技構成は、命中安定技の炎、エスパー打点として、かえんほうしゃ、サイコキネシスを採用しました。(サイコショックとは選択ですが、ASガブリアスの後出しを2回許さないサイコキネシスを優先) 炎、エスパー打点までは確定で、残り2つの技に関しては、スカーフ持ちのマスカーニャ、サザンドラとの不毛な技選択を避けるため＋毒の定数ダメージを稼ぐまもると、まもった後の積み技等の変化技を咎めるアンコールを採用しました。 この2つの技が非常に偉く、まもるでスカーフ持ちの代表的な悪タイプのとんぼ返りを見てから、居座って好きな技を打ったり、相手のふいうちや積み技をアンコールで縛ったり詰めの部分を担ってくれていました。 また、まもるやアンコールを見せた後の2回目のドドゲザンや、クチートとの対面は相手目線まもるが安定なので、強気にかえんほうしゃを打ったり、(今期は100％通りました)いい方向での択の読み合いができたように感じました。 先制技を打たれやすいポケモンなので、体力管理が非常に重要で、ブラッキーのねがいごとをどちらの回復に使うのか、は毎試合考えながら運用する必要はありますが、パーティのエースとして遺憾なく、数多の鋼、毒ポケモンを倒してくれました。 H：最大 B：11n D：余り メガギャラドス、ミミッキュ、アシレーヌに加え、数は減りましたが、雨パなどにも選出していたメガ枠2体目。 基本的に1回舞ったメガギャラドスや、ミミッキュに後投げすることになるので、HBベースの調整としました。 技構成は、鋼に打点を持つためのだいちのちから、どくびしと合わせて耐久するためのやどりぎのタネ、こうごうせいまでは確定で、残り1枠は、草技or毒技を環境に変えて使用していました。 最終日はメガギャラドスへの遂行速度を上げるため、ギガドレインを採用しました。 (ニンフィアの数も多かったので、ヘドロウェーブやヘドロばくだんも捨てがたかったです) このパーティのメガ枠はどちらも、メガスターミーに一致弱点を取られるため、よく選出されますが、このポケモンに関しては不利な顔をしているようで、ブラッキーと選出することで、相手にエスパー技を打たせないようにできる、かつステルスロックorどくびしが撒けていれば、1度水技の択を合わせればそのままスターミーを落とせるので、意外と何とかなっていました。(むしろ毎回相手は技の択を合わせないといけないからむしろこっちが有利なんじゃないかと思っていました) アーマーガアやハッサム、カイリューが終盤多く、あまり出番は多くなかったですが、出せた試合の制圧力は素晴らしかったです。 ※ごく稀に、マフォクシーを選出しないといけないけど、どうしてもミミッキュやアシレーヌを受けるために2メガ選出をしたこともありましたが、全て負けたので、この構築において2メガ選出は非推奨です。 A：最大 BD：余り S：最速 能動的にどくびしを撒く要因として採用した補完枠① 特に調整意図がなかったため、最速ASの調整としました。 持ち物に関しては、できればきあいのタスキを持たせたかったですが、既にキラフロルに渡してしまっていたため、Aに補正をかけていない分の火力を補うため、いのちのたまを採用しました。 どくびしを能動的に撒くためだけに採用したため、技構成は、コンセプトのどくびしは確定で、残り3枠の技は選択になります。 本構築では、交代してくるマスカーニャ受けポケモンの持ち物を奪うはたき落とす、低速ポケモンの変化技を許さないちょうはつ、一致技のトリックフラワーの3つとしました。 絶対にどくびしを撒かないといけない場合や、キラフロル先発を警戒した水ポケモン(ゲッコウガ、ミロカロス、水ロトム等)を読んで先発で出していきます。 スカーフ1点読みのプレイをする人がかなり多く、それだけでeasy winできる試合も少なくなかったです。 ただし、耐久がなさ過ぎて、どくびしを1回撒いて退場する場合も多く、調整内容を変えるか、別のポケモンが良かったのかもしれないです。諸説枠。 H：最大 B：余り D：11n 補正ありC32メガライチュウYのきあいだまをオボン込み3耐え(きあいだま＋みわくのボイスをオボンなし確定耐え) 補正なしC32ブリジュラスのりゅうせいぐん最高切り耐え S：最速60族抜き メガライチュウYの受けるために採用した補完枠②。 メガライチュウYを後出しで受けれるよう、HDベースの調整としました。 技構成は、一般的な耐久ガブリアスと同じく、一致技のじしんと、相手ポケモンを流すことができるドラゴンテール、設置物のまきびしとステルスロックの4つで採用しました。 ここまでDに厚く振ることで、ほとんどのブリジュラスにも1回突っ張れたり、キラフロル対面で、全ての設置物を撒ける(ステルスロック1回、まきびし3回)くらいには特殊方面に信頼感がありました。 基本選出と苦手なポケモン(アシレーヌ、ミミッキュ)が被っているので、かなり選出は控えめでしたが、ライチュウY入りには、しっかり活躍をしてくれたので、補完枠としてはしっかり目的は果たしてくれたのではないかと思います。 【選出パターン】 ・キラフロル+ブラッキー+メガマフォクシー 基本選出①。 一番パワーが出る選出で、7割はこの選出。基本的にキラフロル先発。 ステルスロック＋どくびしをまきつつ、ブラッキーとマフォクシーで受けまわします。 ・キラフロル+ブラッキー+メガフシギバナ 基本選出②。 メガギャラドス、ミミッキュ、アシレーヌや雨パを見た際に選出。基本的にキラフロル先発。 ただし、アーマーガアやハッサム等、マフォクシーがいないとどうしようもない場合は、基本選出①を推奨します。 (その場合は、どくびしを撒くのがMUSTのため、キラフロルを丁寧に扱う必要あり) ・マスカーニャ＋ブラッキー＋メガ枠 能動的にどくびしを撒く必要がある場合に選出。 (例：ハラバリー＋アーマーガア＋スターミー でハラバリー初手の場合、キラフロルがどくびしを撒けない) 基本的にマスカーニャ先発。 ・ガブリアス＋＠２ ライチュウ入りに選出。 ライチュウと対面するまでに体力を削られるのを避けるため、ガブリアスは後発で出すように心がけていました。 【重いポケモン(並び)】 ・初手枠＋どくびし回収枠(ゲンガー、キラフロル、オオニューラ等)＋ミミッキュ、アシレーヌ 後発からくる毒タイプ+ミミッキュ、アシレーヌが基本的にきついです。 特に初手枠がSに多く振ったメガガルーラの場合は致命的で、どくげしょうを撒いてキラフロルが退場してしまい、2vs3から試合がスタートしてしまうため、ほぼ負け濃厚になります。。 ・メガピクシー 積み技を持ったメガピクシーを流す手段がないため、単体できついです。 キラフロルでなんとかどくびしを撒く、もしくは初手で対面した場合にヘドロばくだんで毒追加を期待しながら、押し切るしかないです。。 【最後に】 最後まで読んでいただき、ありがとうございました。 この記事がどなたかの参考になれば、幸いです。 質問などありましたら（＠Yotto0101）まで気軽にご連絡ください。 ポスト Y Yo Y Yo ポケノート ツール サポート 記事一覧 チーム管理 お問い合わせ 記事検索 記事一覧 記事検索 チーム管理 お問い合わせ
M-4,【M-4 最終137位】剛健のブリジュラス展開 - 留王のおしごと！,https://maygirl-pokemon.hatenablog.com/entry/2026/08/05/222205,【M-4 最終137位】剛健のブリジュラス展開 - 留王のおしごと！ 留王のおしごと！ 読者になる 留王のおしごと！ 2026 - 08 - 05 【M-4 最終137位】剛健のブリジュラス展開 M-4お疲れ様でした。目標の2桁には届きませんでしたが、チャンピオン級に残ることができたので記事に残そうと思います。 結果 構築経緯 個体解説 ブリジュラス パルデアケンタロス(炎) メガスターミー メガフラエッテ ガブリアス マスカーニャ(淫夢) 選出 終わりに 結果 TN ヤブ 最終レート2409 最終137位 構築経緯 M-3から大好きなクチートを使っていましたが、全く勝てる気がしなかったため諦めて力持ちのメガスターミーとフェアリータイプのメガフラエッテに分離するところからスタート。真面目に話すとメガ枠は素早さが高い、火力が高い、使用率上位に隙を見せない、役割が被らないを条件にこの2体を選びました。 M-1でも使っていて使用感の良かった持久力ブリジュラスのステルスロック展開からメガシンカの高火力を押し付けて倒し切ることをコンセプトとしました。 メガ枠で倒し切れないポケモンやラス1ミミッキュ、環境に多かったメガギャラドスやメガメタグロスを一掃できるスカーフ枠として、威嚇やスターミーのクイックターンを絡めたサイクル戦も可能で環境のほとんどのメガ枠に有利が取れるパルデアケンタロス(炎)を採用しました。 序盤から数を増やしていたメガカイリュー+ギルガルドの並びに対して、フラエッテと合わせて崩しを行えるラム剣舞ガブリアスを採用しました。 最後にここまでで重いイダイトウに強く、一緒に組まれていることの多いミミッキュとも撃ち合えて汎用性を落とすことなく選出に組み込める襷マスカーニャを採用して構築が完成しました。 個体解説 ※順番は配置とは異なります ブリジュラス 調整意図 物理方面 A200ガブの地震オボン込みでほぼ2耐え(瀕死率6.25%) 特殊方面(目安) C244メガゲンガーのシャドーボールオボン込みほぼ2耐え(瀕死率0.3%) 構築の核となるステロ展開要員です。対面的に立ち回ることが多かったため、初手の襷ガブリアスに勝てるようなBに厚い耐久調整にして流星群も採用しています。キラフロルの毒化粧やアシレーヌが重く、流星群を採用する関係で対面操作技はドラゴンテールではなく吠えるとなっています。残りの技はラスターカノンやメタルバーストが候補でしたが、スターミーやフラエッテを通す上で重いゲンガーやギルガルド、メタグロス、イダイトウをメガ枠で縛れる圏内まで削ることを意識して悪の波動を採用しました。悪の波動採用によりギルガルドやメタグロスへ役割集中がかけられるようになり、メガ枠を通しやすくなったのはかなり重宝しました。 選出率が高く、行動回数が勝率に直結するポケモンのため、アシレーヌをはじめとするフェアリー勢や身代わり持ち、バトン系統にも安定する吠えるは精神衛生上とても良い技でした。 相も変わらず現環境屈指のイキスギポケモンでした。 パルデアケンタロス(炎) 調整　AS特化 火力目安 インファイト メガギャラドスを確1(与ダメ186〜222) 大体のメガライチュウを確1(与ダメ160〜190) 地震 無振りメガバシャーモをステロ込み確1 メガゲンガーに対して与ダメ136〜160 ワイルドボルト H202B121までギャラドスを確1 ステロ込みでH202ギャラドスを威嚇込み確1 H187アシレーヌをステロ、オボン回復込み確2 ジェネリックスカーフランドロスです(大嘘)。はじめはギャラドスにクイタン→メガシンカ誘発しインファイトで縛る動きが強いと思い採用しましたが、使ってみるとほとんどのメガ枠に打点があり、全抜き性能が非常に高いため選出率は1位でした。スターミーとは苦手なポケモンがお互いに補完できており、クイックターンや先制技、威嚇を絡めて対面の撃ち合いやサイクル戦を有利に動かせます。技構成は一貫が取れた時の制圧力の高いフレアドライブとインファイト、ギャラドスやアシレーヌ、イダイトウへの打点としてワイルドボルトまでは確定、ラストはマフォクシーやリザードン、ウルガモス意識のストーンエッジを終盤まで使用していましたが、全く選出されなかったため非接触技でかつ対バシャーモ性能を意識して地震を最終的に採用しました。似たような役割を持つスカーフマスカーニャよりも技の火力が高くて一貫を取りやすく、ブリジュラスで削りを入れることで環境のほとんどのメガ枠を縛ることができ、威嚇とそこそこの物理耐久で後投げ性能が高く先制技にも縛られにくい最高のポケモンです。選出率も1番高く、何度も不利盤面をひっくり返してくれた文句無しのMVPです。M-1の頃から強いと思って使っていましたが、なんで誰も使わないんだろうってくらい強いです。もっと使われていいポケモンだと思います。 メガスターミー 調整意図 鮫肌1回+A200ガブの逆鱗最高乱数以外耐え(瀕死率6.25%) アクアブレイク+アクアジェットでH185ガブリアスを2連最低乱数以外落とせる(瀕死率99.61%) アクアブレイクでB2振りカバルドンを81%の乱数で落とせる 最速メガルカリオ抜き 天敵のブリジュラスが減って序盤中盤爆増していたギルガルドも終盤にかけて落ち着き、最終盤はメタグロスやハッサムなどスターミーを選出しやすい鋼枠が増えていたので環境的には追い風だった気がします。ケンタロスと攻めの補完が取れており、ステロを撒いてスターミーとケンタロスでボコボコ殴ってるだけでグロス、ゲンガー、ギャラドス、ハッサム、ライチュウ、フラエッテ、マフォクシー等の環境上位の主要構築に高い勝率を保てたのが今期勝てた1番の要因だと思います。技に関してはアイススピナーを打ちたい相手がガブリアスくらいだったので、最低限ガブに勝てる調整を施し、アシレーヌやフシギバナを意識した思念を採用しました。サイコカッターとの選択ですが、自分は偉ぶる余裕も時間も無かったため当たる前提で上振れを狙える思念一択でした。 クチートを使った後にこのポケモンを使うと、命中安定の高火力や択を作らずに縛れる先制技、素早さ、対面操作、Bダウンや怯みなどの上振れ要素など瞬間火力以外の全てがクチートの上位互換のように思えてきて悲しくなりました。 メガフラエッテ 調整意図 特化メガバシャーモのフレアドライブ確定耐え 最速90族抜き抜き +1ムーンフォースで無振りギャラドス確1 スターミーケンタロスで崩せないカバルドン+ブリジュラスやカイリューガルドへの崩しが可能なポケモンの中でも単体性能が抜けて高く、ついでにカメックス対策も可能なポケモンとして採用しました。素早さラインが激戦区だったので90族抜き抜きにしましたがミラーで上を取られることも何度かあったためここは諸説です。ブリジュラスに悪の波動を採用することでギルガルドが簡単にフラエッテ圏内まで削れてくれたため、択になりがちなカイリューガルドに対しても一方通行で勝てる試合がそこそこありました。はじめてこのポケモンを使いましたが、特殊方面に関しては本当に禁伝レベルの強さがあると思いました。 ガブリアス AS特化 諸説枠です。カイリューガルドの崩しとして採用したものの、取り巻きのマスカーニャや裏メガのミミロップにしばかれたり、ミミッキュで簡単に止まってしまうため結局ブリジュラスとフラエッテでどうにかしていました。ハッサムが増えていたのでサブウェポンに炎の牙を採用し、こっちはかなり刺さりました。スコヴィラン入りもラムガブだけでは歯が立たなかったため立ち回り含め改善点は多いと反省が残りました。技に関してですが、いかさまダイスの無いスケイルショットの期待値が低過ぎて話にならなかったため、確実にカイリューを縛ることができ、フシギバナ、ブラッキーなどの受け構築への安定最高打点として逆鱗を採用しています。炎の牙の枠は鉄壁勢を剣舞後にドラテで流して受からなくするという戦術を友人から勧められて一時期使っていましたが、ハッサムがあまりに多かったため最終的にこの構成に落ち着きました。 マスカーニャ(淫夢) AS特化 イダイトウミミッキュに投げるほか、上の基本選出でまとまらないような困ったときの対面選出枠として採用しました。この枠は鈍いカビゴンなど試しましたが、汎用性に欠けて結局選出できないことが多々あったため、とりあえずで投げても何かしら活躍してくれそうな襷マスカーニャに落ち着きました。マスカーニャがスカーフに見えるせいか、ケンタロスのスカーフを警戒されることが少なく、迷彩として見えない活躍もしてくれていたかもしれないです。しかし挑発があっても結局アーマーガアなどが重いことには変わらなかったのでこの枠も諸説かと思います。 選出 ①ブリジュラス+ケンタロス+メガ 大体の並びにはこの選出でボコボコ殴っていきます。スターミー入りにはブリジュラスを裏から投げます。 ②ブリジュラス+ガブリアス+メガ ガルドやハッサム絡みで崩しが必要な時はガブリアスを投げます。 ③スターミー+ケンタロス@1 ルカリオ入りなどブリジュラスが出落ちする可能性が高い並びには対面的な立ち回りをします。 ④ブリジュラス+マスカーニャ@1 ミミッキュとイダイトウが並んでいたらこの2体でなんとかします。正直①の選出でどうにかなっちゃうこともありました。 終わりに M-1よりも構築がまとまって安定して勝てるような感覚があったため最終2桁を目標に最終日がんばりましたが、2400からどうしても上に上がることができず、仕事もあったため撤退せざるを得なかった悔しさは残りました。しかし昔と比べてプレイヤーのレベルが明らかに上がっている今作で2回目のチャンピオン級を取れたことは素直に嬉しく思います。ほとんど使用者のいなかったケンタロスを使って多少の爪痕を残せたのも満足です。どこかで2桁を目指したいという気持ちもありますが、ポケモンのやり過ぎで家庭の雰囲気が不穏になっていたためしばらくお休みしようと思います。 ここまで読んでいただきありがとうございました。またどこかのシーズンでお会いしましょう。 X @pokemon_yabu9 maygirl_pokemon 2026-08-05 22:22 読者になる 広告を非表示にする 関連記事 2026-05-14 【M-1 最高最終R2625 最終138位】 初めまして、ヤブと申します。しばらくポケモンからは離れてい… 2021-03-01 【S15最終2130-14位】紺碧のファランクス お久しぶりです。ヤブです。今となっては初めましての方が多そ… 2019-04-04 【s14最高2020】縦横無尽ゲンガー展開 s14お疲れ様でした。ヤブです。今期は期間が長かったため久し振… 2018-09-11 【s11中盤2000達成】脳ミソ溶解クモグロス【サブローカップ使用構築】 こんにちは('0')/ この中盤2000達成シリーズはs9のロップガルド… 2018-07-10 【s10最高最終2125】天衣無縫ラティクチレヒレ【最終16位】 s10お疲れ様でした。今期はデフレと言われていたシーズンでした… コメントを書く もっと読む « 自己紹介 【M-1 最高最終R2625 最終138位】 » プロフィール id:maygirl_pokemon 読者です 読者をやめる 読者になる 読者になる このブログについて 検索 リンク はてなブログ ブログをはじめる 週刊はてなブログ はてなブログPro 最新記事 自己紹介 【M-4 最終137位】剛健のブリジュラス展開 【M-1 最高最終R2625 最終138位】 8世代振り返り← 2021年ウマ娘総決算 月別アーカイブ ▼ ▶ 2039 2039 / 11 ▼ ▶ 2026 2026 / 8 2026 / 5 ▼ ▶ 2022 2022 / 11 ▼ ▶ 2021 2021 / 12 2021 / 8 2021 / 6 2021 / 3 ▼ ▶ 2020 2020 / 6 2020 / 1 ▼ ▶ 2019 2019 / 10 2019 / 7 2019 / 6 2019 / 4 2019 / 3 ▼ ▶ 2018 2018 / 11 2018 / 9 2018 / 7 2018 / 5 2018 / 3 2018 / 2 2018 / 1 ▼ ▶ 2017 2017 / 11 2017 / 9 2017 / 7 2017 / 5 2017 / 3 2017 / 1 ▼ ▶ 2016 2016 / 9 はてなブログをはじめよう！ maygirl_pokemonさんは、はてなブログを使っています。あなたもはてなブログをはじめてみませんか？ はてなブログをはじめる（無料） はてなブログとは 留王のおしごと！ Powered by Hatena Blog | ブログを報告する 引用をストックしました ストック一覧を見る 閉じる 引用するにはまずログインしてください ログイン 閉じる 引用をストックできませんでした。再度お試しください 閉じる 限定公開記事のため引用できません。 読者です 読者をやめる 読者になる 読者になる
M-4,【M-4 最終138位/レート2409】スコ顔面圧ウツボカメ対面構築,https://pokesol.app/u/fujimaru_pokemon/articles/efdb238027903db9,【M-4 最終138位/レート2409】スコ顔面圧ウツボカメ対面構築 ログイン ポケノート 注目記事 記事検索 ツール ダメージ計算(準備中) チーム管理 Pokémon Soldier X YouTube Twitch GitHub サポート お問い合わせ 条項 利用規約 プライバシーポリシー 免責事項 0 フ フジマル 目次 ページトップへ 【M-4 最終138位/レート2409】スコ顔面圧ウツボカメ対面構築 構築記事 シングル M-B M-4 メガウツボット メガカメックス メガスコヴィラン ミミッキュ 対面構築 2026年8月5日 に公開 【初めに】 こんにちは、フジマルと申します。 M-4にて138位でチャンピオン級フィニッシュを決めることができましたので、構築記事を執筆いたします。 Twitterでも少し話題が上がっていた3メガ対面構築の改良版となっています。もし宜しければ読んでいただき少しでも参考になれば幸いです。 【構築経緯】 新たになにか構築を触りたいなといくつか触っていたのですが、そんな中で迷央マヒルさん(@TngSkr_mhr04)の構築が面白そうだと思い使ってみることに。(掲載許可取得済み) 使ってみると、メガ枠のウツボットとカメックスの初手対面性能、一般枠のミミッキュイダイトウドドゲザンの安定感が凄まじく戦いやすかったのでこの構築を握っていこうと決定。 ある程度回していると、メガ枠であるバシャーモを自分はほとんど出せない事が気になり、ならもっと圧のあるポケモンでも良かったりするか？と最強の顔面圧を持つメガ枠としてスコヴィランを採用してみることに。 すると相手の物理メガ枠の被選出率があからさまに減り、カメックスのミラーコートで返せたりウツボットをうっかりやにすることで相手の特殊枠に一撃でやられやすくなったりと恩恵を感じ、元の構築の5匹が様々な相手に戦えることは分かっていたため、このメンツで戦っていくことに。 マヒルさん含めポケ勢の方々とギャンギャンに会話しながら他のポケモンたちの調整も少し変えていき、構築が完成し無事走りきることができました。 【単体紹介】 H：飛び出す中身を最大限活かすためブッパ C：特化 A：不意打ちのリーチを少しでも伸ばすため余り 対面の鬼。一撃で倒すと突然187の固定ダメージを与え、倒さないとC実数値205で殴ってくる怪物。飛び出す中身、襷も貫通するの強すぎる。(使い始めて初めて知りました) メガウツボットの型としては自分が使っていた押せ押せ型以外にもアンコールや毒菱を採用した耐久型も多く、そちらの幻影を見た相手は対面挑発を打ってきたり殴りを赦してくれることも少なくなかったです。 リザだったりがメガを切らずにエアスラを打ってくることも多々ありましたが、こちらが火力のある型なので怯みさえしなければヘド爆で6割程度与え、不意打ちも当てればそのままこちらがやられて中身が飛び出して対面突破できたりと火力が功を奏する場面が本当に多かったです。倒さないように調整してくる相手にちゃんと火力が出せて対面突破が狙えるのはこの型の明確な強みだと思います。 不意打ちもかなり偉く、上記の通り最後の削りで相手のダメージ調整を崩し飛び出す中身圏内に入れて1:1交換もよくやりました。 性格については元構築では冷静でしたがうっかりやに変更しました。スコ圧による特殊ポケモンの誘導により特防下降補正が活きる場面もそこそこありました。(非メガマフォクシーの火炎放射で倒されたり)ただし、特防下降補正があろうがなかろうが倒されないダメージの場合は飛び出す中身のダメージが少し減ってしまうので、一長一短な部分はあると思います。 また、最終日付近でようやく試せたのですが2体目に出すというのもかなり強く、相手の取れる選択肢が狭い状況だと飛び出す中身がより強い圧になっていて、1:1交換以上を取りやすくこれに気付けたのも大きかったです。 まじまじと見ると奇抜なビジュをしてますが、こうも活躍してくれると愛着もめちゃくちゃ湧きました。可愛すぎるよメガウツボット。 使用率はM-4時点で91位とそこまで高くないですが、良い意味で使用率に見合わないパワーを感じさせてくれました。命を賭してでも相手を倒すその姿は正に益荒男。 H：多くの攻撃を耐える必要があるためブッパ C：火力も欲しいため特化 B：余り 対面の鬼Part2。こちらは元構築通りですがウツボット同様初手の安定感が凄まじく、最終的にはウツボットとトントンくらいのメガ選出率でした。 メガランチャーによる火力も偉いですが、何よりミラーコートが優秀でした。 全く読まれないわけではないですが、スコ圧で特殊ポケモンを呼び数多の特殊技を跳ね返し対面を突破、アクジェで襷をケアしてと最高の仕事をしまくってくれました。特にウツボットで厳しいメガカイリューやブリジュラス、サーフゴー、ドラパルトなどに強くシナジーも良きです。(HDお盆ブリジュラスのミラコだけは厳しい) シンプルに耐久が高く、A特化ガブの地震が3.1%の乱数3発だったり6割程度体力が残っていれば裏から出てきたメガカイリューの10万を耐えてミラコで返せたりと硬すぎて笑う局面が多々ありました。ウツボットは耐えない事が仕事(耐えても仕事はできる)ですが、こっちは耐えることが仕事で面白かったです。 メインウェポンの水技を切って範囲を広げるために悪の波動・波動弾にしていますが、水の波動がない事で困る場面は思っていたより少なかったです。強いて挙げれば悪の波動と水の波動が選択だとは思いますが、ウツボットで戦いにくいドラパなどのゴーストポケモンたちに打点が乏しくなるため、個人的には悪の波動がいいかなと思います。 火力としては、悪の波動や波動弾で無振りガブは超高乱数2発なのでタイプ不一致でもメガランチャーのお陰で結構火力が出ます。悪格闘のウェポンとアクアジェットを持っているため、ウーラオスか？となってました。ウチのメガカメックスは悪ラオスと水ラオス両方の性質を併せ持つ♣️ 「いやそれ耐えてくれんの！？」が多発し、いい意味で予想を裏切ってくれる最強の🐢でした。 HD：C2振りハラバリーのでんきにかえる発動ボルトチェンジを身代わりが最高乱数切り耐え(無振りハラバリー用の調整にした方がいいと思います) B：余り 顔面圧の鬼。相手の選出を絞る枠。実際、炎タイプ以外の物理メガ枠がゼロではないとはいえほとんど出てこなくなり、ウツボカメをめちゃくちゃ通しやすかったです。メガスターミーに関しては出てきた記憶がほぼないです。(構築全員がメガスターミーに対して強くなった) しかし、他5体で相当の相手と戦えるとはいえ一切出さない枠にするのはいくらなんでも勿体なさすぎるため、最初は一応対面として戦えそうなHCオバヒリフスト型にしてましたが、構築的に重い部分のガンメタ枠として最終的に採用していました。 ブリガロンやヤドランが組み込まれたガッチガチの受けパが厳しく、ドドゲザンのギロチン頼りの部分があったため、相手の受けポケモンをロックし疲弊させる型を採用。厳しいパーティに対して最悪引き分けを狙えるHS食べ残しのムラっけ型も考えましたが、メガで採用することで強制やけどにより裏で対応しやすくなるようにできたり、そもそもムラっけ食べ残し採用だとそれに頼ろうとしすぎ選出がめちゃくちゃになってしまうようなケースが怖かったため今回の型にしました。(起点作成が構築にいる訳でもないため、下振れも怖い) このメガスコヴィランを採用してから200戦くらいはしたと思いますが、そもそも受けパにほとんど当たらずでした。しかし、一度だけ受けパに当たり出してみたところ、初手ドヒドイデの毒々を身代わりで躱して炎の渦でロック、トーチカが無い型だったので宿り木と怒りの前歯で最終的に突破して降参を頂き完封しました。スコ、すご… 本当にガチガチの受けパに当たらず全然出してあげれてないのでその真価を僕自身把握しきれてはいませんが、相手視点毎ターン体力半分になりつつターン終了時に渦と宿り木による3/16の定数ダメ+交代不可は相当嫌だったと思います。NNが「ほんとすこ」なんですが、ほんとすこな割に出せてなさすぎる。ビジュはほんとすこ。 また、受けパはそう当たらないと割り切り最終日は構築で重めだった攻め意識さんの例の構築やブリニンフギャラに対応するためにcsベースの草分けオバヒリフスト型で採用してましたが結局どっちも当たらず出さずにM-4が終わってしまいました。ごめん、スコ… 最強クラスの選出誘導+ガンメタ枠としては本当に優秀であり、選出率こそ圧倒的に低いとはいえこの構築に無くてはならない存在だったと思います。ありがとう、ほんとすこだ…w AS：ブッパ HB：余り 一般ポケモン枠、対面の鬼Part3。 元構築と違い性格補正を陽気にしていますが、理由としてはどの技を打つにしても可能な限り上を取りたいためです。具体的には、準速メガカイリューや準速ガブ、最速ビビヨン、ミミッキュなどの様々なポケモンの上を取れるようなり、恩恵を感じる場面が多かったです。ただし稀に相手を殴った時にミリ残しが起きたりもしたので、好みの範囲ではあると思います。性格補正ってかなり大きい。 珠じゃれ影+呪い守るによる対面破壊性能が突き抜けており、(理論値であれば)突破可能なポケモンが多すぎるため重宝しました。皮を盾に呪いを打ち守る、この時点で50%相手のポケモンが削れるため影を打てば呪い込で倒せたり、倒せなくても相手は虫の息のため裏のポケモンの先制技で縛れたりと、対面の相手を倒しきれなくても実質的な1:1交換まで持っていけるのがめちゃくちゃ強かったです。 元構築の記事にも書かれてはいますが、呪い守るのお陰で壁やバトン、天候パにも強く対面枠として採用しながら展開・ギミックにも強くなれる点も優秀でした。 また、基本2手目に出すのが定石ですが、最終日付近から構築単位で厳しい相手に対して初手に出すことで、最低限出し負けを回避するという選出方法を覚え、これが出来るようになってから対応範囲がさらに広がりました。呪いを打ち守るのタイミングで引かれると当然嫌ではありますが、引かれないことも多かったです。構築を知らない場合守るが見えにくいんだと思います。 皮による対面性能はいつの時代も健在で、これから先でもまだまだやっていけるポテンシャルを感じました。これからも色んな構築でお世話になると思います。 A：特化 HD：特化サザンドラの悪の波動を高乱数耐え HB：メガメタグロスの特化かみなりパンチ確定耐えライン S：2振りブリジュラス抜き抜き 一般ポケモン枠、サイクルの破壊者。 元構築とはかなり変更を加えており、AS御札から耐久調整雫型に変更しております。(マヒルさん案) 雫にする事でこちらのパーティの瀕死事情に関わらず火力を安定して出せるようになり、御札で採用していた頃と比べ選出率がうなぎ登りでした。火力としてはHB特化カバが高乱数1発、受け出し無振りマスカーニャをウェブタ+アクジェで高乱数1発と今書いていてもおかしいやろと思うほどのパワーが出ます。ただし、2体瀕死時のお墓参りの方が雫ウェブタより火力は出るのでそこは注意しましょう。どうなってんだよ。 イダイトウも2体目に出すことが多く、ミミッキュが出しにくいカバ・ハッサム・ラウドボーン・ルカリオ・ドリュウズや他に中低速サイクルパあたりを見かけた場合出していました。 後述のドドゲザンと合わせることで状況によってはサイクルも可能ということもあり、出す時はドドゲザンとのセットが多かったです。 自分はあまりできなかったのですが、雫のお陰でいつでも火力が出せて打ち分けもできるということで刺さっている構築には初手選出も視野に入ると思われます。(実際に元構築のマヒルさんはされていた模様) 他のメンツと比べると対面性能は少しだけ劣りますが、その分超火力によるサイクル破壊性能を持っており、他メンツとは違った強さを持った最強の魚でした。このイトウ、偉大すぎる。 H：メタルバーストの都合上Sには振りたくなく、行動回数を増やすためブッパ A：特化 B：余り 一般ポケモン枠、対面の鬼Part4。 元構築とは違い勇敢から意地っ張りに変更しており、理由は勇敢でなくとも元のS種族値的に大抵のポケモンに上を取られるのでメタバを使えなくなってしまうという局面が少なく、カバルドンにメタバを当てても倒しきれず怠けるをされるだけなのでせめてラスイチ対面になった時に上から動いて2回ギロチンチャンスを獲得するためです。(当然そんな事にならないよう、基本他メンツを絡めて戦うべきではあります。あくまで最終手段) 珠意地っ張りミミッキュのじゃれつくを確定で2発耐えるなど襷こそ持っているとはいえ耐久の高さも凄まじく、襷が潰れていても問題ないケースも少なくなかったです。(ステロを踏んでも、意地っ張り特化ガブの地震を確定で耐える) 元構築の知名度が上がって読まれてしまったのか、まず襷潰しとして小突かれる事が後期は増えましたが、それを差し引いても総大将を絡めたドゲザン不意打ちの縛り性能とメタバやギロチンによる逆転の択には持っていけるため、勝てる対面が多く本当に頼りになる大将でした。 【基本選出】 ・メガウツボットorメガカメックス+ミミッキュorイダイトウ+ドドゲザン これが一番多い選出でした。メガ枠については上記の通りカイリューやブリが入ればカメックス優先です。ただし、他のポケモン込でカメックスを出しにくいというケースもあるため、最終的には臨機応変にはなってしまいます。 ・ミミッキュ+メガウツボットorメガカメックス+ドドゲザン 特に最終日近くにやり始めた選出です。構築単位でどちらのメガ枠も初手に出せない状況、または裏にメガ枠を置きたい時に出し負けがほとんど存在しないミミッキュを初手に出していました。 例：後半流行っていたニンフギャラには、ウツボットを合わせたいなど ・メガスコヴィラン+ドドゲザン+イダイトウ ガッチガチの受けパ専用選出で、1度しかできていない激レア選出となっています。 メガスコヴィランで一体持っていくか全体を疲弊させ、イダイトウの超火力やドドゲザンのギロチンで決めにいく想定です。ただし、せっかくの機会の時にはメガスコヴィラン1匹で降参されてしまったためまだ諸説しかない。 これら以外の組み合わせも状況によっては選出していました。 【重いポケモン】 ・アーマーガア 体感数を減らしてはいましたがおっっっもい。処理ルートはドドゲザンのメタバやサイクル下でのイダイトウのウェブタによる削りなど。スコヴィランも強くはありますが、相手の構築がガッチガチの受けパでないと出せないため基本的に厳しい。 ただし、スコの顔面圧のお陰か被選出率は3割程度の感覚でした。ほんと顔が強いな… ・ヒスイダイケンキ おっっっもい。物理ポケモンではありますが千重波により撒き菱を撒くのも仕事のためスコの顔面圧もあまり効かずほぼ100%選出されていました。また、メガ対面構築がバレているのか確定で後発で出されました。 後発を踏まえ処理ルートとしてはミミッキュやメガ枠裏置きになりますが、基本撒き菱を撒かれてしまうためドドゲザンが実質アイテム無しになり、相性の都合イダイトウは絶対に出せなくなったりと散々でした。 特に後半に数を増やしてはいましたが、何とか上記の処理ルートで頑張ってました。 ちなみに、体力が満タンのドドゲザンと対面した時はほぼ100%千重波から打たれました。きさま！元記事を見ているなッ！(ガン不利対面のため、ミミッキュなどへの交代読みも踏まえた動きかもしれない) マッチングも増えていた以上、上記理由からドドゲザンのドゲザン枠を蹴手繰りにして試してみるのもありだったかもしれません。 ・ウォッシュロトム、ヒートロトム 結構重い。構築に地面タイプがいないためほぼ100%選出されます。厳密に言うと、初手で1:1交換を決めた後に2手目に出てくると厳しいです。ミミッキュを選出してる時は呪いを押した時にとんボルチェンをされるのが嫌なんですが、ロトムは特に殴ってもダメージがそこまで通らず鬼火の択もあり、イダイトウを選出していてもボルチェンが痛かったりとかなり辛かったです。ロトムが残った場合ラスイチドドゲザン対面で鬼火を打たれるのも嫌なところ。 ボルチェンを押されるか鬼火を押されるか完全に択ではありますが、ここに勝てればひとまず試合を続けられます。 また、似た理由でハラバリーも少し重めではあります。(ボルチェンで回されまくると辛い) ・メガフシギバナ おっっっもい。勝つ手段としては、メガカメックスのミラコやドドゲザンのメタバ辺りですが対面時に宿り木から入られることも少なくなく、選出されると厳しかったです。 最終日に増えているとは聞いていましたが幸い僕は2度しか当たらず、うち1回は葉緑素アタッカーでもう一回はより刺さっているように見えたのであろうメガカイリューが選出されたりで助かっていました。(最終日は2時間ちょっとくらいしか潜っていないのもあり試行回数も少なかったのもある？) いざちゃんと選出されてかつミラコメタバケアの動きをされた場合はほぼ勝てないと言っても差し支えないんじゃないかなと思います。最終日、マッチングしまくってたら危なかったかも… 運だけマンか？ 【最後に】 1回きりで終わらず2回目のチャンピオン級フィニッシュという事で改めて感無量です！ 実は朝10時過ぎ時点ではレートが2427あり、負けても100位台は残れそうで勝てば最終2桁に乗れそうだったため1戦したのですが、ゴリゴリに運負けを引いてしまいました。悔し〜…！(お相手の選出の仕方もかなりこちらに刺さる出し方でめちゃくちゃ上手く、その運要素がなくても勝ててたかは五分五分だった)自分も運勝ちは何度もやってきたし致し方なし。 ただ、潜ったこと自体は後悔なく自分が2桁チャレンジをできているという事実が物凄く嬉しかったです。最終2桁もまたいずれチャレンジしたい…！ また、今期は最終日の1週間前辺りからチャンピオン級に到達でき、そこからボーダーが上昇してチャンピオン級から落ちる度にちょっと潜ってすぐ戻し…を繰り返し基本的にチャンピオン級ラインを維持できていたため、かなりストレスフリーで対戦ができたのも大きかったと思います。 改めて、構築を貸してくださった迷央マヒルさん、マヒルさん含めチャンピオンズ談義・相談・並走をギャンギャンにしてくださったポケ勢の方々、本当にありがとうございました！こんなに一緒に走りながら楽しんでポケモンができたのは初めてでした！ もし質問等ありましたら、XにてDMをいただけますと幸いです。 最後に、今期の迷央マヒルさんの記事のリンクを添付させていただきます。他に試した色んなポケモンについて記述されているので是非！ ここまで読んでいただきありがとうございました、次の目標は2桁や！ ポスト フ フジマル フ フジマル ポケノート ツール サポート 記事一覧 チーム管理 お問い合わせ 記事検索 記事一覧 記事検索 チーム管理 お問い合わせ
M-4,リザガブ対面,https://pokesol.app/u/glass_325/articles/a32380f806218ae3,リザガブ対面 ログイン ポケノート 注目記事 記事検索 ツール ダメージ計算(準備中) チーム管理 Pokémon Soldier X YouTube Twitch GitHub サポート お問い合わせ 条項 利用規約 プライバシーポリシー 免責事項 0 g glass_325 目次 ページトップへ リザガブ対面 構築記事 シングル M-B M-4 リザードン ガブリアス ミミッキュ 2026年8月7日 に公開 ころです。 あまり考えずに強いポケモンを詰め込んだ構築なので手短に 前期使ってそこそこ強かったので採用 コメットパンチ採用の理由は、バレットパンチと合わせてasガブリアスを縛るため バトン、コスパピクシー対策で採用。 うずしおを採用して、ほろびのうたの汎用性を高めた型。最低限どんな構築に対しても出していける汎用性がある。 サーフゴーにほろびが効かないのは注意。 普通の耐久振りミミッキュ スターミー、マフォクシー、asイダイトウを剣舞かげうちで縛ることができるのが、このポケモンの採用理由。 カバルドンアレルギー克服のために採用。 最速起きがストレスになるのであくびは不採用。 初手に選出してステロを撒くのが仕事。 鋼タイプ環境だったので軸として採用。 マフォクシーと違い、アシレーヌとミミッキュに対して対面有利なのが偉いポイント。 晴れ下の炎技で対面性能と崩しを両立している強いポケモン。 メガカイリューとギルガルドに対して対面有利なため、軸として採用。 積みに対するストッパーと崩し性能を両立しており、スケショをたくさん当てれば最強のポケモン。 最後に 読んでもらえば分かるように構築としての価値を高めることはできませんでしたが、自分の引き出しから強いポケモンを詰め込んだ構築なので、それぞれのポケモンには補完として採用されるだけの価値があると思います。気になったポケモンがいれば採用してみてください。 ポスト g glass_325 g glass_325 ポケノート ツール サポート 記事一覧 チーム管理 お問い合わせ 記事検索 記事一覧 記事検索 チーム管理 お問い合わせ
M-4,[シーズン4 シングル 2400達成] メガバシャーモ入り展開構築｜天利優,https://note.com/rosy_squid2276/n/n5adb7279e245,[シーズン4 シングル 2400達成] メガバシャーモ入り展開構築｜天利優 投稿 ログイン 会員登録 [シーズン4 シングル 2400達成] メガバシャーモ入り展開構築 11 天利優 2026年8月6日 23:51 初めまして。天利優といいます。 ポケモンチャンピオンズのシーズン4 にて シングルバトルでレート2400を突破し、チャンピオン級で終えることができました ので、使用したパーティを記事にすることにしました。 構築記事を書くのも久しぶりのため、拙い内容になりますがよろしくお願いします。 ＜シーズン4 結果＞ レンタルID：V59TA3ECAB ＜構築過程＞ シーズン3 からメガバシャーモ が解禁された事がきっかけです。 物理エースながら火傷で機能停止せず、特性：加速で上から攻撃できるのが魅力でXY時代から使用していました。そのため、メガバシャーモを主軸にして頑張ってみようと決めました。 チャンピオンズ自体はリリース当初から遊んでおり、メガバシャーモ解禁前はこちらの構築を元にしてパーティを組んでいました。 ※参照構築記事。シーズンM-1 最終順位23位 ステロ&欠伸からエースのメガマフォクシーに繋げる構築です。 https://guyapoke-9.hatenablog.com/entry/2026/05/13/184530 この構築が性に合っていたので、起点作成役の ガブリアス 、エース枠の ギャラドス・メガゲンガー に メガバシャーモ を加えてパーティの主軸としました。 構築記事では「欠伸」で起点作成を行っていますが、使いこなせなかったため代わりにアローラキュウコンからの壁展開で最初は挑んでいました。 しかし、メガムクホーク対策でメガシンカしないゴーストタイプが欲しかったため、特性で行動保障ができ、「鬼火」で相手の物理型に対して起点作成ができる ミミッキュ を5匹目に採用。 ここまでの5匹＋アローラキュウコンでは、フェアリー・エスパータイプに弱く、かつアローラキュウコンも火力が足りないと感じたので、アローラキュウコンに代わる特殊型ポケモンを入れることにしました。 その際に考えた条件は ・メガシンカしない ・鋼タイプ ・ゴーストタイプは既にミミッキュ・ゲンガーがいるので除外 結果、選出画面にいても型が読めない ブリジュラス を入れることにしました。また、ブリジュラスは起点作成型よりもアタッカーの方が動かしやすかったため、 起点作成をガブリアス・ミミッキュ で行い、残り4匹をアタッカー枠として使うことでパーティが完成しました。 参考にしていた構築記事よりも 対面構築 寄りなパーティになりましたが、積みアタッカーが3体いるため展開構築としています。 ＜個体紹介＞ バシャーモ@メガ石　バトルネーム：クラウディ 技：フレアドライブ、インファイト、みきり、剣の舞 H：16n - 1調整 HB：メガシンカ後、A無振りカバルドンの地震+砂ダメを確定耐え。 S：メガシンカ後、S+1で最速145族抜き エース枠① 本構築の主役。 剣の舞を積んでタイプ一致技の「フレアドライブ、インファイト」で相手を突破します。 「フレアドライブ」の反動から生き延びるためにHに厚めに振っています。「雷パンチorストーンエッジ」を入れたい場面もありましたが、確実に加速を発動するための「みきり」、構築のキモである「剣の舞」はどちらも外すことができませんでした。 選出数： 2位 。構築の主役ですが別のエース枠に選出数で負けています。 バトルネームは6世代で使用していたバシャーモのNNが「サンディ」 だったので、天候の名前を付けていたっぽい。ポケモンホームにいた個体を流用。 ・ゲンガー@メガ石　バトルネーム：プレ・タン 技：シャドーボール、ヘドロウェーブ、悪巧み、鬼火 H：16n+1 ※16n-1調整のつもりでずっと使っていました。。。 S：最速 エース枠② 参照した構築の個体よりもSに振っています。 メガバシャーモが苦手なメガスターミー・ラウドボーン・ピクシーを相手にするために入れました。 「シャドーボール、ヘドロウェーブ、悪巧み」の3つの技しか使っていなかったので、4枠目の技は悩みました。当初は「きあいだま」を使いましたが、使う機会が少なかったことと、肝心な場面で外して負けることが多かったので「鬼火」を採用したところ、ラス１のエースに繋ぐのに役立ったためそのまま使い続けました。 選出数：6位。調整ミスに最後まで気づかないほど選出できませんでした。 バトルネームですが、ゲンガーにはタン(舌)を付けるマイルールで、チャンピオンズで配布された プレ シャスボール入りゲンガーのため。パーティの先頭をゲンガーにした時の勝利ポーズが特別感があって好きでした。 プレシャスボールが格好いい ・ギャラドス@ ラムの実 バトルネーム：セイ・ゴ 技：滝登り、 パワーウィップ、竜の舞、挑発 H：4n-1調整 HB：参照した構築から S：S+1 で最速110族抜き エース枠③ 参照した構築と同じ技は構成ですが、Sに多く振っています。 メガバシャーモが苦手な相手を1匹で解決したポケモン カバルドンに対して後出しして「竜の舞」を積み、ラムの実消費後に「挑発」を打つことで無双状態を作ります。「ふきとばし」持ちのカバルドンもいましたが、終盤にはほとんど当たらなかったのでカバを起点にし続けました。物理受けのポケモンが相手でも「挑発」で止めることができるためアーマーガア・ラウドボーン等にも強かったです。 たまにメガシンカ読みで格闘・草技がとんできたこともあり、メガシンカ偽装で助かったこともありました。 「パワーウィップ」はバシャーモの苦手な水タイプ(アシレーヌ・ギャラドスなど)に弱点を突くために採用しています。ラムの実の使用率は4位(2.6%)でしたので、ほとんど警戒はされなかったです。 技範囲が狭いのでカイリュー・ブリジュラス等の水・草タイプの技が通りにくい相手には勝てませんが、構築の欠点を埋めてくれたポケモンです。 選出数： 圧倒的1位。 相手にカバルドンがいれば必ず選出していました。両メガシンカ枠を出さずにギャラドスのみ選出することも｡ バトルネームは、ギャラドスにセイ(青)を付けるマイルールで、ポケモンGOで捕獲した個体のためゴ(GO)と付けました。 ・ガブリアス@きあいのタスキ　バトルネーム：ラブカ 技：地震、ドラゴンテール、スケイルショット、ステルスロック 先発枠① 参照にしていた構築と 努力値・技構成・持ち物まで全て同じ です。 ステロ展開要因ですが、ブリジュラス・キラフロル等の先発要員の削りや地面枠としての役割もあり、選出回数は多かったです。 スケイルショットが上振れたときは全抜きすることもありました。 選出率：3位。きあいのタスキで安定した先発枠。 バトルネームは鮫の種名から。深海に生息する鮫の1種です。 ・ミミッキュ@ こうかくレンズ バトルネーム：Qキュー 技：じゃれつく、かげうち、 鬼火、呪い HB：ようきガブリアスの地震+皮のダメージ耐え = 地震2回耐え 先発枠②かつ 奇襲枠① マンムー・ガブリアス・カバルドン等の先発相手に「鬼火」で火傷状態にしたり、ドラパルト・カイリューを削るのが主な役割ですが、バトンPTや受けループ、 小さくなるハリーマンやオニゴーリ・スコヴィランなどのむらっけポケモン に対して「呪い」で相手の展開を阻止する役割もあります。 当初は ひかりの粉 を持たせていましたが、「鬼火、じゃれつく」が外れてしまうことが多かったため、命中率を上げる こうかくレンズ に変更しました。安定して仕事することが大事です。鬼火を安心して打てるようになりました。ただし、 2400チャレンジの直前の試合で鬼火を外した ときは肝が冷えた。 「鬼火」の命中率：93.5%  ※岩石封じ、ゴールドラッシュとほぼ同じ命中率 「じゃれつく」の命中率：99% こうかくレンズの使用率は0.4%でバトルデータ上で10位でした。 選出率：5位。苦手な相手には選出しやすかったですが、それ以外で優先して出すことは少なかったです。 バトルネームは...なぜこんなNNしたのか記憶にない。ポケモンHomeにいた個体を流用。 ・ブリジュラス@ こだわりスカーフ バトルネーム：Br-LDN 技：りゅうせいぐん、ラスターカノン、10万ボルト、悪の波動 S： 最速135族(メガミミロップ)と同速 CS振り 補完枠、 奇襲要因② 相手の先発ガブリアスや、フェアリータイプに弱かったので入れました。 裏に置いてスイープ役として使うよりも、先発に出して起点作成役と思わせてメガフラエッテ・ガブリアス等に先に攻撃して倒すこと が多かったです。 タイプ一致技の「りゅうせいぐん、ラスターカノン」は確定で、「10万ボルト」はパーティで数少ない対水タイプ用の技で外せなかったです。 「悪の波動」はエスパー・ゴーストタイプ対策(メガマフォクシー・メガメタグロス、準速ドラパルト・イダイトウ)と20%の怯みを期待して採用しました。 性格をS上昇にした場合、最速メガフーディンよりも早くなりますが、火力を優先したためひかえめにしています。 選出率：4位。拘りスカーフは強いが難しい。「りゅうせいぐん」も外れて辛かった。 バトルネームのBrはブリッジ、LDNはロンドン➡ロンドン橋。 ブリジュラスが倒れるたびに「ロンドン橋が~♪」と頭の中で流れていた。 ＜選出パターン＞ 基本選出と特徴的な構築に対しての選出パターンをまとめました。あくまでこういった構築に出しやすかったというだけですので、参考程度にご覧ください。 ●基本選出 先発：ガブリアス、裏：バシャーモ＋1(主にギャラドス、たまにブリジュラス) ガブリアスでステロ展開or1匹倒してから、メガバシャーモ・ギャラドスで積んでいきます。 ブリジュラスの場合はガブリアスの「ドラゴンテール」で相手の選出を確認し、相手に一貫する技を打てるようにします。 ●ピクシー・ラウドボーン入りの構築 先発：ガブリアスorブリジュラス、裏：メガゲンガー、ギャラドス メガバシャーモでは厳しいので、メガゲンガーを出します。 「悪巧み」を積まないと火力不足感がありますが、ピクシー相手なら「コスモパワー」1回までは押し切れます。ピクシーが出てきたら積まれる前に負担をかけていきます。 ●バトン構築 先発：ブリジュラスorガブリアス、裏：ミミッキュ+1(エース枠から選択) ブリジュラスを先発に出す場合は奇襲を仕掛けて相手の起点作成を阻止します。 ガブリアスは基本選出の時と同じ動きですが、相手が積んできた際に「ドラゴンテール」で起点作成を阻止します。 裏のミミッキュの「呪い」でも相手のバトンリレーを防いでいきます。相手のエース枠が活躍しにくい状態を作り、こちらのエース枠で突破します。 ●受けループ 先発：ガブリアスorミミッキュ、裏：ギャラドス+1 ガブリアスorミミッキュで起点を作り、ギャラドス相手に出てくる物理受け(アーマーガア・ラウドボーン・ヤドラン・ドヒドイデ等)を「挑発」で機能停止させます。ラムの実があるのでヤドランの「ねっとう」もそこまで怖くないです。「パワーウィップ」が当たらなくても火傷にさえならなければ突破できます。ラムの実消費後に火傷した場合は諦めますが、そういう展開は少なかった。 ●トリックルーム(ミミッキュ+メガクチート) 先発：ブリジュラスorガブリアス、裏：ミミッキュ、メガバシャーモ ミミッキュの特性とメガバシャーモの「守る」でトリルターンを切らした後にメガバシャーモで突破します。 ●天候パ(主に雨パ) 先発：ブリジュラス、裏：メガバシャーモ、ギャラドス 加速2回でメガバシャーモがメガラグラージに対して先手が取れるので、バシャーモでは対処が難しいペリッパーを落とすことを最優先に。 ブリジュラスの「10万ボルト」やギャラドスの「パワーウィップ」で倒すまたは削れれば、それ以外はメガバシャーモで突破しできました。 砂パでも同じ選出で勝てました。 ＜苦手なポケモンとその解決方法＞ このパーティで苦手なポケモンたちとそれに対しての解決案をあげます。 ①先制技持ちの水タイプポケモン(メガスターミー・イダイトウ♂) 加速しても弱点タイプで先制されるためメガバシャーモでは勝てません。イダイトウ@拘りスカーフの場合はメガゲンガーも対処できません。 →上記2匹はギャラドス・ブリジュラスで対応します。外さなければ何とかなります。 ②地面タイプ(主にカバルドン) メガバシャーモ・メガゲンガーの両方の弱点であるため、積めてないとメガシンカ枠のエースがあっさり落とされ負けてしまいます。 →ガブリアスにはミミッキュ・ブリジュラスで対応可能です。「スケイルショット」が4発当てれればガブリアスでもなんとかなります。 カバルドンはギャラドスで対応します。というより、 ギャラドスでしか対応できません。 メガバシャーモで事前に剣の舞1回出来ていてもHB特化の場合はA+2インファイトで最大87%しか入りません。カバルドン、本当に硬い｡｡｡ ③メガフシギバナ 高確率で持っている「大地のちから」がメガバシャーモ・メガゲンガーに刺さるうえ、ギャラドスからの有効打がないためエース枠3体ともに苦手という稀有なポケモンです。 →唯一の解決策はメガバシャーモで剣の舞1積みしてからフレアドライブで突破のみです。なお、HB特化メガフシギバナの場合は1発で落とせません。 ④カイリュー・ドラパルト メガバシャーモ・ギャラドスでは半減になるため、積んでも打ち負けます。また、ドラパルトはメガゲンガーよりも早いため、メガゲンガーを選出しにくかったです。 →どちらもミミッキュ・ブリジュラスで対処することが多かったです。 ＜最後に＞ メガバシャーモを使いたい。という理由から突き進めた結果、チャンピオン級で終了という予想以上の結果となり驚いています。 チャンピオンズの実績にある「チャンピオン級でシーズンを終了」が達成できるとは全く思っていませんでしたので、達成できたことに満足しています。 次シーズンM-5 でも追加のポケモン・道具がない環境ということなので来シーズンもこの構築で｡｡｡と考えていましたが、 ムクホーク 入りの構築を使いたいので、こちらを優先することになりそうです。 地元、石川県のクラブのパートナーポケモンにムクホークが選ばれたので、Jリーグが始まる8月からはムクホークと共に戦っていくつもりです。 https://www.jleague.jp/special/pokemon/ 【公式】Ｊリーグとポケモンがタイアップ「ポケモンＪリーグフェス」：Ｊリーグ.jp 2026年8月7日開幕の「２０２６／２７明治安田Ｊリーグ」を記念し、30周年を迎えたポケモンとタイアップ。全国60クラブで www.jleague.jp 最後まで読んでいただき、ありがとうございます。 ダウンロード copy いいなと思ったら応援しよう！ チップで応援する #ポケモンチャンピオンズ #シングルバトル #PokemonChampions #メガバシャーモ 11 天利優 フォロー トップ ゲーム ゲーム noteプレミアム note pro ヘルプ プライバシー クリエイターへのお問い合わせ フィードバック ご利用規約 通常ポイント利用特約 加盟店規約 資金決済法に基づく表示 特商法表記 投資情報の免責事項
M-4,【シーズンM-4/最終143位】火力押し推しクチートフラエッテ【最終レート2409】｜オランド@,https://note.com/orando_pokemon/n/n34b4d87bd89f,【シーズンM-4/最終143位】火力押し推しクチートフラエッテ【最終レート2409】｜オランド@ 投稿 ログイン 会員登録 【シーズンM-4/最終143位】火力押し推しクチートフラエッテ【最終レート2409】 6 オランド@ 2026年8月5日 21:06 【はじめに】 みなさんこんにちはオランドと申します。最終チャンピオン級の300位以内を達成することができたので記事にしました。最後まで読んでくれると嬉しいです。 【M-4に参戦した理由】 ・8月に対戦オフに出ることになったため ・自分が好きでいつも見ているJリーグとポケモンがコラボするため ・久々にクチートを使ってみたくなった 【構築経緯】 あまりポケモンに触っていなく良く分からなかったので前期結果を残した構築を参考にして組み始めました。 とらいぐるさんの記事（ https://pokesol.app/u/trygle_kaminari/articles/6edcaea677a69b2f ） そこから自分が使いやすいと思った型やポケモンを変えたりして対戦を重ねながら構築を作ってみました。 【個体紹介】 【主な調整】 S・・・・・・S3振りドドゲザン抜き 【解説・使用感】 相棒枠。過去作ではずっと剣舞クチートを使っていたが今作では積む暇があまりないと感じた為フルアタで採用を検討。上3つは確定で残り1つはほのおのキバやアイアンヘッドも悪くなかったがオーロンゲ(Aキュウコン)＋ギャラドスの雑な壁構築に負けるのが気に食わなかった為かわらわりを入れました。壁を破壊するだけではなくミミロップやルカリオと対面してもじゃれつく外し負けをしなくて済んだり、ドドゲザンに対しても1撃で倒せるのが強かったです。色んなクチートを現環境で使ってみましたがこの構成のクチートが一番使いやすかったです。 【解説・使用感】 当初はHBで使っていたが、ブリジュラスが重かったので相手しながら展開できるHDとして採用しました。個人的にはHDの方が使いやすくこのPTの構成にはあっていました。終盤増えてきたゲンガー相手にも通用していたのは良かったです。 【解説・使用感】 当初はタスキを持たせていたがリザードンやルカリオ、ミミロップを上から殴りたい場面が多かったのでスカーフ型として採用。最速リザードンXでも安心して上から殴れたり、スケイルショット後のガブリアスと最低でも同速勝負できる最速の方が使いやすかったのでようきで使っていました。ねごとはビビヨンの粉対策で入れています。基本いわなだれかげきりんを出してくれるが1回だけじしんが出て負けたのは内緒。 【主な調整】 HB・・・・・・タイプ一致イカサマが身代わり耐え C・・・・・・・なるべく高く S・・・・・・・3振りロトム抜き 【解説・使用感】 当初はスカーフ型で使っていたが上手く動かせなかったのとガブリアスにスカーフを持たせたかったので受け崩しができるヒートロトムを採用しました。アーマーガア＋ハラバリ―やブラッキー＋フシギバナ辺りには特に強く使いやすかったです。麻痺期待も込めて電気技はほうでんを採用してますが、追加効果を全然引かないので威力が出る10まんボルトの方が良かったのかもしれない。 【解説・使用感】 このPTを使用しているとステルスロックを無理やりでも優先して撒かれることが多く、火力不足も感じた為いのちのたまを持たせました。相手のサイクルに負荷をかけてくれたり、へんげんじざいの弱体化で毎回タイプ一致技が打てない弱点を補ってくれて使いやすかったです。技構成はこれが一番使いやすかったです。 【主な調整】 HB・・・・・・補正↑ メガハッサム バレットパンチ 乱数1発(37.50%) C・・・・・・ぶっぱ S・・・・・・最速ミミッキュ抜き 【解説・使用感】 特殊高火力が出せるポケモンが欲しいと感じた為採用しました。サイコキネシスは毒タイプへの打点。みがわりは初手ブリジュラスのミラーコート警戒やバシャーモの守る、ドヒドイデなどの状態異常技透かしとして使っていましたが使用感は良かったです。相手のサイクルに高火力で負荷をかけれるところも良かったです。Bを少し振るとイイコトがある。ストーリーだけでも楽しもうとZAをやっといて良かった・・・・・・。 【主な選出例】 基本選出 ※相手のカバルドンはサイクルで負荷かけたりあくび入れたりで頑張る VS メタグロス＋アシレーヌ＋1 ※何戦か対戦しても初手メタグロスの可能性は低く、基本的にアシレーヌが初手出てきてくれる VS フシギバナ＋ブラッキー＋１ ※残り1体は取り巻き次第。ほとんど初手フシギバナが出てきてくれるのでカバルドンから展開 VS ガルーラ＋アシレーヌ(カゴのみ)＋１ ほぼ初手ガルーラが出てくるのでカバルドンから展開。残り1体はクチートかガブリアスを選出 など 【きついポケモン】 ・エンペルト・・・・・無理。1体捨てるつもりで立ち回る必要がある ・マンムー・・・・・・タスキが削れないとまあキツイ ・ガブリアス＋アーマーガア・・・頑張ってガブを削ってヒートロトムを通す以外道無し など 【感想・まとめ】 久々に上位目指してランクバトルをやりましたが楽しかったです。この構築使ってて楽しいのですが使用者の読みの力に依存して機能させてるだけなので構築の強さは微妙なのかもしれません。最終日４日前くらいはあまり調子が良くなく不安でしたが何とか結果を残すことができて良かったです。出来れば最終2桁取りたかったですかねw  やりたくなった時にまたポケモンをやるかもしれないのでその時は宜しくお願い致します。 対戦してくださった方々、ここまで記事を読んでくれた方々ありがとうございました！！全人類めざせ最終チャンピオン！！ 【結果】 TN：Nakano♥Neo　最終 143位　レート 2409 【この構築を使用した動画】 後日投稿予定。たぶん。 【連絡先】 https://x.com/orando_pokemon （基本的にはフォロバします） 【謎のおまけ】 いよいよJリーグのシーズンが開幕します！初のポケモンコラボで盛り上がりを見せているので少しでも興味があれば覗いてみてね！ 【公式】Ｊリーグとポケモンがタイアップ「ポケモンＪリーグフェス」：Ｊリーグ.jp 2026年8月7日開幕の「２０２６／２７明治安田Ｊリーグ」を記念し、30周年を迎えたポケモンとタイアップ。全国60クラブで www.jleague.jp 見に行けば無料でなんとコラボバッグが貰えちゃう！すごい！！ 私は東京ヴェルディサポーターなので8月14日は国立競技場で応援です！！ ダウンロード copy いいなと思ったら応援しよう！ チップで応援する #ポケモン #ポケモンチャンピオンズ #ポケモンチャンピオンズ構築記事 6 オランド@ フォロー トップ ゲーム ゲーム noteプレミアム note pro ヘルプ プライバシー クリエイターへのお問い合わせ フィードバック ご利用規約 通常ポイント利用特約 加盟店規約 資金決済法に基づく表示 特商法表記 投資情報の免責事項
M-4,シーズンM4最終147位（R2408）妖炎×双撃ガルガブマフォ - 甘味処じゃう,https://jyau-blog.hatenablog.com/entry/2026/08/05/151311,シーズンM4最終147位（R2408）妖炎×双撃ガルガブマフォ - 甘味処じゃう 甘味処じゃう 読者になる 甘味処じゃう まんじゃうです。 2026 - 08 - 05 シーズンM4最終147位（R2408）妖炎×双撃ガルガブマフォ 【はじめに】 どうも、まんじゃうです。今回は自身初の最終チャンピオン級を達成できたため構築記事を書くことにしました。 チャンピオンズ入ってから終盤爆溶かしが恒例すぎたため、記事を書くのはSV最終シーズン以来約4か月ぶりです。 【はじめに】 【構築経緯】 【個体紹介】 【選出】 【キツかった相手】 【結果】 【最後に】 【おまけ】 【構築経緯】 前期話にならないレベルで大敗したため、シーズン序盤からいろんな上位構築を触って知見を得ようとしていた。その中で最終40位のこちらの構築（ https://hanabiclumsy.hatenablog.com/entry/2026/07/08/152506 ）の襷ドラテガブ＋ニンフが強いと感じたため、メガ枠ではなくガブニンフの並びから構築を組み始めることとした。 メガ枠については参考元の鉄壁グロスからサメハダー、マフォクシー＋ウツボットなどを試してみてマフォクシーが好感触だったため採用、その後ウツボットがガルーラになった。 取り巻きの@2だが、参考元のピントレンズブリジュラスは痒いところに手が届く性能だったので最後まで手放さず、@1はマフォクシーと補完に優れるドドゲザンとしていたが、全ミミロップに負けていたこと、カバルドンの処理になんやかんや手こずることを加味して、最終日前日にそれらを破壊できスイーパーにもなれるAB雫イダイトウに変更した。 チームID：E83HJ5LXXS コンセプト ・対面的に殴り勝つ、でも最低限クッションの要素は取り入れる ・崩しの手段は豊富に ・のしかかりは全部麻痺らせる 【個体紹介】 ガルーラ@ガルーラナイト いじっぱり ASぶっぱあまりHB のしかかり／冷凍パンチ／地震／不意打ち 対面メガ枠。目の前に通る技を撃ってるだけで上振れが発生するポケモン。主に初手置き。 この環境においてはガルドカイリューの並びに単体で強いこと、対面構築で重くなりがちなミミッキュに比較的強いことが偉い要素だと感じた。 最終日の途中まで不意打ちの枠を寝言としていたが、流石に先制技なくて落とす試合が悲しすぎたため変更。 一撃２回理論が通用するならばのしかかり麻痺も合法なはずである。 （体感）選出率2位 マフォクシー@マフォクシナイト おくびょう H9 B7 C S31＋ https://pkmn-ys1224.hatenablog.com/entry/2026/07/09/122121 ←こちらの調整を参考に、Sを1だけCに回しました。理由は覚えてないし多分最速でいい。 HB-意地ガブリアスの逆鱗を87.5%耐え マスカーニャの叩きを確定耐え 火炎放射／サイコショック／草結び／巧み 第2のメガ枠。主にガルーラがキツい格闘メガ入り、フラエッテ、受け寄りのPTに投げます。 技構成は安定一致打点の放射、フラエッテやアシレーヌ、ミラーで強いサイコショック、主にカバルドンに撃つ草結び、崩しの一手になり得る悪巧み。 草結びはカバ以外にもたまに当たるヤドランやミロカロスにも撃つ場面があり（後者はワンパンできないが）、マジシャよりこっちで良かったと思う。 ニンフィアとタイプ補完に優れているだけでなく、ある程度の耐久があるため願い事との噛み合いもよい点がやはり強いと思った。 選出率3位 ガブリアス@襷 いじっぱりASぶっぱ　あまりH スケショ／地震／ドラテ／ステロ 参考元ママ。先発兼地面枠兼石撒き兼ストッパー兼対面駒。 命中不安技2種類採用だが、当てる時のバリューは本当に高い。 ドラテは受け駒を流して盤面を荒らすのも強いが、襷まで削れた後に出てきて舞ってくるギャラドスを流せるのが特に偉いと感じた。 初手ミラーはこちらの裏にニンフがいる場合でも、結局ニンフで竜技を透かす→ステロを撒かれる展開は渋いため分のいい賭けと割り切って突っ張ることもあった。よくはない。 この構築においてはガルーラが呼ぶ初手ブリに強い点もgood。あえて対面突破せず石を撒く選択も時には必要だった。 ガチで技が当たってるうちは最強クラスの襷枠だと思います。 選出率1位 ニンフィア@残飯 図太いHBぶっぱ　あまりS ハイボ／欠伸／守る／願い事 普通のHBニンフィア。この類のクッションポケに苦手意識のある俺が使っても強かったです。 ブラッキーと比較して強い点はやはり竜の一貫を切れることとハイパーボイスがイカサマと違ってカバブリジュラスあたりへの打点になることだと思います。 俺の扱いがまだまだなだけでもっと選出できたし強く使えたんじゃないか感はある。 選出率4位 イダイトウ@雫 いじっぱりABぶっぱ　あまりH ウェブタ／お墓参り／クイタン／アクジェ 最後に入ってきた枠にしてMVP。主に構築単位キツいミミロップ入りやカバを投げて来そうかつブリがいない構築にして投げします。 調整はミラー意識で若干S振るかも迷ったが、耐久上げた方が勝てる対面増えそうだと思いAB。 初手ブリジュラスとかち合うとかなり不利になる点だけは気をつけないといけなかった。 クイタンの枠は身代わりや高速移動との選択になると思うが、相手の引きに合わせてクイタンを撃つとスカーフ誤認してくれることがたまにあったし、機転回避技として優秀だった。また、耐久とリーチの長いアクジェによってラス1に出してもそこそこ強いのがよき。 最後の方初手マスカ対面は蜻蛉しか押されなかったので突っ張ってました。ごめんなさい。 選出率（同率）5位 ブリジュラス@ピントレンズ 控えめH26 B1 C31＋ S8 流星群／ラスカ／10万／気合い溜め （こちらも参考元の40位構築のままです） HB-陽気メガギャラドスの＋1地震確定耐え 参考元のPTを使ってから、シーズン終わりまでずっと構築にいた。こいつのおかげでバトン系統にはほぼ負けなかった。 また、この構築においては重めのミミッキュに勝てる対面駒という役割もあるため、崩しとしてではなく普通に対面選出に組み込むこともあった。 ミラーで上から流星撃ちたい場面が多かったのでもう少しSに振るか考えた時期もあったが、耐久が絶妙で変えるに変えれなかったため、原案の人の調整力に脱帽。 選出率（同率5位） 【選出】 ・基本→ガブ＋刺さってるメガ枠＋ニンフ ・ガルーラの刺さり◯→ガル＋ガブ@1 ・相手が対面寄り→ガルガブブリ ・対受け→ガブ＋マフォブリ ・対スターミー→ブリ@2（キツめ） ・対ロップ、めっちゃカバ投げてきそうでブリいない構築→イダイ＋マフォ@1 引き先がそこまで強くないため、初手マフォはほぼしなかった。 【キツかった相手】 ・イダイトウ →メガがどっちも不利を取るしこちらのイダイはS無振り。ブリをうまく使うかガルの不意打ちで縛る展開にならないとほぼ負けてた ・ブラッキー →ステロ込みでもワンパンできる技がない。ニンフィア絡めて頑張るか、ガブのドラテと鮫肌で削ってマフォでどうにか ・スターミー →このブリだけで勝てるほど甘くない。よく同居してるダイケンキも普通に重いため、正直噛み合わないと勝てない ・ドドゲザン →不意で縛られすぎる。襷ガブを残せてれば勝てるぐらいでかなりキツい 【結果】 TNイランツァ　最終147位 TNまんじゃう　3日前に溶かして最終宇宙 【最後に】 最終日前日に学校の定期考査が終わるというスケジュール&3日前にメインが2350から300溶ける（！？）というシチュエーションだったが、どうにか目標の最終チャンピオン級を取れて嬉しい&一安心。溶かした後に構築見直してイダイ採用したのが良かった。そして何より、久々に最終日そこそこいい位置で戦えたのが楽しかったです。 次からはだいぶ遠い気もするけど、日和らずに自身初の最終2桁を目指したい。でも進路のこともあるからそろそろほどほどにしないと…ではある。あまりにポケモン対戦が楽しいのが悪いよ。 ここまで読んでいただき、ありがとうございました😌 ご意見・感想・質問・お気持ちは@jyau_6567まで。 もしくは最近始めたnote質問箱でも歓迎です ↓↓↓ https://note.com/qa/jyau_6567 【おまけ】 TNの元ネタ 前期ボロ負けしたショックで5日ほどポケモン対戦を断っている時期にシャドバをしていたのですが、下手なりに初めてEPIC踏めたのがドラゴンでした。（最近はエルフ触ってる） ヘイト買いやすいカードだけど俺は好きです。 ガルミスタン落ちしないで;; jyau-6567 2026-08-05 15:13 読者になる 広告を非表示にする 関連記事 2026-03-01 S39最終100位（R1972）晶光×剣閃ザシパゴス 【はじめに】 どうもまんじゃうです。今回は自身初の最終2桁達… 2025-10-01 S34 最終106位（R2015）神翼×王断ザシアルセ 【もくじ】 ・はじめに ・構築経緯（レンタルID有） ・個体紹介… 2025-08-01 S32 最高R197X（最終529位）天崩地裂ザシルナランド 【はじめに】 まんじゃうと申す者です。今回は最後に溶けてしま… 2025-06-01 S30 最終188位 R2001 超越×挑発ミライ白バド 【はじめに】 どうも、まんじゃうと申すものです。 今回はレギ… もっと読む コメントを書く S40 最終145位 皇剣×終幕ザシバドランド » プロフィール id:jyau-6567 読者です 読者をやめる 読者になる 読者になる このブログについて 検索 リンク はてなブログ ブログをはじめる 週刊はてなブログ はてなブログPro 最新記事 シーズンM4最終147位（R2408）妖炎×双撃ガルガブマフォ S40 最終145位 皇剣×終幕ザシバドランド S39最終100位（R1972）晶光×剣閃ザシパゴス S38 最終179位（R1908） 轟剣×雷鳥ザシミライランド S34　最終106位（R2015）神翼×王断ザシアルセ 月別アーカイブ ▼ ▶ 2026 2026 / 8 2026 / 4 2026 / 3 2026 / 2 ▼ ▶ 2025 2025 / 10 2025 / 8 2025 / 6 2025 / 5 はてなブログをはじめよう！ jyau-6567さんは、はてなブログを使っています。あなたもはてなブログをはじめてみませんか？ はてなブログをはじめる（無料） はてなブログとは 甘味処じゃう Powered by Hatena Blog | ブログを報告する 引用をストックしました ストック一覧を見る 閉じる 引用するにはまずログインしてください ログイン 閉じる 引用をストックできませんでした。再度お試しください 閉じる 限定公開記事のため引用できません。 読者です 読者をやめる 読者になる 読者になる
M-4,【M-4 最終151位】爆風メタビート ver.M-B【R2408】,https://pokesol.app/u/c_trl_lab/articles/1d06b352da9a2cf0,"【M-4 最終151位】爆風メタビート ver.M-B【R2408】 ログイン ポケノート 注目記事 記事検索 ツール ダメージ計算(準備中) チーム管理 Pokémon Soldier X YouTube Twitch GitHub サポート お問い合わせ 条項 利用規約 プライバシーポリシー 免責事項 ギンギラギンに不意打ち択 0 ギ ギン 目次 ページトップへ 【M-4 最終151位】爆風メタビート ver.M-B【R2408】 構築記事 シングル M-B M-4 バクフーン チャンピオン級 2026年8月6日 に公開 【はじめに】 はじめましての方ははじめまして、そうでない方はいつもありがとうございます。ポケモントレーナーのギンです。この度は、一番好きなポケモンであるバクフーンと 瞬間1位・最終チャンピオン級 を達成することができたので、構築記事を書かせていただきます。ぜひ読んでいただければ幸いです。 普段はYouTubeで動画を作ったり配信したりしながら面白そうなポケモンを研究しているので、もし気になる方がいたらチャンネル登録よろしくお願いします。瞬間1位を達成した時の配信アーカイブもありますので、よければ是非ご視聴ください。 【構築コンセプト】 好きなポケモンと勝つ。 環境に刺さっているポケモンを使って勝率をあげる。 汎用性の高い並びで対応できる構築の範囲を広げて、プレイングで勝つ。 【構築経緯】 一番好きなポケモンであるバクフーンから構築スタート。型は現環境で確実に役割のある襷がむせっか型で採用 がむしゃらバクフーンと相性の良い先制技を持つメガポケモンの中から環境に刺さりの良いメガゲッコウガを採用 バクゲコと合わせて対面選出ができるようにミミッキュを採用 ゲコを強く使える@2を探した結果、ゲコが起点にされるギャラドスへの後出し性能が高く、タイプ相性補完の良さ・数値の高さから汎用性の高いブリジュラス・ギャラドスの並びを採用 各ポケモンの型を自分好みに調整した結果、ブラッキー軸が重くなってしまったためブラッキーを取り巻きごと破壊できるポケモンを探すことに。メガリザードンX・メガペンドラー・メガピクシーの三体が候補となり、三体とも使用してみて、最終日には環境に増えていたニンフィアギャラドスの並びに刺すことを狙ってメガペンドラーを採用 【PT紹介】 バクフーン＠きあいのタスキ 調整意図 C:火力足りないので特化 D:余り、がむしゃらあるのでHには振らない、ガモスへの受け出し意識 S:最速フロル抜きのため準速 所感 相棒枠。先発＆ストッパー＆高火力炎技使い受けとして採用。 特性は、猛火と貰い火どちらも強いが、構築でリザYとガモスが重かったので貰い火を選択した。襷を見てもうかだと思ったバシャとかリザとかがニトチャとかフレドラ押しにきてくれるとハッピーになれる。 技構成はタイプ一致技かつタイプ変更により被ダメを調整しやすく、がむしゃらと相性の良い燃え尽きる、フロル・ブリ意識の熱砂の大地、仕事できる範囲を大幅に増やしてくれるがむしゃらまでは確定。@1は元々電光石火を採用していたが、前述の通りリザYとガモスが重かったことから、終盤は岩石封じを採用。読まれることなくて強かった。電光石火がないことで単体性能は大きく下がるが、一応裏のゲコミミが先制技を持っているのでなんとかはなっていた。 構築でブリやフロルを誘うようにしているため、そこに刺すことでめちゃくちゃ仕事してくれた。HDブリを熱砂→燃え尽きるの順に打つことでオボンを発動させずに大体2発で倒せるのが偉かった。 瞬間1位獲った時に「バクフーンで！？」みたいな反応をたくさんもらったが、 普通に強いので是非一度使ってみて欲しい。 構築でブリやフロルを呼ぶようにするのが大事。 ペンドラー＠ペンドラナイト 調整意図 H:耐久欲しいのでなるべく高く A:火力足りないので補正、+2メガ吸血でHBブラッキー確定1発 S:メガ前準速メガメタグロス、メガ後1加速で最速ガブ抜くために準速 所感 サブエース枠。ブラッキー・ニンフィア絡みの構築を破壊するために採用。 構築内に壁がなく、ペンドラーがメガ前状態で2ターン過ごすことが難しいことから、調整はSを大分伸ばして、耐久を削っている。壁アリならもっと耐久に振って2加速前提のSラインで良いと思うので、ここは構築との兼ね合い。 特性は最強特性のかそく一択、1加速で強ポケ、2加速で最強、3加速で神になれる。前述の通り2加速するのは難しいが、できた試合はマジで無双していた。速くて硬かったらそりゃ強い。 技構成は吸血、毒突き、剣の舞までが確定。毒突きに関してはダストシュートもアリだが、ニンフィアに打つなら毒突きで良いので命中安定をとった。@1は技範囲を確保するために地震にしたが、岩雪崩が欲しい場面も身代わりが欲しい場面もあり、技スペ不足を感じた。 後述のミミッキュを使って起点を作って、剣舞して攻めるだけのわかりやすいポケモン。剣舞吸血による粘り性能がすさまじく、HPミリの状態からなんか3タテしてHP満タンになってたりする。 相手のHPバーが0になってこっちのHPバーが満タンになるとドパる。 メガのタイミングが難しく癖のあるポケモンであることは確かだが、それを加味してもかなり強かったので過小評価されてるポケモンだと感じた。 ミミッキュ＠いのちのたま 調整意図 H-B:ガブ意識のHB調整、珠ダメ1回＋皮ダメ＋特化地震確定耐え A：残り、なるべく高くするために補正 所感 なんやかんやできる枠。対面選出する時の軸として採用。 技構成はかげじゃれまで確定で、@2はかなり悩んだが、起点阻止と起点作成の二つの側面を併せ持つ挑発&呪いの組み合わせに落ち着いた。対面選出の中に自然と展開手段を備えられるのがマジで使用感良かった。ニンフィアやドヒドイデ、メガフシギバナなんかに挑発→呪いをしてペンドラーやメガリザXの起点を作成する動きが超強力だった。 耐久振りなのは完全に好み。ガブの地震とかミミッキュの影撃ちとか耐えまくってかなり偉かった。珠のポケモンの殴れる回数が増えればそりゃ強い。ただ上から挑発撃ちたいなの場面も結構合ったので、ASでも良いのかもしれない。 ゲッコウガと並べてメガムクホーク包囲網を作れる のも大分偉くて、ムクホーク軸にはほぼ全勝だった。マジで「なんやかんやできる」という言葉が似合いすぎるポケモン。 ゲッコウガ＠ゲッコウガナイト 調整意図 H:余り、振ると良い感じ硬くなるのでなるべく高く C:低いので特化 S:メガ前最速102族抜き、メガ後最速120族抜き 所感 エース枠。基本選出①。理論値最強ポケモン。環境ポケモンへの対策枠として採用。 メガ前→メガ後の2回変幻自在を駆使することで広い相手に効果抜群で殴っていけるのが強みなので、特性は変幻自在、技構成はゴースト・エスパーに打つ悪の波動、フェアリー・草に打つヘドロウェーブ、地面・ドラゴンに打つ冷凍ビームは確定、それらのリーチを底上げしつつバクフーンとの相性の良い水手裏剣で完結していた。草結びや岩雪崩が欲しい場面も多々あったが、この技構成があまりに使いやすかったため入れられなかった。 ガブキュウコンを筆頭にバシャーモやメタグロス軸なんかにもめちゃくちゃ強く、M-B環境に刺さっていた……のだが、終盤のギャラとかハッサムの増加が若干痛手ではあった。また、上位勢はうまく交代を駆使して変幻自在を躱そうとしてくるので、択も無限に発生していた。それでも圧倒的な技範囲で環境に刺さり続けたことと、 命中安定+強力な追加効果の技をノーリスクで上から撃ちまくれる のが強くて最終日まで使い続けた。普通にプレイしていれば運勝ちが発生していく所にはパオジアンの幻影を感じた。 ブリジュラス@オボンのみ 調整意図 H-B:陽気ガブの地震を持久力+オボン込みで大体2発耐える D:余り、なるべく高く S:準速60族抜き 所感 ナーフ検討枠。強すぎポケモン。基本選出②。メインサイクル枠として採用。 HDにしながらBに補正をかけることで、とにかく倒されにくいポケモンになる。サイクル相手であるギャラドスも物理特殊どっちも硬いので、ブリジュラスも同様にどちらも受けられる調整とした。 特性はギャラドスの弱点技を受けて耐久を上げるための持久力。ここまでHDを上げればほとんどのポケモンにワンパンされないので実質頑丈とも言える。 技構成は一致高火力の流星群、氷・フェアリータイプ用のラスカ、ハッサムやギルガルドへの見えない勝ち筋としてのイカサマ、HDを活かせるミラコの4つにしたが、正直正解かは分からない。イカサマの代わりに波動弾を入れていたこともあったし、メタバや10万ボルト、ステルスロックが欲しい場面も多々あったが、ゲコギャラとサイクルする際に欲しい技が取捨選択されて残った結果この構成になった。結果的に変な技構成のブリになってしまったが、だからこそイージーウィンできた試合も多々あったし個人的にはめちゃくちゃ使用感が良かった。ブリ使うの苦手な人にこそ試して欲しい構成。 ギャラとのサイクルが主な運用ではあったものの、コイツ単体でも何しても強くて笑うしかなかった。最低で最高のポケモン。 絶対ナーフ入る。 ギャラドス@食べ残し 調整意図 H:16n+1 A:最低限の火力確保のために補正 B:余り、なるべく高く S:2振りブリジュラス抜き抜き 所感 過労死枠。基本選出③。メインサイクル枠として採用。 調整はHBベースということ以外は好み。使いやすいように調整していけば良いと思うが、無振りだとギリ2発で倒せないポケモンが多すぎるため、火力はなるべく伸ばした方が良いと思う。 特性は最強特性のいかく1択。語ることなし。 技構成は挑発のみ確定、環境トップのカバルドンをこれだけで破壊できる。@3は好みだが、個人的にはギャラに打つウィップ、鋼に打つ地震、草ドラゴンに打つ雪雪崩以外ありえないとは思っている。変えるなら相方のブリジュラスの技構成も合わせて調整するのが吉、2体でなるべく多くの相手に仕事できるようにすると良さげ。 流行っていたカバギャラに対してめちゃくちゃ強いポケモンでありつつ、選出画面ではメガを想起させるのがとても強かった。 受けループに対しても強く、いくつかの受けループはこの子一匹で完封していた。アーマーガアもとんぼボディプなら鉄壁を防いで普通に勝てる。強すぎる。 反面HP管理の難しさはかなり感じた。なるべく残飯をもしゃもしゃさせるタイミングを作ってあげると3~4発相手の攻撃を受けれる神ポケモンになれるので、プレイングを伸ばすのが大事。 瞬間1位達成の時に使用していたメガリザードンXとその並び（ほぼ一緒）も紹介しておきます。 リザードン@リザードナイトX 調整意図 H:余り、フレドラの反動意識 A:破壊のための特化 S:ミラー意識で準速 所感 サブエース枠。あらゆるサイクル構築を破壊するために採用。 竜舞・剣舞と一致120技を2つという超前のめりな珍しい技構成だが、この子の役割はサイクル軸の破壊でありス ターミハラバリーアーマーガアに対しては竜舞、バナブラッキーラウドボーンに対しては剣舞をしないと崩せないので、理に適った構成となっている。 補完枠だからこその技構成。実際使用感に癖はあるが、狙い通りの破壊の限りは尽くしてくれたのでこれでよかったと思う。ただ、終盤環境のフェアリータイプの増加によって役割が果たしにくくなってしまったと感じ、ペンドラーに変更することとなった。 バクフーンリザードンで並び自体はめちゃくちゃカッコいいのでお気に入りだったが、初手ガブをやたらと誘ってしまい、呼びたいブリやフロルが先発に来にくくなるのはアンチシナジーだったかなとか考えている。むずい。 【選出・立ち回り】 基本選出はゲコブリギャラ（順不同）。メタグロス・バシャーモ・カイリュー・ギャラドス軸を筆頭に、様々な相手に投げる。この選出は汎用性が非常に高く、様々な相手に五分五分の勝負をしかけることができるが、あくまで五分五分である。ひたすら対戦して経験値を稼ぐことで選出・プレイングを極めていくことが大事な並びであり、付け焼き刃で強い並びではないことに注意。それぞれのポケモンの匿名性が高いため、「相手は何を読んでくるか」を常に意識してブラフも絡めたプレイができると良い。 リザードンがいる時や、ブリやフロルが先発に来そうな時はバクフーンを選出する。このPTは見た目がかなりブリジュラス重めのため、本当に良く初手に投げられるから、自信を持って合わせていくと良い。 ブラッキーフシギバナ系、ニンフィア展開系構築にはペンドラーミミッキュの並びを選出する。ミミッキュでフシギバナやニンフィアを呼び、タイミングを見極めて挑発呪いで退場してペンドラーの積む隙を作り出す。 フラエッテがいる場合、瞑想型への切り返しとしてミミッキュは確定で選出する。 ムクホークがいる場合、ゲッコウガミミッキュの並びを選出する。耐久上昇さえ防げれば、ゲコで上からワンパンできるため、ムクホークにはすぐにミミッキュを投げれば良い。 運ゲー構築相手には、ゲコギャラミミを投げる。ゲコでこちらも運ゲーを押し付けながら、ギャラミミの挑発と呪いを駆使して展開を阻止していく。 アーマーガア入りの相手には、バクゲコギャラを投げる。ペンドラーを見ると高確率でアマガが飛んでくるので、全力で破壊しに行く。 スターミーハラバリーアーマーガアはリザXでハラバリーを崩してギャラで詰めていたが、ペンドラーへの変更により勝てなくなってしまっている（相手のプレイング次第では勝てるのでだが、完璧にプレイされると理論上負ける）。これは「結局最終日にスターミーハラバリーアーマーガアを使うのは一人しかいない読み」だったのだが、最終日マジで当たらんかったので正解だった。 【苦手なポケモン】 下記のポケモンが複数体いるときが特にキツイ。 アーマーガア：バクフーンでの対面処理以外はプレイングで崩すしかないので大変。 ブラッキー：崩しのパターンは用意してあるものの、プレイング次第で余裕で負けられる。 カビゴン：PTに格闘タイプが不在なため、処理に時間がかかる。 水ロトム：電気の一貫があるPTなので型を読み間違えると一気に破壊される。 ハラバリー：電気の一貫があるPTなので（ry 【おわりに】 M-Bでもバクフーンとチャンピオン級がとれて嬉しいです！！ また、瞬間1位を獲った際に「バクフーン好きだけど、使い方が分からない」と思っている方々が散見されたので、この記事が多くの方にバクフーンを使ってみるきっかけを提供できたらと思います。繰り返しますが、 贔屓目無しに決して弱いポケモンではありません。是非一度使ってみてください。 少なくとも僕は次のレギュでもバクフーンと頑張っていきたい所存ですので、気になる方はTwitterのフォローやYoutubeチャンネル登録をして見守っていただけたらと思います。 それでは、最後まで読んでいただき誠にありがとうございました。質問・相談等あればTwitterまでよろしくお願いします（何かしらでこの構築や記事を取り上げたい際は、事前にこちらにご一報頂ければ幸いです）。 今後とも、良ければどうぞ、ご贔屓に。 ポスト ギ ギン ポケモントレーナーのギンです。
好きなポケモン達とバトルするのが好きです。
良ければどうぞ、ご贔屓に。

SV最高順位：49位
チャンピオンズ最高順位：140位

バクフーン/ルカリオ/カイリュー/デンリュウ/スイクン/ルギア ギ ギン ポケモントレーナーのギンです。
好きなポケモン達とバトルするのが好きです。
良ければどうぞ、ご贔屓に。

SV最高順位：49位
チャンピオンズ最高順位：140位

バクフーン/ルカリオ/カイリュー/デンリュウ/スイクン/ルギア ポケノート ツール サポート 記事一覧 チーム管理 お問い合わせ 記事検索 記事一覧 記事検索 チーム管理 お問い合わせ"
M-4,포켓몬 챔피언스 싱글 시즌 M-4 레이팅 2407 최종 153위 거북왕-코터스-이상해꽃 쾌청파티 소개,https://blog.naver.com/sssseop05/224369220782,윤섭님의블로그 : 네이버 블로그
M-4,[M-4/最終159位]展開マフォ×エッテサイクル｜Lani,https://note.com/azalea_742/n/n21cdf01fd47f,"[M-4/最終159位]展開マフォ×エッテサイクル｜Lani 投稿 ログイン 会員登録 [M-4/最終159位]展開マフォ×エッテサイクル 7 Lani 2026年8月5日 16:44 [はじめに] 皆さん初めまして Lani と申します。シーズンM-4にて最終チャンピオン級を達成することができたので備忘録として構築記事を残したいと思います。記事を書くのは初めてなので拙いとは思いますが、読んでいただけると幸いです。 [構築経緯] 前期の構築記事を読んでいたところ、カバルドン+ブリジュラス+高火力メガシンカの並びが結果を残しており、今期でも変わらず環境で動きやすいと考えたため、この並びを軸とした。 まず上記の軸の 高火力メガシンカ の枠だが、M-B環境で増加したメガメタグロスやメガマフォクシーの影響で数を減らしたものの、広い等倍範囲と特性によって通した時の破壊力と選出圧の高さを評価し、 メガフラエッテ を採用 同じく上記の軸より、物理相手に幅広く誤魔化し性能を持つ HB残飯カバルドン と、ステロ撒き,S操作,対面への削りなど広く役割を持てる HDオボンブリジュラス を採用。 次に2枠目のメガシンカ枠だが、フラエッテと攻めの補完が良く、前期結果を残していたメガメタグロスやメガゲンガーに相性有利を取れる メガマフォクシー を採用。 メガ枠が共通して不利をとるメガスターミーやイダイトウに対して強く、マフォクシーと相性の良い物理高火力の枠が欲しかったため 黒い眼鏡ドドゲザン を採用。 最後に、前期終盤から増えていたHDカバルドン展開やガブリアス+ニンフィア展開などに対して動かしやすく、瞑想+眠るでミラーでも有利を取れる カゴの実アシレーヌ を採用して構築が完成した。 [個体紹介] 最強の未亡人 [調整意図] HB→A32+メガギャラドス-↑1滝登り 確定耐え →A32+メガハッサム-バレットパンチ 確定耐え →A32+メガバシャーモ-フレアドライブ 87.5%耐え C→11n S→ミラー,100族意識 [技構成] サイクル下で消耗したフラエッテ受けを破壊する 破滅の光、 優秀なタイプ一致打点である ムーンフォース、 回復ソースの ドレインキッス、 特殊との撃ち合いに強い 瞑想 M-B環境では若干向かい風のようにも感じられたが、やはりフェアリーオーラ込みの技威力が凄まじく、初手フラエッテで試合が終わることもあった。選出圧が強すぎるため、相手の選出を絞りやすい点も本当に助かった。ちなみに、頻発するアシレーヌ対面では、非メガで瞑想を積んだ方が相手のムーンフォースの火力を抑えられる(最終日に気付いた)。余談だが、XY→ZAのフラエッテを絡めたストーリーは本当に面白いので、フラエッテ未所持の人にはぜひプレイしてもらいたい。 ビジュアルSSS [調整意図] H→16n-1でできるだけ高く B→余り C→11n S→準速130族抜き [技構成] 特殊との撃ち合いで強く、裏の起点作りもこなせる マジカルフレイム 、ガブリアスやラウドボーンへの打点となる サイコキネシス 、メガギャラドスやヒスイダイケンキへの打点となる 草結び 、起点回避から詰ませまで行える アンコール フラエッテの裏メガ枠として採用したが、最終的には7割くらいの試合で選出していた。特に草結びが偉く、電磁波と合わせてメガギャラドスを止めたり、交代先のヒスイダイケンキやイダイトウに負荷をかけたりととても使いやすかった。構築単位で地面技の通りが良いので、そこを浮遊＋アンコールで咎める動きも強力だった。Sは準速130族抜きに落としているが、メガゲンガーやメガライチュウYは思っていたより最速が多かったため、耐久を落としてSに補正をかけた方が良いかもしれない。マフォクシーを魔女路線でメガシンカさせたゲーフリに感謝。 ぽこあ内定おめでとう [調整意図] HB→できるだけ高く C→HD特化カバルドンが泡沫のアリア×2で落ちるライン(オボン込み) S→ミラー,65族付近意識 [技構成] 身代わりを貫通できることを評価して 泡沫のアリア 、優秀なタイプ一致打点である ムーンフォース 、カゴの実を最大限活かすことのできる 瞑想 + 眠る チャンピオンズ初期から採算言われていることだが、やはり水+フェアリーの複合が優秀すぎる。数を増やしている影響で読まれることは多いが、欠伸に耐性を持ちながら、ハラバリーを起点にすることができたり、ポルターガイストを能動的に対策できるカゴの実型はかなり環境に刺さっていると感じた。あとアシレーヌ界隈だけ異常にSラインが高いのをどうにかしてほしい() 実績取得数No1らしい [調整意図] HB→A32+メガバシャーモ-↑2インファイト 確定耐え →A32イダイトウ♂-ウェーブタックル 確定耐え →A32+珠ギルガルド-↑2ポルターガイスト 62.5%耐え HD→C32メガライチュウY-草結び 93.75%耐え [技構成] 優秀なタイプ一致打点である 地震 、最強技の 欠伸 、物理を受ける際に必須の 怠ける 、欠伸,残飯,砂ダメージと非常に相性の良い 守る シーズンを重ねる毎に対策が厚くなっているように感じるが、それでもあらゆる物理に対しての誤魔化しや削りの性能は健在。残飯カバルドンに守るは必須だと考えており、欠伸+守るの詰めや、相手が寝かせて無理やり突破してくる動きを咎めたりと、この技1つで立ち回りに大きく差が出る。不利展開の状況でも有象無象に対して引き分けを狙える点もレート制のランクバトルで評価できるポイントだった。非常に扱いが難しいポケモンであり、自分自身も上手く使いこなせている自信は無いが、ポケモン対戦の上達に繋がるポケモンなのは間違い無いのでどんな型であり1度は使うことをおすすめする。 正義 [調整意図] H→余りでできるだけ高く A→火力が欲しいため特化 S→ミラー,65族付近意識 [技構成] 高威力かつ運ゲー構築を分からせられる ドゲザン 、電磁波と合わせて行動不能も狙える アイアンヘッド 、強力なタイプ一致先制技である 不意打ち 、優秀な耐性と相性の良い 剣の舞 多少の数的不利くらいなら1匹で切り返す化け物。黒い眼鏡×総大将×不意打ちのリーチが異常であり、マフォクシーで無理やり起点を作って全抜きする場面も多々あった。ブリジュラスで電磁波を入れて上から縛れる状況を作ることで、少しでも不意打ち択を減らすような立ち回りも可能で、詰め筋が分かりやすくなるため非常に強力だった。あと悪戯心による変化技が効かないのも地味に優秀。 体重60kg←？？？ [調整意図] B→数値効率を意識しB補正 C→余り D→できるだけ高く [技構成] タイプ一致打点かつ無効タイプの無い ラスターカノン 、メガメタグロスやイダイトウへの打点となり、物理の積みにも切り返せる イカサマ 、中速と相性の良いS操作技である 電磁波 、カバルドンの欠伸展開と相性の良い ステルスロック 耐性,特性,種族値どれを取っても優秀。相手にした時の噛み合い性能は褒められたものでは無いが、様々な構築と合わせてカスタマイズ性のあるところは評価したい。持久力ブリジュラスでは珍しく強制交代技を採用していないが、そもそも吠えるやドラゴンテールはケアされることが多く、相手の積みエースに対しては電磁波と合わせてメガ枠で縛ることで解決できるのでこの技構成で良かったと思う。また、終盤メガガルーラが増えており、その並びに対して動かしやすいのも追い風だったように感じた。 [基本選出] 相手の構築によって幅広く投げていたためあまり基本選出は考えていなかったが、 ・カバルドン+ブリジュラス+フラエッテ ・ブリジュラス+ドドゲザン+マフォクシー で投げることが多かった。 [重いポケモン] メガライチュウY 圧倒的に重かった。一般枠で受けられるポケモンがいないため、1度不利対面を作られてしまうと切り返すのが難しかった。あとライチュウ+ミミズズが無理すぎる。 メガルカリオ マフォクシーの選出を強要される上、ウォッシュロトムやイダイトウと組んでいる並びが多いため、対処が非常に難しい。今期勝てた記憶が無い。普通に欠陥。 メガギャラドス 今環境のギャラドスは技スペースが足りていない印象だったため当たることは少なかったが、挑発持ちはかなり厳しい。 ヒスイダイケンキ マフォクシーを投げないといけない時に崩すのが難しい。マフォクシー対面で不意打ちを押してくる人はいないため草結びで無理やり削ることはできるが、スカーフは厳しいため、かなり強引な交代読みで崩すことが多かった。 [最後に] 構築の完成度が高いとは言い切れませんが、選出次第でサイクルから展開まで様々な戦術を取れる柔軟性のある構築に仕上がったと思います。また、このチャンピオンズというゲームで1つの目標にしていた最終チャンピオン級を達成できてとても嬉しい気持ちです。来期からは最終2桁を目標に引き続き頑張りたいと思っています。かなり難しいシーズンでしたが、何より最後まで頑張ってくれた6匹に感謝🙏 ダウンロード copy いいなと思ったら応援しよう！ チップで応援する #ポケモンチャンピオンズ 7 Lani フォロー トップ ゲーム ゲーム noteプレミアム note pro ヘルプ プライバシー クリエイターへのお問い合わせ フィードバック ご利用規約 通常ポイント利用特約 加盟店規約 資金決済法に基づく表示 特商法表記 投資情報の免責事項"
M-4,【M-4 最終162位】メノコちゃん積みサイクル - Amal699,https://amal699.hatenablog.com/entry/2026/08/05/203813,【M-4 最終162位】メノコちゃん積みサイクル - Amal699 Amal699 読者になる Amal699 2026 - 08 - 05 【M-4 最終162位】メノコちゃん積みサイクル 【M-4 最終162位】メノコちゃん積みサイクル 【M-4 最終162位】メノコちゃん積みサイクル 【初めに】 【結果・構築】 【構築経緯】 【構築コンセプト】 【個体解説】 【選出】 【きつい相手】 【最後に】 【Special Thanks】 【初めに】 初めまして。Amalと申します。 今期、初の最終チャンピオン級を達成できましたので、記事を残したいと思います。 改善点も多い構築だと思いますが、少しでも多くの人に参考にしていただけると嬉しいです！ 初心者の方にも伝わるように細かく書いてますので、ベテラントレーナーさんにとってはそんなんわかるわ、みたいな部分があると思いますが、ご了承ください。 構築の相談等ありましたら下記 X までお願いします。 X→@Amal_poke 【結果・構築】 レンタルID： 0XHPBE3N8D 【構築経緯】 シーズン序盤は気になっていた壁メガペンドラーを使用していた。 注目されてないのが不思議なくらい強かったが、カバルドンで止まるという弱点があった。 カバルドンはシーズン序盤爆増していた のもあって、かなり動かすのが難しかった。キュウコン目線でも、カバルドンがいると窮屈な立ち回りを強いられるので天敵といえた。 そのうえ、私は（相手に使われる）カバルドンアンチなので構築の動かしにくさから別軸を握ることを決めた。 ①しかし、壁を絡めた戦術自体は強力であると感じていたので、壁を貼るだけでなく崩しの起点にもなれる火力を持ち、なおかつ私の好きな メガユキメノコ を軸とすることを決めた。 ちょうど カイリューガルドが大流行していた 時期だったので、 氷ゴーストの範囲 刺さるのでは？という考えもあった気がする。 ②まず、ユキメノコを選出するうえで重い悪や炎に強く、汎用的な駒として アシレーヌ を採用。もちろん、カバを絡めた展開構築に隙を見せないという意図もある。 ③次にメノコの壁を強く生かせる積みエースであり、サイクル適正と補完に優れる ドドゲザン を採用。 ④この三体で苦しい炎メガ勢やグロスに強い枠として裏メガに マフォクシー を採用。アシレとドゲザとの補完もかなり取れていて自然なサイクルを回すことができた。 ⑤ここまでで、不意に来るライチュウが嫌なので地面枠が欲しかったのと、リザYが重かったことから ガブリアス を採用。 ⑥最後の枠に欲しかった条件は以下の三つ。 ・ゲッコウガやマスカ、ロップを起点にできて後投げもできる。 ・どくびしを回収できてムクホークとギャラ軸に弱くない積みエース。 ・あくびに隙を見せない。 これらに当てはまったのが 身代わり持ちのオオニューラ だったので、この子を入れて構築は完成。 【構築コンセプト】 ・積み技による高火力で、どこからでも崩せる攻めサイクル。 ・カバルドンに仕事をさせない。 【個体解説】 メガユキメノコ@ユキメノコナイト 特性：ゆきふらし 性格：ひかえめ 175(30)-90-90-198(20+)-120-156(16) ふぶき/シャドーボール/オーロラベール/わるだくみ 調整 H：16n-1 C：11n　 ＋2ふぶきでHD特化ブリ 高乱数1発 S：準速ガブ、最速ビビヨン抜き 基本的に初手に置く枠。マフォやリザYが見えたら投げないor裏から。 有利対面ではベールよりも吹雪による削りを優先することが多い。しかし、引かれた後に受けられないポケモンが相手にいるならベールを押す。受けに寄った相手なら巧み。 推しポケ枠での採用だったが、本当に強かった。現環境で高威力の氷打点が飛んでくることはほとんどないことから、氷の通りが非常によく、多くの試合に投げられた。 氷＋ゴーストor電気の技範囲 が環境に刺さっていたのと、雪による防御上昇のおかげで幅広い相手と打ち合うことができた。 巧みの採用意図は受けに対する想定外の崩しが欲しかったのとシャドボと10万両方押す試合がほとんどなかったから。ベールは対面性能とサイクルの補助の目的で採用。 例えば、アシレ相手にベール→巧み→10万と動くことで HP半分残したうえで壁下の＋2状態で突破ができる。 たまに当たる天候パに対して自然と対策になれるのも強かった。 元々最速110族抜きで使ってたが、押し切れるラインが全然違うのでひかえめでよかった。（ひかえめだと 巧み10万でメガギャラやアシレをワンパンできる ） 上位に行くほど最速調整は減っていくが、他のレート帯だと最速のガブやリザのほうが多いので人によってはおくびょうのほうが動かしやすいかも。 シャドーボールの枠は シャドボだとカイリューガルド に。 10万だとギャラニンフやアシレ絡みに強くなる 。構築的に初手に来るガルドがきつかったので最終日付近はシャドボにしていた。（公開パーティはシャドボですが好みで変えてみてください！） 有利対面を作ったときの選択肢が多く、 壁貼り、積み、高火力の押し付け （ワンチャン氷）と戦況に合わせて柔軟な動きができた。 他にもちょうはつ、みちづれ、いたみわけとか面白い技いっぱい覚えるので強い方々の開拓に期待してます。もっと注目されてもいいメガ枠だと思う。 選出率 2位 メガマフォクシー@マフォクシナイト 特性：ふゆう 性格：おくびょう 181(31)-80-106(14)-183(4)-145-188(17+) マジカルフレイム /サイコキネシス /おにび/アンコール 調整　（前期結果を残された、複数の方の調整を参考にしています。） HB：余り C  ：サイキネ×2で無振りガブを96.5％で倒せるライン S  ：準速メガミミロップ抜き 裏メガ枠。 主に炎メガ勢、グロス軸に選出 した。前作の黒バドやハバカミを彷彿とさせる使用感で、なんでもできるのがこのポケモンの強み。 ガブやミミッキュといったポケモンにあまり隙を見せたくないので、おにびで無理やり居座れるHB型を採用した。あまりおすすめしたくはないが初手で対面したらおにびを押す。 実際相手もまさかマフォが居座るとは思わないだろうと、剣舞やステロをしてくることが多かったのでおにびやアンコールで咎めてサイクルを崩す試合は多かった。 スカガブもアシレやドゲザと組ませて一貫が切れていること から、裏の起点にして対処ができるので居座りはあまり裏目にならない。 メノコを出せなくとも裏の積みの起点を作ることができるので構築にとてもマッチしていた。 幅広い相手に投げれるので型自体を変えることはしなかったが、おにびに依存しがちな不安定さが嫌で、選出に悩んだときはメノコ軸の方を信頼していた。 大事な場面でのおにび外しだけは本当に弱い。 選出率4位 ガブリアス@きあいのタスキ 特性：さめはだ 性格：ようき 183-182(32)-117(2)-90-105-169(32+) じしん/スケイルショット/かみなりのキバ/つるぎのまい ストッパーと崩しの役割を担えるタスキで採用。最速メガフラエッテが多かったので少しでも対面したときに勝てるように最速。HBエッテもかなり多かったので微妙ではあったかも。 タスキガブとのミラーを強く意識するなら、後攻スケショのほうが勝ちやすいのですばやさを1落としたほうが強い。（諸説） 雷キバ の枠はステロと選択。 クチート＋残飯ギャラ や、 シズクモエッテ の並びに何回か当たり苦しかったので対策としてキバを採用していた。採用してからも上記の並びにしっかり当たったので対策のおかげで拾うことができた。 選出率6位 オオニューラ@オボンのみ 特性：かるわざ 性格：いじっぱり 184(29)-176(10+)-100(20)-54-100-147(7) インファイト/フェイタルクロー/みがわり/つるぎのまい 調整 H：みがわり2回でオボンを食べるため偶数 A：11n B：余り S：最速メガギャラ抜き 構築の補完枠。ほしい条件にぴったりはまった補完枠なだけあって、選出した試合では毎回活躍してくれた。本構築で一番癖があり味もあるので詳しく立ち回りを書いておく。 サイクル適性を高めるためオボンでの採用。元々使用していた3ウェポン型だと能動的にかるわざを発動させられないので、 みがわり を入れてみたらこれがすごく強かった。 あくびのカット、有利対面での安定択、体力管理 とこの技一つで立ち回りの幅が段違いになったと思う。 〇有利対面で相手が交代するターンにみがわりを合わせることができて、裏からくるポケモンに素早さが負けてるときは、軽業を発動させるまで後攻みがわりすると剣舞するターンを作ることができる。この立ち回りができるだけでめっちゃ強くなる。 ただ、軽業を発動させるときはもう交代しないときなので、まだサイクルを回す必要があるときは身代わりが正解にならないので注意。 フェイタルの枠はアクロバットと入れ替えながら使っていて、 アクロバットだと、面倒などくびしムクホークやバナブラッキーに有利になる。 H振りムクホークを＋1アクロで（75％だが）倒せるので、相手の展開よりも先にみがわり軽業ができると有利になる。 バナブラに有利とは言ったがラウド入りだと仕事できないので注意。その時はドゲザやメノコに任せよう。 相手のマフォアシレの処理に思ったより苦労してしまい、アシレオオニューラ対面でかるわざを発動していないときに相手にかけられる負荷が少なすぎたので最終日はフェイタルにしていた。当てるならこの枠はダストが一番強い。 かるわざをどのタイミングで発動させるかを考えるのがこのポケモンを通すコツ。 最大の弱点はこの構成だとギルガルドが見えたときにかなり選出を渋ってしまうところ。というか投げられない。逆にガルドがいなければ意外と積極的に投げてもいい。 選出率5位 アシレーヌ@たべのこし 特性：げきりゅう 性格：ひかえめ 187(32)-94-124(30)-165(4+)-136-72 うたかたのアリア/ムーンフォース/アクアジェット/アンコール 調整 HB：できるだけ高く C   ：11n タイプが攻め受けどっちも優秀で刺さってない試合がまずないので出せば絶対になにかしら活躍する。 カゴ瞑想も強かったが、 メガミミロップを安定して受けてほしい ので残飯を持たせ、できるだけ耐久に振り切った。 他の構築記事でも飽きるほど言われていると思うが、 アンコール が本当に強くて相手のおねがい積み技にマジレスすることができる。この技あってのアシレーヌだと思う。 れいせいにした意図はギルガルドの下からアリアを打ちたいからなのだが、剣舞を押されると大裏目なので、上からアンコールで縛れるようにSを振ったほうが強かったかもしれない。 また、オボンを持っていないかつ遅いレーヌなので、ミラーはまず勝てない。このせいでマフォを選出すると相手のアシレが結構苦しいのが反省点。 選出率1位 ドドゲザン@ラムのみ 特性：そうだいしょう 性格：いじっぱり 185(10)-198(25+)-145(5)-72-105-96(26) ドゲザン/アイアンヘッド/ふいうち/つるぎのまい 調整 HB：意地ガブのじしん 上二つの乱数切り耐え A   ：余り S   ：無振りメガハッサム抜き 本構築で一番調整がいきたポケモンだったと思う。 まず、厄介なマスカやゲコ相手に安定したあと投げができるのが強みのひとつ。 （かわらわりゲッコウガに一度だけ破壊されました。） ラムのみのおかげで、カバやブラニンフを起点にして何度も三縦を見せてくれた。S振りも絶妙で、 メガハッサムを抜きつつ、チキンレースを繰り広げるアシレをまとめて抜く ことができた。 ハッサムは終盤かなり増えていたように感じたので、無駄な不意択を拒否して即決でドゲザンを押せるこのラインは正解だったと思う。 不意打ちを押したい時こそ剣舞やドゲザンを押せる 人が、このポケモンのポテンシャルを何倍にも引き上げることができるので、時には強気な技選択をしたい。もちろんリスクリターンを考えたうえで。 上位になると相手もそれをわかっていて、一周回ってふいうちが通ったりするんですけどね。なので 択をやらなくていい状況を作る のが大切。 マフォクシー相手には一回も不意打ち択勝てなかった。 【選出】 メノコ軸は対面、展開。 マフォ軸はサイクル といったイメージです。 こいつが積めたら勝てそう、メノコが初手で確実に仕事ができそうと思ったらメノコを初手に置き対面的に動くのが強いです。 もちろんメノコでサイクルを回す試合も多いのですが、メガ前は耐久が貧弱であと投げがなかなかできないので読めるときはしっかり 釣り交換 すると強く動かせます。 また、 マフォがメガ進化するまでは地面の一貫がある ので、初手にオオニューラやドゲザを置くと相手の初手ガブに破壊されますので注意。 とにかくメノコを早々に切らないことが大事 です。 壁を貼るだけで退場させないように心がけてみてください。 ・基本選出 ［メガ枠＋アシレドゲザ］ グロス、フラエッテがいなくて選出択になったときはメノコ投げてみてください。 マフォだったら勝ってたなよりメノコだったら勝ってたなのほうが多かったです。 ・対ギャラ ［メノコニューラアシレ］ ドゲザはギャラの起点になるので基本投げない。 メノコギャラ対面で壁を貼り、メガを切らせて裏で処理することを意識。 ニンフィアはメノコでけずり、あくびが飛んでこないターンにオオニューラ引きをすることで起点にできる。 10万があればメノコでギャラに対面勝つことも可能。 ・対グロス ［マフォアシレ@1］ 取り巻きのアシレが重いのでドゲザかガブで削ってマフォアシレの圏内に入れる。 またはグロスを軽業オオニューラで縛れる圏内まで削る。 メノコ軸はメノコの体力を大事にしないとグロスで詰むのであまり投げない方がいい。 ・対カイリュー ［メノコガブ@1］ 初手はガルドが来やすいのでガブかアシレを合わせたい。ガルドさえ倒せばメノコでだいたい勝ってる。 ・対炎メガ（バシャ、マフォ、リザ） ［マフォガブ@1］ アシレ入りのマフォミラーは気合。炎メガ構築はオオニューラが通ってることも多いので、メノコの壁からオオニューラを通すルートもあり。その場合初手はガブかアシレ。 対ハッサム ［マフォドゲザ@1］ マフォかドゲザどちらかの一貫を作る。アシレを入れてハッサム対面でアンコールを押すことを徹底するとより安定する。 【きつい相手】 ・ バトンパ きついというか切ってるので基本勝てない。 ・ ミトム フラエッテやルカと組んでることが多く、マフォを投げざるを得ないが、ミトムの突破に時間がかかるのでダメージレースに負けがち。 ・ 壁構築 特にロンゲ。キュウコンガブはマフォで見れるが、ロンゲの壁は止められないのできつかった。 【最後に】 長くなってしまいましたが、最後まで読んでいただきありがとうございました！ びびって撤退してしまいましたが、実は最終日付近はほとんど負けずに上がれたので、マッチング運はあれど、しっかりまとまった構築にできたと思っております。 マイナーポケモン好きなので本当はもっと自分色の強い構築にしたかったですが。 この構築も最初は負けまくりましたので、結局は練度とプレイングが大事なゲームだなと感じました。何回も動かさないと僕のメノコめっちゃむずいと思います。 しかし取り組んだことが結果に反映されるというのはやはりうれしいですね。 ポケモンチャンピオンズ最高！みなさんお疲れさまでした！ 【Special Thanks】 ヒアサムさん メガペンドラー強かったです。そして今期も二桁達成おめでとうございます。 おかげ様で今の構築に辿り着けました！ # ポケモン # 構築記事 # メガユキメノコ Amal699 2026-08-05 20:38 読者になる 広告を非表示にする 関連記事 2026-01-05 白馬ダイナ 初めまして。Amalと申します。 好きなポケモンTOP3は アマルル… もっと読む コメントを書く 白馬ダイナ » プロフィール id:Amal699 読者です 読者をやめる 読者になる 読者になる @Amal699417をフォロー このブログについて 検索 リンク はてなブログ ブログをはじめる 週刊はてなブログ はてなブログPro 最新記事 【M-4 最終162位】メノコちゃん積みサイクル 白馬ダイナ 月別アーカイブ ▼ ▶ 2026 2026 / 8 2026 / 1 はてなブログをはじめよう！ Amal699さんは、はてなブログを使っています。あなたもはてなブログをはじめてみませんか？ はてなブログをはじめる（無料） はてなブログとは Amal699 Powered by Hatena Blog | ブログを報告する 引用をストックしました ストック一覧を見る 閉じる 引用するにはまずログインしてください ログイン 閉じる 引用をストックできませんでした。再度お試しください 閉じる 限定公開記事のため引用できません。 読者です 読者をやめる 読者になる 読者になる
M-4,M-4 最終163位 最高レート2437 ジェネリックロンゲルナゼルネ｜レブロンぽけ,https://note.com/lively_serval576/n/n6165fe99393e,M-4 最終163位 最高レート2437 ジェネリックロンゲルナゼルネ｜レブロンぽけ 投稿 ログイン 会員登録 M-4 最終163位 最高レート2437 ジェネリックロンゲルナゼルネ 9 レブロンぽけ 2026年8月7日 21:47 お疲れ様です。レブロンぽけです！ チャンピオンズで初めてやっと最終チャンピオン級で終わることができたので記事に残したいと思います！改善点もある構築ですがよかったは参考にしてくださると嬉しいです！ あと、最後に例のXの話題にも軽く触れますw レンタルもあります！ 構築経緯 このルールになって光の粘土とオーロンゲが来たのでオーロンゲとゼルネアスを使いたかったためジェネリックゼルネアスことフラエッテとルナアーラを使いたかったためジェネリックルナアーラことサーフゴーをin、この3体から組み始めた。 次にゼルネアス(フラエッテ)だと鋼系統と炎系統のメガ進化ポケモン、具体的には、マフォクシー、メタグロス、ハッサム、ギルガルド、ゲンガーなどがキツくそれらに強くかつ壁にも相性がいいかつ威嚇でサイクル加入もできる点を考えギャラドスをin。 この4体だとスコビィラン、ミミロップがキツく負ける試合が多かったためHBSウルガモスをin。 ラストに初手の気合いだめブリジュラスやゲンガーをオーロンゲに合わせられるのがきつかったためそれに対面勝てるタスキガブリアスをin。 こうして完成しました！ 個体紹介 オーロンゲ H32 B24↑ あまりD 調整意図は本当に特にありません…。始めはHD寄りにしていたのですがマスカーニャのドライフラワーを2耐えできないのはしょうもないと思いBを集めにしました！個人的には悪くはなかったと思いますがキラフロルのヘドロウェーブ2耐えしたらアツいとは思いました！ 一家に一台欲しいタイプのポケモンね ゼルネアス(フラエッテ) H22  C12  S32↑ 本命彼女のフリをした愛人。 ゼルネアスとの明確な差別化点はまずフェアリー技の 調整は新緑発動時のマスカーニャのドライフラワー乱数12.2%で飛ぶ調整です。始めは確定だえまで振っていましたが火力もーちょい欲しい場面が多かったためちょっとCに降りました！ 最速か耐久振りか迷いましたが両方使って最速の方がいい場面が多かったため最速にしました！ 終盤フシギバナが増えていたことと、ゲンガー軸にも投げることがあったのでサイキネ採用にしました。 ルナアーラ(サーフゴー) H31  Ｂ25↑  C3  D3  S4 調整は前期31位のサーフゴーの調整を参考にさせていただきました！その調整よりもHを1削ってSに1回してます。こいつとルナアーラの違いでこいつがルナアーラに勝っている部分は圧倒的タイプです。(それ以外はボロ負け)はがねがあるからルナアーラと違って毒でやられることがないのと特性のおかげでアンコールや吹き飛ばしも効かなかったので個人的には壁構築で一番恩恵を受けることができるポケモンなののではないかと思います！ ギャラドス H9  A31  B1  S25↑ 1竜舞で最速マフォクシー抜きでAはできるだけ高くしてあまり耐久性に振った感じです！明確な耐久ラインとかはありません。 ゼルネアスが苦手なマフォクシー、ゲンガー、ハッサム入りなどに投げていた。 この身代わりがすげーえらい。今期ありえないくらいドラテブリジュラス、ドラテガブリアスがいてそれに対してのアンサーとして身代わりを入れました。オーロンゲで壁を張って捨て台詞でギャラバック、威嚇が入って身代わりを置く。このパターンでドラテガブリアスは基本カモっていました。ドラテ2回当たっても割れないので竜舞のガン起点にしてました。問題は竜舞しまくってもギャラの素のパワーがなさすぎて4舞噛み砕くでメガハッサム飛ばせない時はどうしようかとおもったけど。。。 ウルガモス H32  B24  S10↑ おそらく最速ギャラドス抜き？のはず？wあまりHB。出した試合は基本活躍してくれたが、最終日前日に採用した為まだ使い慣れなくて俺のプレイスキルで負けてしまう試合が多かった。これは俺の問題なのでウルガモスは悪くない。俺が悪い。 ガブリアス AS最速あまりB 諸説枠。ラムにしたり襷にしたりしたが結局選出しなかったし、選出した試合は基本全部負けた。 この枠はブリジュラス、ゲンガー、鬼火マフォクシーに強い枠がいいとは思う。誰か教えてくださいw 選出 オーロンゲ＋ルナアーラ(サーフゴー)+ギャラorゼルネアス(フラエッテ) 正直8割この選出 ミミロップがいる場合はサフゴの枠をウルガモス ガブリアスはなんかいけそうな時に出したが負けたのでベンチでOK。 総括 チャンピオンズ入ってずっと4.5桁でしか戦えてなくて、最終チャンピオン級も取れなくて自分的には本当に苦しい4ヶ月だった。しかし、今回は2桁こそは逃したものの上位の方でやっと戦うことができた。久しぶりに対戦を楽しむことができた！ただ、結果的には2桁にすら届かなかったので次は自己ベストの20位以上を目指したい！ Xの例のツイートに関しては正直話すこともない。あれは思ったことを書いただけです。自分のことを冷笑したい方は全然していただいて構いません。少しでもレブロンぽけという男を知っていただけで嬉しい限りです！ポケモンチャンピオンズがもっと良くなって皆んなから愛されるゲームになっていくことを望みます！ また、自分は普段YouTubeで毎日配信活動をしています。最終日対戦動画も出しますが、最終日や終盤の対戦は全て自分のYouTubeのメンバーシップにて1日10時間以上配信しています！（ガチです） 終盤のガチ対戦などが見たい方は是非入ってくださると嬉しいです！ メンバーシップは自分のチャンネルページから入れます！ YouTubeチャンネルはこちら 最終日対戦動画はこちら https://youtu.be/HFIS178jAIM?si=jJ4kiAmzckFaJo34 レンタルはこちら！ レンタル そして、ポケモンの個体を使わせていただいた方々、配信を見てくださったメンバーの方々、BGMやサムネを作ってくださった方々、本当にいつもありがとうございます！ これからも頑張っていきますので、レブロンぽけをよろしくお願いします！！！ ダウンロード copy いいなと思ったら応援しよう！ チップで応援する 9 4 レブロンぽけ フォロー トップ ゲーム ゲーム noteプレミアム note pro ヘルプ プライバシー クリエイターへのお問い合わせ フィードバック ご利用規約 通常ポイント利用特約 加盟店規約 資金決済法に基づく表示 特商法表記 投資情報の免責事項
M-4,【ポケモンチャンピオンズシングルM-4】劣化スコピReturnS【最終167位】 - 留舞ライボルト,https://summer-orange.hatenadiary.jp/entry/2026/08/06/131306,【ポケモンチャンピオンズシングルM-4】劣化スコピReturnS【最終167位】 - 留舞ライボルト 留舞ライボルト 読者になる 留舞ライボルト 2026 - 08 - 06 【ポケモンチャンピオンズシングルM-4】劣化スコピReturnS【最終167位】 お疲れ様です、なつかぜです 最近老化を感じています 【構築使用経緯】 前期とは別のメガ進化を触れようと思ったが、強い一般枠(カバルドン、アシレーヌ、ガブリアス、ブリジュラス、ギルガルド)に対してメガ進化枠の選出を歪められることの不都合をライボルトで知っていたため、そいつらに選出を歪められず、特有の範囲、定数による削り、弱体化性能を有しているスコヴィランからスタート 個体変更を行なっても原案を越えられる気がしなかったため、既存のパーツを自分の手に合う、もしくは立ち回りに言い訳が効く、失敗しても情報を得られやすいように微調整を施して構築完成としました 原案 昨シーズンの改悪例 構築名は2期連続で同じのを擦ってることからリターンに、何故か原案より足が速い奴が3体もいることからSです 【並び】 ドラミドロ@対応ナイト　適応力→再生力 穏やか:31-0-16-0-17-2 ヘドロ爆弾/流星群/毒菱/クイックターン H:再生力意識3n最大 D:性格補正なし32振りキラフロルの大地の力をメガ前で確定2耐え/11n(綺麗) S:無振りハラバリー抜き(毒毒採用時の名残) B:バシャ意識あまり(性格補正なし32振りガブリアスの地震最高乱数切り耐え程度) アーマーガア@オボン　プレッシャー 腕白:32-0-0-0-25-9 ブレイブバード/羽休め/ビルドアップ/挑発 B:鉄壁プレス鋼の被弾を意識して補正あり S:スコヴィランと同値、S振り50〜70属意識 D:ゲッコウガなどを意識してあまり振り切り ダイケンキ(翡)@気合いの襷　切れ味 陽気:0-32-0-0-2-32 秘剣・千重波/シェルブレード/聖剣/不意打ち S:ブリジュラス、最悪の場合遅めのフラエッテに殴りにいける最速 スコヴィラン@対応ナイト　不眠→飛び出すハバネロ 控えめ:31-0-0-2-32-1 リーフストーム/火炎放射/宿木のタネ/守る S:無振りメガハッサム抜き ピクシー@残飯　天然 図太い:32-0-27-0-7-0 ムーンフォース/コスモパワー/願い事/守る B:11n D:メガカイリュー意識、C無振りブリジュラスを対面から無理やり相手できる程度 (ラスカ+D上昇時ラスカの最大ダメ226が体力最大値+残飯回復2回と同値であり、大体願いで受かる) ガブリアス@スカーフ　鮫肌 陽気:0-32-2-0-0-32 逆鱗/地震/ステルスロック/岩雪崩 S:バシャリザ意識最速 【所感】 ・ドラミドロ M-4中盤からスコヴィラン(+ピクシー)の強さが認知されて、それ意識の崩しに対してはそこそこ強いため選出機会が増えました ゲンガー+鋼メガ進化に関しては臆せず選出したいところです 毒菱を撒きさえすれば、先発のメガではないキラフロルさえ処理できれば、もしくは後ろから毒菱を回収すれば、スコヴィランピクシーで詰められると想定できる場合は非メガ運用(一致技の火力は非メガ時の方が微妙に高い)、2メガ選出もM-3より積極的に行いました 配分は前述通り先発のキラフロルを非メガで対面処理できるくらい、無振りハラバリー抜き/カバルドン抜かれ、あまりBです Sに関してはメガニウムの個体数から結局毒毒不採用かつ、カバ、ハラバリーのS調整がまちまちのためなんとも言えなかったです ・アーマーガア 物理受けは成立しないので崩し枠です 配分の正解はわかりません(ゲッコウガ、アーマーガアの裏のハラバリーなどを意識したD基調である必要はあったはずですが) おおよそ抜いていて欲しいところは抜いていましたが、アシレーヌと同速のシーンが一度だけありました ・ダイケンキ(翡) 昨シーズンは意地で使ってたものを陽気としました(原案は陽気でした) 理由としてはカバルドンのD基調が増えて負担をかける必要がない(ちえなみ+シェルブレードで落とせる個体すらいる)ように感じられたこと、Sライン向上による得られる情報の増加などです 通りのいい悪技のついでに撒菱をばら撒いて定数ダメージを蓄積させられること、マフォクシーやゲンガーに弱くないところが魅力です サーフゴー入りにピクシーを出す場合はガブリアスやメガスコヴィランではなく、願ってからこいつを着地させたいところです シュカのみ(地面半減)やオッカのみ(炎半減)はいてもナモのみ(悪半減)には遭遇したことがなく、まともな処理ルートとして機能していました 命中不安云々よりも時折ちいかわになって不意打ちを打たないといけないこと、相手のスカーフ読みが変な方向に噛み合ったりすることの方が嫌でした ・スコヴィラン 強さの認知によって少し出せる場面は減りました 選出画面で誰を焼きたいか、そのためどこで体力を使いたいか、相手はどう崩してくるかを念頭において立ち回りました カバルドンやアシレーヌを迅速に処理するC補正リフストですが、シーズン中、中盤以降から3回ほど、カバルドンに4%くらい残して耐えられることが発生しました(D特化でした) 不眠を活かして非メガ宿り木から入るのも手ですが、確殺できることの方が多いカバルドンに捨てのステルスロックから入られてしまうこともあり、悩ましかったです ・ピクシー 特に言うことはないです 瞑想は手に馴染みませんでしたし、持ち物補正ありポルターギルガルドなんかも相手するためにコスパ以外あり得ないと感じました(そもそも相手してる時点でこちらがあり得ない側なのですが、負けないための最善の選択だと思います) コスパをアンコールされ、その上で引くことが難しい場合は解除タイミングで守るへ移行し、ppを使い切ることで対策としていました ・ガブリアス シンプルなスカーフです 強引な数的有利を確保しにくい構築で、技の一貫を作りにいくことが環境的にも厳しいですが、サイクルに介入でき、一部の高速メガ、毒、炎に対する縛り性能、鮫肌、ステロが優秀なため使い続けました 【選出】 パッと思いつくものを、左が先発です ・スコヴィラン+ピクシー+アーマーガア以外 ・ドラミドロ+アーマーガア+ガブリアスorダイケンキ(翡) ・ドラミドロ+ピクシー+ダイケンキ(翡)orガブリアス ・ダイケンキ+ドラミドロ+@1 などなど、臨機応変に 【結果】 TN なつウインド 167位 ダサいハンネTNよりもオタクTNの方がいいんじゃね？と思ってなりません 【終わりに】 お疲れ様でした 最終日深夜2〜3時に力尽き、シーズン終了後、見たはずのTNとの対戦内容を思い出せない方が多い自身の著しい老化に愕然としていますが、そんな自分にとっては十分すぎる結果で満足しています 色んなことを感じている人が多いとは思いますが、ポケモンチャンピオンズが配信され、たくさん対戦ができてすごく楽しいです 次もまた、何かの機会に当ブログを更新できたらいいな、と思っています それでは Twitter:@natukaze01_10 summer_orAnge 2026-08-06 13:13 読者になる 広告を非表示にする 関連記事 2026-07-09 【ポケモンチャンピオンズシングルM-3】追憶のｽｷﾋﾟ定数【最終282位】 お疲れ様です、オタクです構築名はスコヴィランとピクシー、ダ… 2025-08-24 【第8回TOP25%禁止杯】悪鳥スタン【最終5位】 お疲れさまです、なつかぜですいつもの禁止杯に参加しました↓大… 2025-03-23 【第7回TOP25%禁止杯】突貫動物園【最終2位】 お久しぶりです、なつかぜです禁止杯の季節にだけ戻ってくる回… 2024-02-01 【SVシングルS14】泥沼動物園【345位/2016】 お久しぶりです、オタクです体調もリアルも最悪でした、そのく… 2021-01-01 【剣盾シングルS13】蒼炎のイケメンfeat.ラティオス【最終155位/2015】 【はじめに】 年末まで足掻くオタクは美しいと思います、なつか… もっと読む コメントを書く « 長えぽつい　〜お試し雨〜 【ポケモンチャンピオンズシングルM-3】追… » プロフィール id:summer_orAnge ポケモンとか 読者です 読者をやめる 読者になる 読者になる このブログについて 検索 リンク はてなブログ ブログをはじめる 週刊はてなブログ はてなブログPro 最新記事 ブログトップ 長えぽつい　〜お試し雨〜 【ポケモンチャンピオンズシングルM-4】劣化スコピReturnS【最終167位】 【ポケモンチャンピオンズシングルM-3】追憶のｽｷﾋﾟ定数【最終282位】 【ポケモンチャンピオンズMCS202606】最終109位 月別アーカイブ ▼ ▶ 2100 2100 / 1 ▼ ▶ 2026 2026 / 8 2026 / 7 2026 / 4 ▼ ▶ 2025 2025 / 8 2025 / 3 ▼ ▶ 2024 2024 / 2 ▼ ▶ 2023 2023 / 12 ▼ ▶ 2022 2022 / 8 ▼ ▶ 2021 2021 / 2 2021 / 1 ▼ ▶ 2020 2020 / 12 2020 / 11 2020 / 10 2020 / 8 2020 / 6 2020 / 5 2020 / 4 2020 / 3 2020 / 2 ▼ ▶ 2019 2019 / 12 2019 / 9 2019 / 4 2019 / 1 ▼ ▶ 2018 2018 / 11 はてなブログをはじめよう！ summer_orAngeさんは、はてなブログを使っています。あなたもはてなブログをはじめてみませんか？ はてなブログをはじめる（無料） はてなブログとは 留舞ライボルト Powered by Hatena Blog | ブログを報告する 引用をストックしました ストック一覧を見る 閉じる 引用するにはまずログインしてください ログイン 閉じる 引用をストックできませんでした。再度お試しください 閉じる 限定公開記事のため引用できません。 読者です 読者をやめる 読者になる 読者になる
M-4,【M-4最終171位】最終日1週間前にレート1700でもチャンピオン級を取る方法,https://pokesol.app/u/yukurusu/articles/d156dadf62e7de07,【M-4最終171位】最終日1週間前にレート1700でもチャンピオン級を取る方法 ログイン ポケノート 注目記事 記事検索 ツール ダメージ計算(準備中) チーム管理 Pokémon Soldier X YouTube Twitch GitHub サポート お問い合わせ 条項 利用規約 プライバシーポリシー 免責事項 非力アームハンマー 0 ゆ ゆーくるす 目次 ページトップへ 【M-4最終171位】最終日1週間前にレート1700でもチャンピオン級を取る方法 その他 シングル M-B M-4 初心者向け チャンピオン級 2026年8月5日 に公開 はじめに おはようございます。ゆーくるすです。 別に結果自体はそこまでではあるので「何偉そうに語ってるんだ」と思う方もいると思いますが、溢れ出る承認欲求とオフ宣伝のために記事を書きました。 最後まで読んでくれると嬉しいです。 また、先に断っておくと自分はそこまでポケモンが上手い側の人種ではないのでいわゆる「人の強さ」ではないです。そして、この記事は人の強さで勝てない側の人向けの記事になってます。 宣伝 ①EXTREME 8/15.8/16に 2daysで開催される大型オフ大会です。 シングル・ダブル合同なのが特徴で、普段どちらかしかやらない人は新たな出会いや発見があるかも！？ 全試合BO3(2本先取)で、ちょっとだけランクマと違った対戦も楽しめます。 また、招待選手として うわっきーさん、ビエラさん、キヌガワさん、アルカナさん の豪華な4名のプレイヤーが参加されます。とてもおすすめのオフなので夏の思い出作りにぜひ来てください！ ②NOVA Swift 9/6に開催されるSOUL VIEW×ポケモンサークルによる 新星トレーナーに焦点を当てたオフライン企画 です。 シングルバトル最強のポケモンサークル員を決めるため、若き才能がぶつかり合います。 シーズン最終日直前に強者が鎬を削る、最高の勉強場所になること間違いなし！ ポケモンサークルに所属している方はぜひ選手としての出場を目指して 8/21のオンライン予選 に参加を、所属していない方は観戦や配信をお楽しみいただけると嬉しいです！ 自分のレート推移・結果 7/29段階でレート1700でした。ちなみにオフ構築の試運転などで数十戦は潜っていたのでちゃんと勝ててない1700でした。 また、この後31日にレート2000。1日にレート2100。2日に2200。3日に2300。4日に2400と1日ごとに約100上げたということになります。 1900→2000と2100→2200はキャスの録画が残っています。また、今月は完全に1ロムのみで潜っていて、最高最終レートが2404.863の171位でした。 チャンピオン級を取る方法 あらかじめ書いておきますが今回の内容は手っ取り早く結果が欲しい人向けであって、実力をつけたい人にはあまりオススメできるものではありません。 ①構築選び 「構築作成」ではなく、「構築選び」です。 一部自分で変えるにしろ、基本的には既存の構築を使うことを推奨します。 最終日前にレート1700以下の人間は、潜っていようがいまいが環境理解が甘く、そのような人間が構築を組んだところで大抵強くない構築が出来上がります。それなら前のシーズン、もしくはシーズン中に世に出た強い構築を使う方がレートを上げやすいです。 その中でも、特にオススメの構築の選び方があるので紹介します。 2桁後半以下の構築を使用する 前期1桁や2桁前半は型バレや、環境上のメタの周りがかなりあると考えています。 また、体感ではありますが2桁後半や3桁前半の構築は 「構築自体は強かったが環境との巡り合わせが悪かった」「構築自体は強かったが運が悪かった」 ようなものがいくつも存在するため、そのような構築を拾うとバレてないのに強い構築を使うことができます。 サイクル構築を使用する 対面構築は練度と感覚が結構必要だと思っています。役割集中とかの概念が難しいのに加えて、そのシーズンに刺さっているかが怪しいのと勝ち方に再現性を作るのも難しいです。 それに対してサイクルはAで○○を見る。Bで××を見る。のような形で、ポケモンが上手くない人間でもとてもわかりやすく、よほど軸の刺さりが悪くなければシーズンが変わっても元と近いパワーを出すことができます。 言ってしまえば、記事を読んで理解できれば 動かす難易度が低い ということです。 同じ方面で難易度が低いという意味では展開構築も選択肢に入りますが、展開構築はそのシーズンごとに刺さるかどうかがかなりまちまちなことが多いのでいくら結果があっても盲信するのは少し危ないと思います。 もちろんサイクルより対面が得意なら対面を使ってもいいとは思いますが、特別に得意苦手がないならサイクルがおすすめです。 運に頼る構築(ビビヨン・オニゴーリ等)は選ばない 「レート上げ用構築」として運ゲー構築が紹介されることがよくありますが、個人的にはあまりおすすめしません。 あの手の運ゲー構築は、対戦数をこなすことで一定の勝率を叩き出すことを目標にして作られています。また、対策されていることも多く、負ける相手には一瞬で負けてしまいます。それでは少ない時間でレートを上げることは厳しいです。 対戦数を稼げるならそれでも良いですが、今回のような時間が足りない場合は立ち回りと構築で連勝することができる構築が適していると考えています。 記事が上がっていて、特に「基本選出」や「変更の候補」が書かれている構築を選ぶ 短い期間で練度を上げ切るのは難しいので基本選出や基本の動かし方が書いてあるもの。また、元の構築からの変更案が書いてあるものは自分が考える部分をカットすることに繋がるのでとても有益です。 その構築を使い込んだ人の記事は、詳細に書いてあれば書いてあるほど使いやすいので、そういった記事を参考にするのがいいです。 ここまでの要素を踏まえて、自分はシーズンM-3にて ガルドぽけさんが使用していた「マフォクシー+ねむカゴブリジュラス」 を使いました。 ガルドぽけさんの構築は非常に綺麗にまとまっているかつ、構築記事も非常に丁寧に書かれているのでとてもおすすめです。 ちなみに、ガルドぽけさんも冒頭で宣伝をした「 NOVA Swift 」に選手として出場されます。ぜひ見に来てください。 構築記事内でミミロップを試してみるべきだったと書かれていたので、ムクホークの枠をミミロップに変更しました。型はカイリューガルド軸への対策のためインファトリアク、メガゲッコウガへの対策としての猫マッパを採用し、この技構成としました。 構築さえまとまれば、後は潜るだけです。 ②潜り方 序盤にレートを盛れていないのであれば、とにかく潜って潜って潜りまくるのが大事だと思います。自分もテストが終わった30日〜最終日まで毎日2時間くらい潜ってました。 この時、下のレート帯でそこそこ停滞したとしてもあまり気にしなくていいと思います(自分はしました。特に1700から1900の間)。 結局最終日3桁帯で勝てるかどうかが大事になるので、やたら下に多いライチュウに負けたからライチュウに厚くしよう！みたいな感じで構築を歪ませると上がったときに勝ちにくくなります。 また、運負けでプレイングが荒くなる自分のようなタイプの人は運負けしたら10分くらい時間空けて潜るのおすすめです。明確に勝ちやすくなります。 以上2点を意識して、自分は1700から1週間でチャンピオン級を取ることに成功しました！ おわりに ここまで読んでいただきありがとうございました！ 今シーズンは7月中多忙な上に最終日あまり潜れないことを考えてお休みモードだったのですが、終盤レート爆盛りできたのでとても嬉しい気持ちです。 この記事を読んでくれた方の役に1ミリでも立てると嬉しいです。それでは質問などあればTwitter(@Rankurusu_poke)の方にお願いします。 ポスト ゆ ゆーくるす ゆ ゆーくるす ポケノート ツール サポート 記事一覧 チーム管理 お問い合わせ 記事検索 記事一覧 記事検索 チーム管理 お問い合わせ
M-4,チャンピオンズM-4 最終175位 R2404 ガブラフロル - ポケモンチャンピオンズ,https://norunpoke.hateblo.jp/entry/2026/08/05/222441,チャンピオンズM-4 最終175位　R2404 ガブラフロル - ポケモンチャンピオンズ ポケモンチャンピオンズ 読者になる ポケモンチャンピオンズ 2026 - 08 - 05 チャンピオンズM-4 最終175位　R2404 ガブラフロル お疲れ様ですシンです。 M-4お疲れ様でした。 結果は正直自分の中では満足していないのですがチャンピオン級は超えたので記録として残しておきます。 よければ見てみてください〜 (いつもよりは短く書きます) 【使用構築】 【最終順位】 【構築経緯】 【個体紹介】 【選出】 【重いポケモン】 【立ち回り】 【最後に】 【使用構築】 【最終順位】 ミミッキュ、ラム→珠 ※最終日にサブロムは珠にしたがメインはそれまでずっとラムで使用していた為、変え忘れていました。最終日ラムでの選出はなし 【構築経緯】 前期の構築が使用感が良かったのと今期に入ってあまり時間がなく、構築を練る時間がなかった為、前期の構築を引き続き使用することにした。 前期の構築 norunpoke.hateblo.jp 前期の構築から アシレーヌ→ミミッキュ、ガブの性格→意地、メガメガニウムの技　原始の力→マジカルシャイン、マフォクシーの努力値をメガルカリオ抜き にして抜きエースとしてより機能するように悪巧み型へと変更した。 アシレーヌからミミッキュに変更した理由としてはアシレーヌが見ていたメガバシャーモを対面からなら良い勝負ができる点や呪いを入れればバトンも同様に見れる且つ、対面的な性能も剣の舞＋珠で火力増強ができるミミッキュの方が適任だと判断したから。 ガブリアスは前期の記事を拝見していた際に、自分以外の襷ガブが全員意地っぱりで使用していたため。 メガメガニウムのマジシャへの変更としては流行りのカイリューガルドを考えたら数が少ないリザやウルガモスを考えて原子の力にするよりマジシャの方が今の環境では適していると判断したため。また、ガブリアスの毒づき採用も増えていた為、ガブリアスに隙を見せないようにするにはマジシャが必要だと感じたからでもある。 マフォクシーの調整は元々前期の調整がゲッコウガ抜きという曖昧な調整であった為、このパーティにおいてマフォクシーが相手をすることが多い、ルカリオに焦点を当てて調整を施した。 前期のパーティでは鉄壁メタグロスがきつかったが今期もそのグロスが覇権を取るとは到底思えなかったので特に対策はしなかった。 (実際、型がバレた今では対処がしやすかった) また、ニンフィアが前期と比べて明らかに数が増えていて対処をしとかないとまずいと判断した為、ミミッキュの呪いをミストフィールドに変更した。 【個体紹介】 ※今回は前期とほぼ同じなのと結果が出ていないシーズンなのでだいぶ簡略化します。 ミミッキュ@命の珠 ニンフィアやブラッキー対策としてミストフィールドを採用。 これにより↑2体に強く対処がより簡単になったが正直この技を入れる以外のやり方でニンフィアやブラッキーを見れるポケモンを思いつきたかった(ミストフィールドの採用により汎用性が下がる為) ブラッキー@食べ残し 前期と同じ型。 前期と比べてラム持ちが増えた為、複数回ガブリアスにボコされたが今期も変わらず活躍はしてくれた。 ニンフィアの方が今の環境で優れていると言われているがこの構築においてはメガエースのメガニウムとタイプが被り抜群技が一貫してしまう為、 ブラッキーの方が適任である。 メガニウム カイリューガルドに強くする為に原子の力をマジカルシャインに変更。 また、毒づきガブリアスに行動をさせない為にもこの環境においてはマジカルシャインの方が優先度が高かった。 リザードンやウルガモスが反面きつくなってしまうがウルガモスはともかくリザードンはステロさえ撒いてればブラッキーで相手することができるのでそこまで気にはならなかった。 ガブリアス 今回は意地での採用。 襷のドラテ持ちガブがかなり増えていて同速ドラテ対決が何度か発生した。 襷ドラテの使い勝手が良すぎる為、今後標準搭載されると思います。 マフォクシー メガルカリオ抜き調整個体 耐久と火力、素早さどれも上手く纏まっていて個人的に好きな調整。 このパーティにおいてはゲンガーをみて投げることはしていない為、一番の対象をメガルカリオに設定し、そこから努力値を調整した。 この数値だと C→ ＋2オバヒでH32.D2ブラッキーに対して乱数1発、93.75% HB→イダイトウの陽気クイタンで18.75% メガスターミーのアクジェで12.5%でしか瀕死にならないくらい硬い(振らなきゃほぼ瀕死です) また、対面することが多いメガムクホークのブレバも意地だとしても6.25%でしか落ちない。 自分と同じように別のルートでゲンガーの処理ルートがある人はこのような調整おすすめ。 キラフロル@オボンのみ 前期と同じ個体 毒によるサポートでメガニウムやマフォクシーの通りをよくする為に選出した。 毒菱解除の為、マスカやゲッコウガがいたら投げていた。 【選出】 前期の記事参照 【重いポケモン】 特にこれが重すぎるというポケモンはいないがミミッキュ＋ルカリオやアシレーヌ＋キラフロルのようなメガ枠であるメガニウムとマフォクシーの両方のポケモンが欲しくなるような組み合わせが本当にきつい 特にミミッキュやアシレーヌはメガニウムを選出できているから重くなっていないだけあってそのメガニウムが選出できないとなるととてもキツくなる。 ちなみにミミッキュはステロ＋皮ダメ＋ソラビで大体落ちる為、実は処理自体は簡単である。先に珠ダメ入ればステロなくても倒せる。 ※これを知らないと正直とても苦戦します 【立ち回り】 ※よく聞かれたもの、聞かれそうなものを回答 VSメガゲンガー キラフロルのだいちやブラッキーのイカサマでHPを削り、メガニウムで一回草分けを打ち上からウェザボを打って処理します。 メガニウムはゲンガーに弱いですがこうすることでメガニウムに毒技が被弾する前に倒せます。 VSカイリューガルド ガブリアスのステロからのブラッキーで欠伸、メガニウムがどこかで草分けをすることができればマジカルシャインやウェザボで倒せます。HDフロル+ブラッキー+メガニウムの組み合わせでも対処可能。このパーティは処理ルート多いのでそこまで苦戦しなかったです。 VSミミッキュ、VSアシレーヌ なるべくメガニウムを選出します。メガニウムがいるかどうかでだいぶ変わるのでこの２体いたら基本出しましょう。 ミミッキュの処理ルートは先ほども書きましたがステロ+皮ダメ(草分けで破壊します)+ソラビです。 【最後に】 とにかく運が悪い最終日でした。 メガゲッコウガのあくは3連怯みから始まり有効急所3発ほど(全て勝敗に直結)、ヒヤッとした急所2発、10万ボルト1発麻痺からの2連痺れ、マフォに対してガブが岩石２回連続外し、じゃれドラテほぼ外す等。 次回取り組むシーズンは流石に前期のようなことがないことを願うばかりです。 あと話変わるけど運営は水曜日を最終日にするの本当にやめてほしいんやがいつになったら届くのだろうか、、、 全員が全員最後まで潜れるわけではないのだからそこのところ本当に考慮してほしいですね。 来期はやるかどうかわかりませんがまた頑張ります！ norunpoke 2026-08-05 22:24 読者になる 広告を非表示にする もっと読む コメントを書く チャンピオンズM-3最終44位 R2505 復活ガ… » プロフィール id:norunpoke 読者です 読者をやめる 読者になる 読者になる このブログについて 検索 リンク はてなブログ ブログをはじめる 週刊はてなブログ はてなブログPro 最新記事 チャンピオンズM-4 最終175位　R2404 ガブラフロル チャンピオンズM-3最終44位 R2505 復活ガブラッキー 御三家を添えて チャンピオンズM-2 最終251位 R2330 万能ピクシーガブ チャンピオンズ M-1 最終357位　R2555 メガニウムに全てを託して 月別アーカイブ ▼ ▶ 2026 2026 / 8 2026 / 7 2026 / 6 2026 / 5 はてなブログをはじめよう！ norunpokeさんは、はてなブログを使っています。あなたもはてなブログをはじめてみませんか？ はてなブログをはじめる（無料） はてなブログとは ポケモンチャンピオンズ Powered by Hatena Blog | ブログを報告する 引用をストックしました ストック一覧を見る 閉じる 引用するにはまずログインしてください ログイン 閉じる 引用をストックできませんでした。再度お試しください 閉じる 限定公開記事のため引用できません。 読者です 読者をやめる 読者になる 読者になる
M-4,M-4/最終181位 R2403 🌱やどみがエルフーンを極めてみた🌱,https://pokesol.app/u/bisi2992/articles/c5f674cfc203a944,M-4/最終181位 R2403      🌱やどみがエルフーンを極めてみた🌱 ログイン ポケノート 注目記事 記事検索 ツール ダメージ計算(準備中) チーム管理 Pokémon Soldier X YouTube Twitch GitHub サポート お問い合わせ 条項 利用規約 プライバシーポリシー 免責事項 0 ビ ビシエド 目次 ページトップへ M-4/最終181位 R2403      🌱やどみがエルフーンを極めてみた🌱 構築記事 シングル M-B M-4 2026年8月5日 に公開 どうもビシエドです。今期もチャンピオン級を達成できました。これで3期連続になります。 今日は構築記事というよりは今期使ったポケモンの紹介をさせてもらいます。 構築の軸は「やどみがエルフーン」です。 このポケモンがルールと相性が良く、どんな不利構築に対しても引分できる可能性を秘めています。ただ、勝ちを拾わないといけないのがポケモンというゲームなので奇襲をすることを軸に今期はポケモンを考えました。 エルフーンの苦手なサーフゴーやリザードン、その他鋼タイプを倒して、有利なカバルドン、ガブリアスなどと対面できるかを考えてギミックのような構成になっています。 🧚前シーズンから環境の変化 (個人の体感) メガメタグロスが減った代わりにアイアンヘッドなどの採用率が高く感じた。 サーフゴーやギルガルドなどの増加 ガブリアスのどくづき持ちの増加 終盤増えたフラエッテに合わせてハッサムやアーマーガアの増加 ハッサムはほとんどが羽採用 マフォクシーが激減 こう見ると結果が出たのは凄いと思う😅 やどみがのループ本質 基本的に対面でみがわりが割れない状態を作る。または交代側にやどりぎを入れる、みがわりを残すの3点で成立。ただ、みがわり貫通のハイパーボイスや泡沫のアリアは弱点 やどりぎの回復量で型(素早さを判別) 例:ブリジュラスの場合 回復量が24であった場合 24×8＝192のためHぶっぱと予測できる。 現環境でHSのブリジュラスが存在しないため素早さ関係を判別することができる。(絶対とは言えないが) このHP管理もかなり大切なこと。 ポケモン紹介 メインポケモン６匹 エルフーン　たべのこし ルール上強いのポケモン やどみがループという継続率90%(やどりぎの命中率)が魅力のポケモン。 Hは161と私の好きな数字(食べ残し効率調整) 40ダメージでみがわりが割れるなど覚えやすい コットンカードであらゆる物理を完封する。 みがわりが残っていれば交代側のポケモンにやどりぎを入れてループに入れることができる。 得意ポケモン メガギャラドス、カバルドン、ガブリアス、メガミミロップ、メガガルーラ、メガラグラージなど 苦手ポケモン サーフゴー、メガフシギバナ、特殊ギルガルド、珠ドリュウズ、のろいミミッキュ、どくづきガブリアス、メガマフォクシー、リザードンYなど プレイング注意点⚠️ 1.択が多く発生する。例えば有利対面でも相手の裏にリザードンYなどのポケモンがいる場合悠長に有利対面でコットンガードを押してはいけない。 2.交代読みやどりぎを押す！ コットンカードを積んでもギリギリ身代わりが残らない微妙な対面は択が発生している。 上手いプレイヤーはコットンカードを読んで特殊高火力ポケモンに交代してくるため交換読みでやどりぎを押すこと！すごい大事！ ※次の交代サイクルでは身代わりが残り コットンガードが安定になるため。 🌱エルフーンを立てるポケモンたちの紹介🌱 🌱ウツボット　ウツボットナイト🌱 前期も使った型 はたきが優秀で相手のアイテムを叩くのはもちろん、サーフゴーやギルガルド引き読みではたきを決める瞬間が最高に良い⭕️ Aに振ることで相討ちがしやすくなっている。 逆にこいつが対面突破できたらほぼ勝てるが、相手のプレイングミスくらいでしか対面で勝った記憶がない 役割 1.サーフゴー、ギルガルド、リザードン、マフォクシー、マスカーニャ、ドリュウズなどエルフーンが苦手なポケモンと相討ちすること。 2..基本初手か2番手 3番手に投げると特性がない雑魚になってしまう。 得意なポケモン カバルドン、アシレーヌ、ヒスイダイケンキなど(少な) 苦手なポケモン メガフシギバナ、アーマーガア、ハッサム、 ブリジュラスなど (苦手は少ない相討ちできるからね) 🌱ハラバリー　オボンの実🌱 見た目が1番好きなポケモン！ カバルドンのSレースが激しかったのでSを多めに振った！ 役割　⭐️超重要⭐️ 1.ブリジュラスを盤面から排除させる みずびたし→どくどくすることでブリジュラスの延命を拒否、ドラテで流されてもブリジュラスが水タイプになっているためウツボットのギガドレインが通るようになる。 2.地面タイプがいない構築の初手の安定感 とりあえず後攻ボルチェンしてれば相手が崩れていく。 例えば最近流行ったバラゴモードパとかにね⭐️ 3.カバルドンにあえて倒される 相手のポケモンがある程度割れていてエルフーンがラストにいる場合あえて倒されてエルフーンの起点を作り詰めれる試合が意外に多かった。 得意ポケモン ブリジュラス、メガカイリュー、ゲッコウガなど 苦手ポケモン ドリュウズ、ガブリアス、マンムーなど 🌱ヒスイゾロアーク　タスキ🌱 破壊光線が打ちたくて採用！ 基本ウツボットに変身することでメタグロスがメガ進化しないで突っ込んできた場面が3回ほどあった。シャドボ＋破壊光線でリザードンYが倒せたり、無振リザードンXをワンパンしたりと何かと強かった印象。こいつがパーティにいるとギルガルド選出率が極限に下がる ハラバリーに化けて破壊光線打つとすごく可愛いモーションが見られる👍 得意ポケモン メガメタグロス、ギルガルド、サーフゴー、ガブリアス、リザードンなど 苦手ポケモン マスカーニャ、ハラバリー、ニンフィア、サザンドラなど 🌱ミミッキュ　いのちの珠🌱 のろいとエルフーンの相性が良いため採用 役割 ドドゲザンに1発🤛をかます！ のろいで退場してエルフーンの苦手なポケモンを交代させて有利対面を形成する じゃれ＋かげでフラエッテを倒すなど 苦手や得意なポケモンはなし！ 🌱メガガルーラ　ガルーラナイト🌱 運だけポケモン。 ZAしてたらこいつが追いかけてきて色違いだったため運命だと思い採用。 奇襲が決まったらラッキー程度 最終日にハッサムが爆増して引分が大量発生したため🔥パンチを採用！ 相変わらず🧊パンチの🧊だけが強いポケモン ただ、岩石封じは強かった。 役割 リザードン、ウルガモス、ハッサムへの奇襲 その他は冷凍パンチ凍らせる ここまでが最終日使った６匹になります。 どのポケモンを見てもエルフーンの苦手なポケモンを奇襲する型になっています。 読まれないことがポケモン対戦で大切であるのと同時にプレイヤーとしてまだまだ未熟だと思う部分も感じます。 最終日付近に使ったポケモンの紹介 🌱メガミミロップ　ナイト🌱 ブリジュラス投げないでね要因で採用。 しかし、ブリジュラスが出てこないどころか毎回選出されるのと技外しが怖すぎて最終日は採用できなかった。 けど当てれば最強な気はしてる 🥷ゲッコウガ　タスキ🥷 リザードンYに激強の型 あまごいを打つことで相手がソラビを選択していた時点で瞬殺。 が。そう上手く決まるわけもなく選出を全然しなかったためいつのまにかクビに😅 🌱バンギラス　バンギラスナイト🌱 前期結果を残された方のお力添えで使ってみた。思ってる以上に強くてビジュも好きだしもっと使いたかったが砂との構築相性悪すぎのため最終日には採用できなかった。 技もあと2つ欲しいところ！ 使えただけで満足！！ ⭐️おすすめ選出⭐️ 🌱ウツボット＋ハラバリー＋エルフーン 前期も使ったが安定感がある。 バラバリーで対面操作して毒を入れつつエルフーンの苦手なポケモンはウツボットが爆発して持っていき、最後にエルフーンで締める構成。 決まるとすごい気持ちが良い👍 🌱エルフーン＋ミミッキュ＋ガルーラ ガルーラが刺さっている時に選出 ガルーラで何匹か持っていき、残りをミミッキュで刈取最後エルフーンで締める〆 ガルーラの奇襲が決まっていればほぼ負けなかった。決まったらね。 🌱ゾロアーク＋エルフーン＋ウツボット ゾロアークでウツボットに変幻して奇襲を仕掛けて数的有利を作る！　ゾロアークの破壊光線の反動のケアをウツボットやエルフーンで行うことができるため相性がかなり良かった👍 総括 今回も無事チャンピオン級を達成でき、エルフーンを軸として戦っていくという目標を達成できたことが良かった。 信じてもらえないかもしれないが2400チャレの試合はドリュウズとメガムクフォークをエルフーン１匹で突破した？？！😅 ウツボエルフーンをもっと開拓していきたいが使ってみたいポケモンでメガスコヴィランもいるため色々試していきたい！ 長い記事なって申し訳ないです。 読みにくいなって思った方は YouTubeでライブ解説もやってますので良かったら登録してね↓ ポスト ビ ビシエド ビ ビシエド ポケノート ツール サポート 記事一覧 チーム管理 お問い合わせ 記事検索 記事一覧 記事検索 チーム管理 お問い合わせ
M-4,噛み合い攻めサイクル - otsukun-pokeの日記,https://otsukun-poke.hatenadiary.jp/entry/2026/08/05/152430,噛み合い攻めサイクル - otsukun-pokeの日記 otsukun-pokeの日記 読者になる otsukun-pokeの日記 2026 - 08 - 05 噛み合い攻めサイクル ようやくチャンピオン級に到達したので 初めて構築記事を書いてみます 「乙くん」と申しますどうぞよろしく🤩ﾄﾞﾋｬｰ 最終レートと順位はこちら↓ 来月からはもっと高みを目指す 【構築経緯】 Tiktok配信者の「リン」さんが使っていた リザY＋きりばらいアーマーガアを軸に構築。 SVではこだわりサイクルを好んで使用していたため こだわりと同等の火力押しが出来るスターミーを相方として選択。 裏のポケモンは、リザYが絶対勝てないカイリューを強く意識し、ハラバリーとタスキガブリアス。 マスカーニャはこだわりポケモンの象徴なので採用（ギャラドスが重いため、ちょうどよかった） 【個体紹介】 ・メガスターミー さすが攻め意識が認めた男。特に書くことはない。みーんな知ってるそのままのポケモン。 ・アーマーガア リザYが呼ぶステルスロックを除去する高耐久カラス🐦‍⬛ ハッサムと迷ったが、普通にガブに負けるため無し。 ブレイブバードは、構築的に重いミミロップやフシギバナへの打点。ムクホークへの急所で拾った試合もある。 とくせいはミラーアーマーで使ったが、マジで強かった。プレッシャー？（笑） ・ハラバリー まあ攻め意識のとだいたい同じ。 攻め意識のハラバリーを抜こうとするカバルドン抜き。1回だけこれでも抜かれた。ふざけるな ・リザードンY ガチ破壊神。半減とは何ぞや？ポケモン HB ・特化メガスターミーのアクアブレイクを最高乱数以外耐え ・特化メガメタグロスのかみなりパンチを87.5％で耐え ・特化イダイトウ♂のウェーブタックルを81.3％で耐え C ・HD特化ブリジュラスをオーバーヒートで93.7％で落とす S ・準速80族と同速。 Cから1削ってここに振ると、おれは運が悪いのでブリジュラスをワンパンする可能性が低くなる。 故に諦めて同速。 マジガチのMVP！最強ポケモンだった！ ・マスカーニャ 陽気にするか意地にするか最後まで悩んだ 全然陽気でも良かった気がするが、構築的に重いマフォクシーへのとんぼがえりの削りを優先し、意地っぱり採用。 トリプルアクセルを入れると、おれはギャンブラーなので打ってしまうため非採用。あれは当たらない技だと思った方がいい。 トリプルアクセルを打って外して運負け主張してる奴だけは許せない。なめんなよコラおまえ。本当はちいさくなるバトンの方が許せない ・ガブリアス リザードンYがカイリュー構築に絶対出せない関係上、メガ選出がスターミーになるわけだが そうなるとギルガルドが重くなるため、両方に強いガブリアスを採用。 炎の牙は、雷の牙と迷ったが晴れ下の＋2炎の牙で特化アーマーガアが受け出し効かないのでこれで良かったと思う。全開示サイクルも何度も破壊してくれた。 【基本選出】 メイン→リザY＋アーマーガア＋マスカーニャ カイリュー軸↓ 初手アーマーガア・スターミー・ガブリアスorハラバリー 全開示サイクル↓ 初手ガブリアス・マスカーニャ・リザードン マフォ軸↓ おれはメインの軸で投げていたが、普通にマフォクシーげろ重いから変えてもいい ギャラ軸↓ マスカーニャは確定で選出 重いポケモン ・メガピクシー 積まれたらどうしようもない。無理やり試行回数稼いでオーバーヒートを急所にぶちこむくらいしか勝てない。少なかったから良かった。 ・フラエッテ 初手に来るステロ要員をリザで破壊したあと、瞑想ガン積みされる おれはリザ＋アマガ＋ガブリアスを投げて、即ガブ引き→剣舞地震でゴリ押してた 環境的にHBフラエッテが多く、地震＋上からオーバーヒートで取れる ・ギャラ＋バシャの並び マスカーニャとガブリアスを絶対選出しないといけない関係上、かなり歪んだ選出になる 思ったよりは勝てるけどキツイ試合運びになる 【後書き】 初めての構築記事だし脳筋職なので、どう書いたらいいかわからん！見にくかったらｺﾞﾒﾝﾈ この構築は誰がどう見ても欠陥構築なので、おれがここまで勝てたのは露骨にプレイング力が上がったからだと思う。 かなり幅広い「安定択」と言うものが見えるようになり、自分の成長に繋がった神シーズンだったと思う。 例えば 鬼火こごかぜ祟り目メガゲンガーが初手スコヴィランと対面した時、ヘドロウェーブを押すことが安定行動、、それはそうとして こごかぜ・鬼火を打つことすら安定行動なのである。 スコヴィランはこっちをワンパン出来ないのと、もし鬼火を打って居座られても、影踏みで捕まえているので次のターン倒せる、、と言ったところで。 失敗しても負けに直結することの無い、なおかつディスアドもかなり最低限で済み、成功したら取れるアドが凄い「読み」は安定行動とも言えると思う。 ハッサムにソーラービーム打ったりはしません。 それはただの深読みです。 余談ではあるが、マンスリーチャレンジもほぼ同じ構築で参加した ガブリアス→剣舞ギガインパクト型ホルードだったが、こちらはもう是非ダメージ計算をしてみてほしい。 火力がバグってた。ホントに。 でも強いのはさすがにガブリアスだったと思うので後悔は無し！ 終わり！もう多分書かない！ ランクマッチで最終2桁とったら書くかも！ではまた！ otsukun_poke 2026-08-05 15:24 読者になる 広告を非表示にする もっと読む コメントを書く プロフィール id:otsukun_poke 読者です 読者をやめる 読者になる 読者になる このブログについて 検索 リンク はてなブログ ブログをはじめる 週刊はてなブログ はてなブログPro 最新記事 噛み合い攻めサイクル 月別アーカイブ ▼ ▶ 2026 2026 / 8 はてなブログをはじめよう！ otsukun_pokeさんは、はてなブログを使っています。あなたもはてなブログをはじめてみませんか？ はてなブログをはじめる（無料） はてなブログとは otsukun-pokeの日記 Powered by Hatena Blog | ブログを報告する 引用をストックしました ストック一覧を見る 閉じる 引用するにはまずログインしてください ログイン 閉じる 引用をストックできませんでした。再度お試しください 閉じる 限定公開記事のため引用できません。 読者です 読者をやめる 読者になる 読者になる
M-4,金色ガブエッテ - It’s my own invention,https://korokorokoro.hatenablog.com/entry/2026/08/06/002024,金色ガブエッテ - It’s my own invention It’s my own invention 読者になる It’s my own invention 2026 - 08 - 06 金色ガブエッテ 【構築】 【構築経緯】 の並びがレギュレーションMにおいて、結果の割に研究が止まっているように感じたためガブエッテを軸にスタート。 中盤ニンフィアの大流行もあり を入れてみたところ、ニンフィアなど関係なく軸として十分なパワーを感じたため採用。 マスカーニャが苦しかったため対策枠として を採用。 ここまでで毒菱+ガルド的な並びが面倒だったため、その並びに強く、サイクル適正の高い を最後に採用。 で完成。 【個体】 pay to winポケモン。クソゲーを乗り越えた者だけが手に入れられる力。 瞑想は要らない疑惑がある。 単体で動かす分には相手の行動がバグった時に試行回数を稼げたら嬉しいくらいの期待値しかない噛み合いポケモンだが、ロトムガエンムクホークあたりでデバフを相手に付与した後のお盆ガブは最強だった。 構築作成当初はスカーフだったが、スカーフロトムよりスカーフサーフゴーの方がさすがに強かったため残飯になってもらった。 明確な不利対面がほとんどないことから選出択の解消を可能にする汎用クッションであり、命中不安を加味した上でも勝率の安定に貢献してくれた。 マジレスポケモン。マイナーポケモンに対しての足切り性能は言わずもがな、カバニンフあたりに自然と強いアタッカーというのは特に現環境では唯一無二の強さを持っていると感じた。 リザに対してガブだけで対処するのはさすがに怪しそうな気がしたためジェムを採用しているが、撃った記憶はない。当たる気合ボールが欲しい場面はそこそこあったため気合ボールでもいいかも。トリックはたぶん無くてもいい。 強い。コイツのために記事を書いたまである。 フラエッテ軸のマスカーニャ対策枠はグロスにも弱くなさそうなハッサムが採用されることが多いが、ハッサムはメガかゴツメでない限りはグロスに全然不利な生き物だったので代替として採用。 グロスに対して裏と合わせることでそこそこ強いほか、マフォクシーゲンガーガルドハッサムなどのフラエッテで戦いたくないやつら全般に強く、フラエッテの相方としてはハッサムよりも強力に感じた。とりあえず威嚇で捨て台詞が撃てるので明確な役割対象がマスカーニャだけの場合に投げても大抵何かはでき、腐りにくい点もハッサムにはない優秀さである。 威嚇+捨て台詞は単なるデバフだが、ガブやフラエッテ、ムクホークなどの居座ることで圧倒的なアドバンテージを稼ぐポケモンを裏に置くことで、時には試合を終わらせるだけの行動となり強力だった。 持たせるものがなさすぎたため眠カゴとしたが、ビビヨンやバナに対して確実に動けるだけで無く、役割対象のマスカーニャが毒菱を撒いてくるような展開にも強くなったため、仮にお盆とかが余っていたとしても普通に眠カゴで良かったと思う。 わかりやすい詰ませ性能で評価されることが多いポケモンであるが、それだけでなくタイプと威嚇によるサイクル適正が強かった。普通にs110からa140の120一致打点を撃てる点もアタッカーとしては高水準であり、フラエッテの裏エースとして存分に活躍してくれた。 【構築の要点】 ①足切り性能 の2匹のエースは無対策の相手への足切り性能が高く、そこそこの数のイージーウィンを産んでくれた。 ②対害悪性能 の最強特性による変化技のシャットアウトに加え、 のDDラリアットによる状態変化の無視と威嚇捨て台詞による能力リセット、 による受け回しの拒否が合わさることで害悪構築や受けループに足を引っ張られることなく安定してレートを上げることができた。 ③サイクル タイプ相性補完のとれた3匹の並びを構築内に複数用意できたため、対応できる相手と試合パターンが多かった。フラエッテとムクホークの2メガのパワーを格下への足切りだけに止まらせることなく扱える並びになったと思う。 【キツイ相手】 サイクル的な並びに入っている襷ゲンガー 【結果】 最終日平日が続く限り最終二桁はそこそこ命を燃やさなきゃいけなさそうということもあり、これからも最終チャンピオン級をくらいを目指してまったりやっていけたらいいかなと思います。 korona_poke 2026-08-06 00:20 読者になる 広告を非表示にする 関連記事 2024-11-13 真皇杯関西予選① 【はじめに】 お久しぶりです。 今回は真皇杯関西予選①において… 2024-02-01 2犬サイクル お久しぶりです。今期はsv始まってはじめて悪くないと思える並… 2021-11-01 シーズン23 最終20位 ヒトムザシアンスタンダード 【並び】 【構築経緯】 ザシアンの対策が自分では思いつかなか… 2020-10-01 【シーズン10最終62位レート2086】ハゲループ こんにちは 今回はコオリッポというあまり使われてないポケモン… 2020-06-01 【シーズン6最終55位レート2127】ハイパワーコントロール こんにちは 今期は久しぶりに最終2桁に乗れて嬉しかったので記… もっと読む コメントを書く 真皇杯関西予選① » プロフィール id:korona_poke 読者です 読者をやめる 読者になる 読者になる このブログについて 検索 リンク はてなブログ ブログをはじめる 週刊はてなブログ はてなブログPro 最新記事 金色ガブエッテ 真皇杯関西予選① 2犬サイクル 二度と使わない シーズン17 最終23位　エスバオーガ 月別アーカイブ ▼ ▶ 2026 2026 / 8 ▼ ▶ 2024 2024 / 11 2024 / 2 ▼ ▶ 2021 2021 / 12 2021 / 11 2021 / 9 2021 / 8 2021 / 1 ▼ ▶ 2020 2020 / 10 2020 / 6 2020 / 2 2020 / 1 ▼ ▶ 2019 2019 / 11 2019 / 9 はてなブログをはじめよう！ korona_pokeさんは、はてなブログを使っています。あなたもはてなブログをはじめてみませんか？ はてなブログをはじめる（無料） はてなブログとは It’s my own invention Powered by Hatena Blog | ブログを報告する 引用をストックしました ストック一覧を見る 閉じる 引用するにはまずログインしてください ログイン 閉じる 引用をストックできませんでした。再度お試しください 閉じる 限定公開記事のため引用できません。 読者です 読者をやめる 読者になる 読者になる
M-4,【チャンピオンズ シーズンM-4 最終190位】ライチュウYでチャンピオン級へ - yado199’s blog,https://yado199.hatenadiary.com/entry/2026/08/06/110340,【チャンピオンズ シーズンM-4 最終190位】ライチュウYでチャンピオン級へ - yado199’s blog yado199’s blog 読者になる yado199’s blog 2026 - 08 - 06 【チャンピオンズ シーズンM-4 最終190位】ライチュウYでチャンピオン級へ TN：ヤドヒノ 最終190位 最終チャンピオン級に残る目標を達成でき、大満足の結果でした！ 潜り続ければもっと上に行けた可能性もありますが、ボーダーの300位を割ったら潜るというスタイルで今回はいきました。 【構築経緯】 かわいいし、でんじほうが強くてロマンがありそうだったので「ライチュウY」から構築をスタート。 ライチュウYはカバやガブ等の地面タイプを猛烈に誘うので、相棒は最初ミミズズやアマガを試しました。ただ、爆勝ちが出来ずレート2000付近を彷徨っていたところ、ふと目に止まった「HBギャラドス」を試すことに。これがハマり、レート2400までグングン順位を伸ばすことが出来ました。 ライチュウとギャラは麻痺を撒くことができるので、シナジーが良い「たてこもるヒスイヌメルゴン」を採用。こいつが最強で、本構築のMVPでした。劣勢から3タテすることもしばしば。 残りの3匹は、キツイポケモン対策で入れました。 メガバシャーモに全員しばかれそうだったので、ストッパーである「珠ミミッキュ」を採用。 メガメガニウムやメガスコヴィラン、メガフシギバナもキツイので、「剣舞ガブリアス」を採用。 メガフシギバナ、メガドラミドロに厚くするために「メガカイリュー」を採用。メガマフォクシーも試しましたが、火力不足から倒しきれないことが多く使いこなせませんでした。メガカイリューのほうが技範囲も広く、幅広い相手に選出することが出来、使用感が良かったです。 【個体解説】 ライチュウY h32、c4+、d1、s29 hd…特化ブリジュラス、サザンドラの流星群確定耐え c…余り。出来るだけ高く s…最速110族抜き（メガムクホーク、非メガゲンガー、メガメタグロス抜き）。ちなみにs31まで振ると最速メガルカリオ抜きになります。 でんじほう…必須技 きあいだま…ブリジュラス意識 くさむすび…カバ意識 ねこだまし…気合の襷、がんじょう意識 ねこだましはブリジュラスのがんじょうをはがすのに非常に便利な技でした。スカーフブリジュラスだとしても特化流星群の確定耐えまで振っているので、どんなブリジュラスが来ても安心して処理できます。 みがわりで使っていた時期もあり、みがわりも非メガひらいしんでハラバリーの前で居座ることができたり、ドドゲザンの不意打ちに合わせたり、ギルガルドのキングシールドに合わせたり、ガブへの交換読みでみがわりを残したりと、使用感は良かったです。 ここの枠は選択かと思いますが、ブリジュラスを安定処理できるねこだましを優先しました。 ガブリアス@気合の襷 h2、a32+、s32 as…メガフシギバナ等意識で火力を伸ばしたいのと、ガブ対面で下からスケショを撃ったほうが有利な気がしたので陽気ではなく意地ぶっぱ。耐久調整してもよかったかもしれないですが、困ることはありませんでした。 地震…必須技 スケショ…ガブ、カイリュー、その他sが速いポケモン意識 どくづき…メガメガニウム、メガスコヴィラン意識 剣舞…メガフシギバナ、メガスコヴィラン等意識 どくづきが相手から読まれず、数々のメガメガニウムを葬り去ってくれました。 メガスコヴィランも剣舞どくづきで倒せるので、仕事をさせずに処理することができます。 気合の襷はそこまで発動する機会が無かったため、ラムのみやハバンのみに変えてもいいかもしれないです。 ミミッキュ@命の珠 h1、a32+、b1、s32 普通の珠ミミッキュ。調整も技もテンプレ。 主にメガバシャーモや、からやぶしたカメックス等を止めれる枠として採用。 ステルスロックを撒かれていると襷ガブリアスでは止められなくなるので、行動保証があるミミッキュはいざという時に頼れる存在でした。 ギャラドス@たべのこし h31、b32+、s3 hb…できるだけ高く（ガブやマスカーニャ、ギルガルド等の物理全般を受けるため） s…麻痺が入った最速135族抜き（改めて計算したらs2振りでも抜けてたのでa1、s2のほうが良さそう） たきのぼり…必須技 パワーウィップ…アシレーヌ、イダイトウ意識 ゆきなだれ…ガブリアス意識 電磁波…ヒスイヌメルゴンやたきのぼり怯みのためのs操作 本構築でヒスイヌメルゴンの次に活躍した枠。 ライチュウやヒスイヌメルゴンが地面タイプに弱いので、ガブ等に後投げしてゆきなだれで処理してもらっていました。 地面タイプ以外には電磁波を撒き、ヒスイヌメルゴンが活躍できる場を整えます。（ヒスイヌメルゴンが元々上を取れる相手には撒かなくても良し） ヒスイヌメルゴン@かごのみ h32、b31、d+、s3 hb…できるだけ高く hd…特化ブリジュラスの流星群確定2耐え（ハーブ持ち意識） s…前期のアシレーヌで多い調整を抜けるライン（アンコールを受けたくないため） 本構築のMVP。もはやライチュウでなくヒスイヌメルゴンが構築のエースでした。 ヌメルゴンが上からたてこもるを積めるようにライチュウYやギャラドスで麻痺を撒くのが、再現性があり強い動きでした。 特性もシェルアーマーにしているので急所に当たることがありません。 1vs3の劣勢から3タテすることもしばしばあり、本当に頼れる存在でした。 この子とギャラドスのお陰でレート2000近くから2400まで爆速で上げることができました！ 【選出】 基本選出：メガ枠＋ギャラドス＋ヒスイヌメルゴン バシャーモがいる時→ミミッキュ メガニウム、スコヴィラン、フシギバナ、ドラミドロがいる時→ガブリアス、メガカイリュー 【キツイポケモン】 ヒスイヌメルゴンで詰ませられない相手はあまり来てほしくないです。 ・ギルガルド …ギャラドスで電磁波を撒いてたきのぼりで無理やり削っていました。ある程度削れたらライチュウやカイリューでも処理できます。ガブリアスやミミッキュで圧はかけているのですが普通に出てきます。 ・アーマーガア …ライチュウかカイリューをどうにか着地させ処理します。 【最後に】 最終順位でチャンピオン級に残ることができて本当に嬉しいです！ 来期は、推しポケの原種ヤドキングを使って潜りたいと思います。 何か質問がある場合はX（@yado199）までお願いします。 最後まで読んでくださりありがとうございました！ yado199 2026-08-06 11:03 読者になる 広告を非表示にする もっと読む コメントを書く 【SV S3シングル】偽装セグカミラッシャ【… » プロフィール id:yado199 読者です 読者をやめる 読者になる 読者になる このブログについて 検索 リンク はてなブログ ブログをはじめる 週刊はてなブログ はてなブログPro 最新記事 【チャンピオンズ シーズンM-4 最終190位】ライチュウYでチャンピオン級へ 【SV S3シングル】偽装セグカミラッシャ【最終レート2052（419位）】 【剣盾S32シングル】真夏のグラリザシアン【最終レート1902（259位）、最高レート1994】 月別アーカイブ ▼ ▶ 2026 2026 / 8 ▼ ▶ 2023 2023 / 3 ▼ ▶ 2022 2022 / 9 はてなブログをはじめよう！ yado199さんは、はてなブログを使っています。あなたもはてなブログをはじめてみませんか？ はてなブログをはじめる（無料） はてなブログとは yado199’s blog Powered by Hatena Blog | ブログを報告する 引用をストックしました ストック一覧を見る 閉じる 引用するにはまずログインしてください ログイン 閉じる 引用をストックできませんでした。再度お試しください 閉じる 限定公開記事のため引用できません。 読者です 読者をやめる 読者になる 読者になる
M-4,【シーズンM-４最終194位】メガジュカインサイクルパ : ウルトラメガZリーフストーム,http://blog.livedoor.jp/forpoke/archives/97574689.html,【シーズンM-４最終194位】メガジュカインサイクルパ : ウルトラメガZリーフストーム ウルトラメガZリーフストーム こんにちは！このブログでは適当にポケモンのことを書いていきたいと思います！いい感じの構築ができたら書いていきたいです。基本的にジュカイン使ってます 2026年08月05日 【シーズンM-４最終194位】メガジュカインサイクルパ お疲れ様です。 シーズン4で最終チャンピオン級に乗れたので、久しぶりに構築記事を書きます！ ジュカインに興味ある方はぜひ参考にして頂けたら嬉しいです。 以下常体 【個体解説】 主軸のジュカインからスタート。ジュカインが無理なポケモンがメガニウム、ムクホーク、ハッサム、アーマーガー（他にも受けサイクルなど）なので自然とこの辺に強く出れるメガマフォクシーを裏メガとして採用。 引き先にもなれてサイクルパーツとして使い慣れてるカバルドンとブリジュラス。 リザードンが重すぎたため最初はスカーフロトムからのカバルドンでリザードンを見ようとしたが、ガブリアスやカバに引かれることが多く具合が悪くなってきたため他の候補を探してみることに。ボックスにいたラグラージ君と目があう。警戒されない＋対面操作＋ワンパンできるとほしい条件は揃っていたため、一旦採用してみることに。 最後は特に決まっておらず、ニンフィア対策としてラムハッサムを使っていたが、出した試合ほとんど全部負けたため、ヤケクソ気味にマフォクシーにも強いラムミミッキュを代わりに採用。 選出はカバブリ@2がほとんどだった気がする ジュカイン CS＠石 世界で一番かっこいいポケモン。メジャーな臆病しっぽ切り・身代わりではなくひかえめ４Wで採用。 大地の力がきたおかげで今までより全然使いやすくなった。 【控えめのメリット】 カイリューガルドやサザングロスに対してHDステロブリジュラスとあわせてサイクルを回すことでジュカインでスィープする明確な勝ち筋が作れるようになった。臆病の場合はステロの入ったH振りメガカイリューがそこそこの乱数で耐えられたりするが、控えめにしてからはステロ込みですべてのカイリューを竜波で処理できた。上記のパーティによく入ってるアシレーヌに対しても、控えめの場合はステロを一回踏ませたらＨ振りの場合93%で落とせるため（実際は少し削れてることが多い）リーフストームの不毛な択を避けられる。 控えめだと一致技＋大地か真空波で落とせる展開も多く、無理に相手の裏を読んで行動する必要もなくなり、安定行動がとりやすくなった。 スカーフ枠としてマスカーニャやサザンドラが採用されがちなのも相まって、この二つのパーティに対してはカバブリとステロを通して削りをいれてジュカインの圏内にいれることを意識することで安定して戦えた。終盤爆増してたハッサムが本当に辛かった カバルドン ＨＢ残飯 テンプレの守るカバルドン。 ブリジュラスでステロを撒いてから、欠伸守るをしたりシンプルに物理受けを担ってもらう。 マスカーニャやサザンドラ相手に砂ダメ稼いで真空波圏内にいれるためにもまもるは便利だった。 このポケモンなしでパーティ組めません。 ブリジュラス ＨＤ＠お盆 恐らく選出率堂々の一位。最初はメタグロスとギルガルドを意識して悪の波動をいれていたが、アシレーヌがあまりにもめんどくさかったため10まんボルトに変更。ミラーコートは自分が使うとどの対面でもお祈りミラコ打って大変なことになるのでなし。基本初手に出してステロ流星ほえるしてるだけで強い。 ギャラドスは基本的にはこのポケモン＋メガ枠で処理する。ＨＤなのになぜかギャラ相手にステロ2回踏ませる、またはステロ＋削りを入れられることが多かった。 本当に強かったが欠点を強いて言えばほぼ毎試合どこかで流星群を打たなくていけない、初手にキラフロルやゲッコウガと対面したら2回は動けないと負けに直結するため、毎試合魂込める必要があってしんどかった。 ラグラージ ＡＳ＠スカーフ 最終日初手リザＹに2戦連続タテされたため、警戒されずに倒せるポケモンを探していたところ、急遽に入ってきた汚物枠。岩雪崩でリザードンを倒して裏のガブの起点になるまでがセット。 間違いなく強くはないが、なぜか1試合だけ初手に出して地震押してるだけで崩壊させた試合があった。メガニウムに入りにもワンチャン行けるかと思い毒づきを入れたが、一度も打たなかった 諸説枠 ミミッキュ ＨＡ＠ラム（調整意図特になし） 欠伸ニンフィアがとにかく重く、最初はハッサム・ギルガルドを使っていたが、この二体だと結局ニンフィアの裏のガブに勝てなくて投入。この後ニンフィアとは当たらなかったが、毒菱展開にいい感じに刺さった。耐久あるミミッキュはやっぱり使いやすいなと感じた。諸説枠 マフォクシー HCS（調整意図特になかった気がします） 受けサイクルや先述したポケモンが来そうな時に出していく。ジュカインが出せないパーティや相手を無理やり崩したいときに出すための控えめ悪だくみ型。 スペックはもちろん高いがステロがあるとサイクル参加できない、またこのパーティだと逆さバトルをしないと相手をうまく崩せず安定しなかった。 マフォクシーを出した時の選出が全くまとまらなかったのも、最後までレートが伸び切らなかった要因かなと思う。理論上ジュカインと最も相性のいいメガだと思うので、もう少しうまくつかえるようになりたい。見た目もめっちゃいい。 【重いポケモン】 ジュカインとマフォクシーが準速なのでイダイトウやメガゲッコウガ、ゲンガーは死ぬほどきつい ギミック、受けサイクル、バトンパなど 単体だとサザンドラ、ニンフィア、リザードン、マフォクシー(あげだすとキリがない) 【感想】 ジュカインが無理なポケモン全員とまでは言わずも、ハッサム・アーマーガー相手にはジュカインを出しても戦えるような構築を組めるようになりたいです。 今シーズンは最終日2100タッチして泣いてましたが、構築を変えてからは割とスムーズにレートをあげることができ、チャンピオン級でとりあえずシーズンを終えることができてほっとしています。 あとシーズン終了を日本時間深夜とかに変更してくださいお願いします；； 個人的にはジュカインが強い間はチャンピオンズ頑張りたいと思います！ 閲覧いただありがとうございました、なにかあればツイッターの @for_poke まで 余談ですが、つい先日ポケスリでめちゃくちゃいい個体が来ました。 ただ雌でした。すごい悲しい・・・・ 「ポケモン」カテゴリの最新記事 コメント数: 0 コメント カテゴリ: ポケモン by forpoke < 前の記事 コメント コメントフォーム 名前 コメント 評価する リセット リセット 顔 星 投稿する 情報を記憶 リンク集 ペラ　Surfacebook とうふ　とうふのレート日記 ぺぺぺ　相手の文字はなぜか当たる ぼとるん　かわいい幼女にしびれごな ぽんぷ　七咲とポケモン チャック　＞＜の汎用性 ろぐ　全て机上論（仮） ギャラリー 最新記事 【シーズンM-４最終194位】メガジュカインサイクルパ top S7使用構築　マスカバスタン【最終67位】 最終86位【USMS7使用構築】役割集中ジュカテテサイクル　最高最終2107 S5&6 1997&2039 S4使用構築ジュカランドレヒレ　最高2056最終1920 ロマン砲アシレーヌと３W剣舞バシャーモ（最高2099） 第6世代 S17使用構築　最高2115/最終2032　ラストジュカイン S15使用構築　最高2007 アーカイブ 2026年08月 2024年01月 2023年07月 2018年01月 2017年11月 2017年07月 2017年03月 2016年09月 2016年06月 2016年05月 2016年03月 2015年11月 2015年09月 2015年08月 2015年07月 2015年02月 カテゴリー ポケモン (10) 使用構築 (3) ↑このページのトップヘ Powered by ライブドアブログ
M-4,M-4 최종 195위 픽시2메버파티 - 포켓몬 챔피언스 마이너 갤러리,https://m.dcinside.com/board/pkmchampions/318434,
M-4,【シーズンM-4】【最終2399.428/197位】ゲコリザXサイクル＋対面,https://pokesol.app/u/perapera_poke/articles/1aaf5a348e11a2e2,"【シーズンM-4】【最終2399.428/197位】ゲコリザXサイクル＋対面 ログイン ポケノート 注目記事 記事検索 ツール ダメージ計算(準備中) チーム管理 Pokémon Soldier X YouTube Twitch GitHub サポート お問い合わせ 条項 利用規約 プライバシーポリシー 免責事項 0 p perapera_poke 目次 ページトップへ 【シーズンM-4】【最終2399.428/197位】ゲコリザXサイクル＋対面 構築記事 シングル M-B M-4 2026年8月8日 に公開 初めましての方は初めまして、ぺランムと申します。 今回はチャンピオンズM-4において最終197位でチャンピオンズ級を達成できましたので、記念に構築記事を書きました。 【動画リンク】 後日こちらの構築で最終日潜った試合をそれぞれ2試合分動画にする予定なので、良かったら見てください。 (投稿完了次第リンクを載せます） 【メガリザードンX】（8/8(土)20時に上がります） 【メガゲッコウガ】（こちらは少し遅れます） 普段はつべとニコニコで投稿しています。 良かったらこちらもご確認ください。 つべ ニコニコ 【構築経緯】 色々な配信を見ながら環境調査や軸のヒントを探していたところ、シロガネラボさんの配信で使用されていた、「メガゲコリザXバクフーンギャラブリミミッキュ」の並びが安定性もあり、メイン軸のメガゲッコウガが環境に多いカバルドンに滅法強いことから、並びを真似て使用しました。 ゲッコウガとリザードンはメガシンカポケモンの中でも好きなポケモンだったので、そのまま対戦モチベの向上にも繋がりました。 使用しているうちにメイン軸のゲッコウガだけでなく、元々受け破壊軸の挑発ミミッキュ先発展開からのリザードンXの使用感が想像以上に自分にはまり、メイン軸にも劣らないぐらいに選出していた為、今期はこの2軸を使い続けると決め、残りのバクフーンの枠を試行錯誤することにしました。( 正直に言うと、元構築の方の相棒ポケモンだった為、使うのは烏滸がましいと感じてしまいまし た) 個体紹介で後述しますが、初手挑発ミミッキュ展開＋メガゲッコウガ＋残飯受けギャラドスの並びが後半増えていたガブニンフギャラみたいな並びにかなり強く、安定して処理できたのも環境的に追い風でした。 基本軸：メガゲッコウガ＋ブリジュラス＋ギャラドスの3体（選出順は相手によって変更） 受け破壊軸：挑発ミミッキュ＋リザードンX＋@1 バクフーンの枠は使用者の相棒ポケモンであった為、バクフーンの強味も含めて様々なポケモンを試行錯誤して試しつつ、最終日までコロコロ変えながら潜り続けました。 （襷アシレーヌ→襷ジュカイン→メガメタグロス→襷バクフーン→襷ソウブレイズ→襷ガブリアス→スカーフガブリアス→襷エルレイド→メガライチュウY→襷マンムー） 最終的にこの枠に求められるのは ・初手の対ブリジュラス、キラフロル性能 ・対面したポケモンを裏(主にメガ切らないゲッコウガ)の圏内に入れること ・初手リザードンに対してある程度削りを遂行できる ・不意の要塞型等に対して、最悪誤魔化せる手段があること ・フラエッテ軸は受けられないので、取り巻き含めて対面選出に組み込めること(同居してそうなカバマスカサザングロス辺りにも臆せず出せる) ↑の要素を全て満たしていた襷がむしゃらマンムーを最終日の途中から採用して構築が完成しました。 マンムーを採用したことで、襷マンムー+珠ミミッキュ+メガ枠の対面選出も可能になり、この構築で受けるのが不可能なフラエッテ入りに対しての対面選出が可能になり、実際に最終日拾える試合が増えたので正解だったと思います。 【コンセプト】 ・メガゲッコウガorメガリザードンを通す。 メガ枠を通す上で、 ①サイクル戦で相手を削って通す ギャラドスやブリジュラスをクッションにしてサイクル戦 ②対面選出で目の前の敵を倒す 主にミミゲコマンムー辺り。 ブリやギャラを対面的に動かす為に選出することもある。 ①②のどちらかのプランを通す。 【個体紹介】 ゲッコウガ 特性：変幻自在 性格：控え目 持ち物：メガストーン 調整：H6-C29-S31 最終日はCSぶっぱとちょくちょく変えながら使ってましたが、ミリ残し等で勝った試合がそこそこあったので、最終的にはこちらになりました 技構成：悪の波動/冷凍ビーム/ヘドロウェーブ/水手裏剣 H: ・メガシンカ時 意地イダイトウオスの命の珠持ちお墓参り150を31.25%で1発 臆病ブリジュラスの流星群を最高乱数以外耐え ・メガシンカ前 威嚇の入ったカバルドンに対して、砂込み地震ほぼ2耐え S: メガシンカ時に最速マスカーニャ抜き メガシンカ前は最速ガブリアス抜き調整辺りを大体抜ける C:余り 広い技範囲と高い素早さで相手を上から制圧する本構築のエース枠その1です。 基本的にこのポケモンの圏内に相手を押し込む→上から非メガで攻撃して落とす→後続に対して勝てそうならメガ進化しながら通る技を押すor無理そうな相手なら一度引くという動きで動かします。 性格は控え目で火力に補正を掛けていますが、素早さが足りなくて困る状況があまりなく、火力が上がることによるリーチの長さを押し付ける強味が活きることが多かったです。 技枠はどれも必須級に使っていた為、この構成から一度も変えることはありませんでした。 特に水手裏剣のリーチが控え目で更に伸びたことで、足りない火力を補って対面を制してくれることが何度もありました。 対ミミッキュは全員がヘドウェ読みでシャドクロを押してきたので、最終日は素悪の波動→メガヘドウェで対処してました。 メガシンカを切るタイミングが難しいポケモンですが、使いこなせると強くてカッコよくて楽しい最高のポケモンでした。 リザードンX 特性：猛火 性格：意地 持ち物：メガストーン 調整：A32-B2-S32 技構成：ニトロチャージ/フレアドライブ/逆鱗/剣の舞 AS：ぶっぱ。剣舞逆鱗でブラッキー等の受けを破壊する為(陽気だと役割対象への火力が足りません) 残りB(多分H2の方がいいです) メガゲッコウガが通せない相手に選出する第2のエース枠です。 フシギバナやブラッキー、アーマーガア入りの硬いサイクル軸に対して、後述する挑発ミミッキュと組ませることで、あらゆる受けを破壊してくれました。 (サイクル寄りの構築を破壊する上で、アーマーガア+ライチュウ+ガブリアスのような並びに対して、アマガ対面で逆鱗選択といった、裏読みの行動を通す必要がある為、扱いはかなり難しかったです) また、挑発で起点を作らなくとも、ニトロチャージから対面的に動かしたり、有利対面で逆鱗やフレアドライブをぶっ放すだけでも強く、構築に慣れてきてからはゲッコウガと同じくらい選出するようになるぐらいには使い勝手が良かったと感じました。 ゲッコウガが誘いやすい相手(マスカーニャ、アーマーガア等)にはリザードンXが、リザードンXでは厳しい相手(ガブリアス、カバルドン等)はゲッコウガが有利を取れることが多く、互いに攻めの相性補完が優れていたのも良かったです。 幾度ときつい状況から捲ってくれた、最高のエースでした。 ミミッキュ 特性：化けの皮 性格：意地 持ち物：命の珠 調整：H9-A32-B1-S24 技構成：じゃれつく/影撃ち/挑発/呪い H：10n-1調整 S：準速ブリジュラス抜き抜き A：ぶっぱ 様々な構築の誤魔化し枠兼対面枠兼初手枠です。 化けの皮込みで珠じゃれ影の対面性能に加えて、展開阻止の挑発、バトン等のギミックパやピクシーや瞑想メガヤドラン等を流す呪いで、あらゆる状況に対応できる万能ポケモンでした。 初手挑発でカバのステロ欠伸展開を阻止→裏のリザードンで剣舞orニトチャで起点の動きだったり、ガブニンフィアに対して初手から荒らしたり、サイクル軸の筈がミミッキュの対面軸に構築が乗っ取られそうになるぐらいには終盤機能していました。 終盤に流行ったガブニンフ+@1(大体メガギャラドス)の並びに対しても、初手ミミッキュから入ってガブリアス対面はじゃれつく、ニンフィアは欠伸や願い事のタイミングで挑発を撃ちながら削ることで、裏のゲッコウガを暴れさせることで再現性のある勝ちパターンを量産できました。 ちゃんと火力のある珠ミミッキュなので、構築単位で重たいバシャーモやメガムクホークへの誤魔化し、トリルイダイトウへの切り返し等、従来の使い方もできる為、補完枠として単体で組み込んでもかなり使いやすいと思います。 間違いなく単体でお勧めできる1体です。 調整はここまでS振るならASでも良かったかもしれませんが、ところどころ相手の攻撃を皮剥がされた後もギリギリ耐えることがあったので、ずっと同じ調整で使い続けました。 ブリジュラス 特性：持久力 性格：図太い 持ち物：オボンの実 調整：H32- D31-S3 技構成：流星群/波動弾/イカサマ/ミラーコート HB：意地ガブの地震をお盆込みで大体2発耐える S：同速意識。 D：出来るだけ この構築の万能クッション枠兼初手偵察要員。 ブリジュラスなので特筆することもなく、とても硬く頼りになりました。 構築がゲコリザの並びなのもあって、強烈に初手スカーフマスカーニャを呼ぶ(というより、スカーフマスカーニャいたらほぼ初手に来てました)為、初手ブリジュラスから展開を作ることが多かったです。 他にも構築単位で重たいドドゲザンを誘って倒せる波動弾、トリルミミイダイトウへの対策としてイカサマ等、少し特殊な構成ですが、構築の補完として苦手な相手の処理に一役買ってくれました。 イカサマは剣舞してくるハッサムや、ギルガルドへの削り技(偶にブレードフォルムのまま突っ込んできてイカサマで倒せる)として優秀で、一番使用感が良かったです。 終盤ミラーコートが活きた試合がほぼなかった(撃ちたいカイリューは全員ケアしてくる)ので、この枠は他の技に変えるべきでした。 構築単位で羽休め持ちのメガカイリューの処理ルートが取り巻き込みだときついので、決まらないミラーコートの枠は、ゲッコウガやリザードンをより通しやすくなるステルスロックで良いと思いました。 ギャラドス 特性：威嚇 性格：腕白 持ち物：食べ残し 調整：H32-B26-S8 技構成：パワーウィップ/雪雪崩/地震/挑発 HB：Hできるだけ、残りB S：遅いロトムやブリジュラスの上から動ける程度 この構築の第二のクッション枠です。 技構成はアシレーヌやギャラドスへのパワーウィップ、ガブリアスへの雪雪崩、汎用打点の地震、カバルドンの展開を防ぐ為の挑発になります。 構築単位で起点作成ブリジュラスからのメガギャラドスと思われているような選出が多く、型の誤認から物理受けギャラドスで相手を消耗させ、こちらのメガ枠を通す動きが強力でした。 また、軸のメガゲッコウガと合わせることで、対カバルドンの対処に悩む必要がなく(ギャラ交代で欠伸を入れられてもゲッコウガ引きでいい)、快適にポケモンバトルを楽しむことができます。 物理受けギャラドスは環境に多いガブやアシレーヌ、カバルドン等に強く、もっと使われてもおかしくない強さのポケモンだと思います。 重めの瞑想アシレーヌに対してはウィップの外しでかなり勝敗が左右される点だけはネックでした。 マンムー 特性：鈍感 性格：意地 持ち物：気合の襷 調整：AS32-B2 技構成：氷柱落とし/地震/氷の礫/がむしゃら ASぶっぱ残りB 最終日に入ってきた構築のラストピースです。 初手に来やすいブリジュラスやキラフロル、バシャーモ等を対面から突破できたり、重めのメガリザードンYと撃ち合えたり、フラエッテ軸に対する対面駒等、この構築で足りない要素を全て持っていました。 氷+地面の技範囲で雑に扱っても強い襷枠であり、普通に刺さってる構築に投げるだけで、楽な試合展開に持ち込めることも少なくありませんでした。 マンムーを採用したことでブリジュラスorマンムーのステロ展開→メガギャラドスだと誤認させて、選出段階でメガゲッコウガやメガリザードンXをより通しやすくなったようにも感じました(マンムー入れてから8連勝でチャンピオン級に到達できたり、明らかに動きやすくなったと感じました)。 立て籠もる型のヒスイヌメルゴンに対してがむしゃらで崩したり、誤魔化し性能も高く、投入してから勝ちを拾える範囲が明確に広がったと感じる1体でした。 構成自体は等に変わった点はありませんが、襷マンムー自体は環境に刺さっていて非常に動かしやすかったです。 【選出】 ・メガゲッコウガorメガリザードンx+@2(選出順は都度変更) 基本的に対面軸でもサイクル軸でもこれになります。(メガ枠がいないとパワー差で負けてしまう為) ここから相手の構築によって臨機応変に選出で対応していきます。 サイクルパーツ ブリジュラス、ギャラドス 対面パーツ ミミッキュ、マンムー ↑を使い分けて行きます。 多い選出パターンは、初手メガ以外の様子見枠(ゲコリザ以外、ブリorマンムーorミミッキュ多め)+裏メガ枠+クッション(ブリジュラスorギャラドス)の選出でした。 後は選出画面でいれば出したいポケモンを↓に ・マスカーニャ+カバルドン 初手ブリジュラス+ゲッコウガ+@1 取り巻き込みで大体ギャラドス ・フラエッテ軸(カバルドンと同居) マンムーミミッキュ(どちらか初手)+ゲッコウガ ・フラエッテ+ハッサム(2メガっぽい時) マンムー+ミミッキュ(どちらか初手)+リザードンX ・カイリューガルド 初手ブリジュラス+ゲッコウガ+@1 マンムー投入してからマッチングしていませんが、マンムーを絡めるとより安定しそう。 ・ガブリアス+ニンフィア軸 初手ミミッキュ+ゲッコウガ+@1 アマガ等いればゲッコウガの枠をリザードンに変えたり、場合によってはリザにメガ切る前提でゲコと同時選出します。 ・アローラキュウコン軸 初手ゲッコウガ@2 壁を貼る隙を作らせないようにしたいですが、貼られてしまった場合でも、積みエースに呪いを入れてギャラやブリで粘るか、マンムーの襷がむしゃらでの突破を狙います。 ・ライチュウ マンムー、ミミッキュ、リザードンX辺り 取り巻きがきつい場合はマンムーミミゲコ辺りの先制技で縛るルートも。 ・ギャラドス →ギャラドス 余程対面軸(ミミゲコマンムー)で行けそうな時以外、見せ合い時にギャラドスがいると選出をほぼ強要されていたものの、取り巻きにも何かしら役割を持てたので選出して腐ることはほぼありませんでした、 ・ピクシー →ミミッキュ+メガ枠 基本選出で崩せるのであまり困りませんでした。 ・ミミロップ →ギャラドス(メガシンカ前なら威嚇が入る) ・リザードン 初手マンムーorギャラドス ギャラドスは雪雪崩で、マンムーは氷柱落とし+礫で削るor対面突破を狙います。 ・スターミー ブリジュラスorギャラドス ブリギャラが出せない相手はゲコミミで頑張る。 ・ムクホーク →ゲッコウガ+ミミッキュ@1 処理ルートを考えると選出が強要されますが、この2体は基本腐らないのでそこまで問題はありませんでした。 ・バシャーモ ミミッキュ+ゲッコウガ 相手の展開ポケモンにも依りますが、ミミッキュでの対面処理や、削れたバシャをゲッコウガの手裏剣で仕留めます。 襷マンムーでも勝てますが、取り巻きにステロ撒きが多いので少し不安。 ・ガルーラ ギャラドス+ブリジュラス@1 ギャラブリを選出できる余裕があればいいですが、大体は取り巻きがキツくて出せないので、初手ミミッキュで削ってメガゲッコウガの圏内に入れる等、割り切った選出もしていました。 きついポケモン(基本的にマンムー投入前) ・剣舞トリアクマッパ陽気メガミミロップ ギャラで削ってメガゲッコウガで処理orミミッキュで対面処理の流れなので、どちらにも対応できる陽気だと詰み。 ・スカーフサザンドラ きつい、というほどではないですが、ブリジュラスやミミッキュでの対面処理、ギャラドスでの雪雪崩の削れ(ゲコの手裏剣圏内に押し込む)が入らないと処理に困る。 これもマンムーを投入したことで蜻蛉される前に礫で削れることから、多少は改善されていそう ・ライチュウY マンムー投入前はこちらがかなり無茶を通さないと勝てなかったのですが、襷マンムー+ミミッキュで対面勝ち出来るので今は諸説。 ・鬼火羽休めリザードンY 初手にマンムーやギャラドスを合わせる為、鬼火の耐久型はほぼ無理。 こちらがリザードンXを選出できていないとほぼ詰んでしまいます。 ・アーマーガア リザードン以外での突破手段に乏しい。 一応ギャラドスの挑発→雪雪崩で少しずつ削ってゲッコウガ圏内に入れる動きでも勝てますが、かなり泥試合になります。 マンムー投入後はがむしゃらで強引に突破できなくはないですが、あまり緩和されたとは言えません。 ・ブラッキー 使い手の練度が上手いと突破が困難。 ミミッキュの挑発+じゃれつくで削らせてくれたり、リザで積めれば突破できるものの、上手いブラッキー使いはきちんとケアした動きをしてくるので、あまり勝てませんでした。 ・ペンドラー バトン型は問題ないですが、普通に殴ってくるタイプだと2,3タテされます。 アタッカーのマッチング数は少なかったので切っていました。 ・ガルーラ ギャラブリを出せればガルーラ自体はなんとかなりますが、その取り巻きを通されて負けます。 正直切り気味でしたが、終盤になって徐々に数を増やしていたのは向かい風でした… ・オーロンゲ アロキュウの壁展開はゲッコウガで上から処理することで対応できなくはないですが、オーロンゲは悪戯心で壁を貼られてしまう為、相手の軸を通されてしまいます。 ミミッキュの枠が剣舞であれば対面剣舞で抗えますが、挑発にした時のデメリットがこの対面です。 一応ミミッキュの呪い挑発やギャラブリで時間を稼いだり、初手リザードンで剣舞orY読み光の壁読みフレアドライブ等の立ち回りで誤魔化せなくはないですが、毎試合再現性がない為きついです。 ・瞑想アシレーヌ（ブリジュラスの選出が強要されているとき） ブリジュラスが有効打を持っていないので、ブリ対面で瞑想を積まれるとかなり荒らされます。 一応願望ミラーコートがありますが、ほぼ通らないのでやめた方が良いです。 ・ドドゲザン ブリジュラスの波動弾や、ギャラドスで削って後続の先制技圏内で処理という動きに頼っている(ステロ撒かれるとギャラだと厳しい)為、処理方法が限定的で選出がある程度強要されてしまいます。 ・他色々 【感想】 M-B中でもチャンピオン級に載せることができて安心しています。 特に好きなポケモンのゲッコウガとリザードンの2体入りの構築でチャンピオン級に載せられたのはかなり嬉しいです。 （普段チャンピオン級で潜れることがないので、1戦ごとに個体を変えてチャンピオン級の証をつけまくってました） M-5はM-6の新ルールに備えたいのでがちがちに潜ることはないと思います。 気が向いたときに緩く遊んでいきたいです。 【スペシャルサンクス】 構築の軸の参考元のシロガネラボさん 今期もバクフーン入りでチャンピオン級に到達しているので、興味ある方は↓ 質問等あればx垢@peperapernmuまで ポスト p perapera_poke p perapera_poke ポケノート ツール サポート 記事一覧 チーム管理 お問い合わせ 記事検索 記事一覧 記事検索 チーム管理 お問い合わせ"
M-4,【最終198位達成】最強メガハッサムサイクル,https://pokesol.app/u/kamakiri21/articles/d424d796c3d651ed,【最終198位達成】最強メガハッサムサイクル ログイン ポケノート 注目記事 記事検索 ツール ダメージ計算(準備中) チーム管理 Pokémon Soldier X YouTube Twitch GitHub サポート お問い合わせ 条項 利用規約 プライバシーポリシー 免責事項 0 k kamakiri21 目次 ページトップへ 【最終198位達成】最強メガハッサムサイクル 構築記事 シングル M-B M-4 agjmt 2026年8月6日 に公開 HBー非メガ時に特化ガブリアスの地震2耐え この構築の中心となるポケモンです。 蜻蛉返りの対面操作や終盤の全抜き性能が高く、とても使いやすかったです。環境に多いマスカーニャやミミッキュ、ガブリアス等に強く、後述するサザンドラでギャラドスにメガ進化を切らせることができれば、蜻蛉返りで抜群をつきながら突破できるところもえらかったです。 サザンドラ メガハッサムと相性良いスカーフ枠です。 メガマフォクシーやメガギャラドスに強く、メガハッサムとサイクルを回すことができ、メガハッサムと相性が良いポケモンでした。 メガハッサムの➕2蜻蛉返りとサザンドラの流星群でカバルドンを崩せることが強かったです。 カバルドン HDーメガハッサムやメガカイリューをある程度受けるためにほぼ特化 Sー環境のハラバリーを大体抜けるまで このポケモンもメガハッサムと相性が良く、メガハッサムを通す上で必須のステルスロックを撒くことができる。メガハッサムにとんできやすいメガカイリューやサザンドラの炎技を受け、ステロあくびで相手の盤面を荒らすことができるのが強力でした。 サーフゴー HDーアシレーヌの特化アリアを2耐え Sー環境のメガメガニウムを大体抜けるまで 崩し枠として優秀でメガフシギバナやブラッキー、アーマーガー等をまとめて崩すことができて強かったです。またサザンドラや後述するメガカイリューと相性が良く選出に組み込みやすいのも強いポイントでした。 ➕2ゴルラでブラッキーやメガフシギバナを倒せて火力がやばすぎるポケモンでした。 メガカイリュー サブのメガ枠です。 メガハッサムの選出しづらいメガバシャーモやメガスカヴィランに強いところが良かったです。最速にすることで激戦区の100族付近を抜けるようになることがえらく、メガカイリューミラーにも強かったです。しかし、終盤はメガカイリューの最速が流行っていて何度か同速負けすることがありました。 アシレーヌ HBーできるだけ高く Sー大体のアシレーヌを抜けるまで 補完枠として採用したアシレーヌです。相手のアシレーヌに強くスケショでS上昇されないところを評価しました。 アシレーヌミラーに強くするためSを伸ばしたのですが、抜かれている場面があったためもう少しSをのばしても良かったと感じました。 アンコールは起点回避のためや瞑想眠るアシレーヌに強いため採用しました。 初手のカバルドンを警戒されてアシレーヌを初手に出されることが多かったため、初手投げして相手のアシレーヌを起点に崩していくことが多かったです。 【選出】 メガハッサム➕@2 残りの2体はステロを撒けるカバルドンやサザンドラ、アシレーヌ、メガカイリューの中から2体選出していました。 サーフゴー➕@2 受けよりの構築やムクホーク入りの構築に対して選出していました。 この構築は選出の自由度が高く、2メガ選出も非メガ選出も頻繁に行いました。 【最後に】 初めて最終チャンピオン級を獲得することができて嬉しかったです。また瞬間1位を獲ることができたり、有名な方と対戦できたりしてとても嬉しかったです。ここまでご覧くださりありがとうございました。 ポスト k kamakiri21 k kamakiri21 ポケノート ツール サポート 記事一覧 チーム管理 お問い合わせ 記事検索 記事一覧 記事検索 チーム管理 お問い合わせ
M-4,【M-4 最終207位 レート2398 】不撓バナブライルカと3匹の龍,https://pokesol.app/u/otiaito/articles/24f266d729e79c8e,【M-4 最終207位 】不撓バナブライルカと3匹の龍 ログイン ポケノート 注目記事 記事検索 ツール ダメージ計算(準備中) チーム管理 Pokémon Soldier X YouTube Twitch GitHub サポート お問い合わせ 条項 利用規約 プライバシーポリシー 免責事項 0 お おちあいと 目次 ページトップへ 【M-4 最終207位 】不撓バナブライルカと3匹の龍 構築記事 シングル M-B M-4 2026年8月6日 に公開 初めましての方は初めまして。普段はYoutubeでポケモン実況を投稿したりランクマ配信をしたりしている、｢おちあいと｣と申します。この度相棒のオンバーンと共にシーズンM-4にて最終207位、初の最終チャンピオン級を達成したので、構築を紹介します。 【使用構築】 【構築経緯】 ①愛しているので、 オンバーン を採用。 ②オンバーンの苦手なフェアリータイプを受けつつ、環境の一般ポケモンほとんどを相手取れる メガフシギバナ 、バナと相性が良く欠伸による対面操作が有能な ブラッキー を採用。 ③地面枠+ステロ撒き+対面駒として環境最強ポケモンの ガブリアス を採用。 ④上記4体で重いメガマフォクシーを上から縛ることが可能で、ヒーローフォルムになれば圧倒的火力でゴリ押せるこだわりスカーフ イルカマン を採用。 ⑤メガメタグロス軸、メガカイリュー軸を竜舞すれば破壊出来る メガリザードンX を採用。 【個体紹介】 調整意図:CSぶっぱ(準速メガミミロップを抜きたいので最速) 寵愛を結果で返す最高のポケモン。相棒枠。本構築唯一の特殊アタッカー枠。 基本はフシギバナ・ブラッキーと共に選出し、地面・炎の一貫を切りつつエアスラ怯みを押し付けていく。 カバルドン、剣舞型に見えるガブリアス、メガフシギバナが相手の構築に居たら積極的に選出する。 バナブラッキーを見て出てくる身代わり悪巧みサザンドラを、 特性すりぬけで身代わりを貫通し流星群で上からワンパン出来る のが強かった。また飛行タイプ×挑発持ちのため カバルドンを完封可能 。壁展開にも気持ち強い。 耐久が無い代わりに挑発を使えて非メガでS123族のメガカイリュー (珠臆病オンバーンと臆病メガカイリューの火力はほぼ同等)。 最大打点の流星群、困ったら怯ませるエアスラッシュ、舐めてくる鋼タイプを焼く火炎放射、起点回避の挑発で技構成は確定。 SVの頃から最終日はいつも覚醒してくれているのだが、今シーズンも怒涛のエアスラ怯みを最終日に引きながら一度もエアスラを外さなかった神ポケモン。こだわりメガネのない環境でC97のポケモンをアタッカー採用するのは普通に厳しいが、命の珠と挑発のストッパー性能でギリ耐えていた。 選出率は2位 。めっちゃ出す。最終日勝率73％←神。 調整意図:HB振り切り、メガカイリューやメガマフォクシー等の特殊メガも受けて欲しいのでDに性格補正 本構築の受け駒その1。最終日はメガフラエッテが増えていたのが向かい風だったが、有象無象を受け切る性能が高すぎるため最後まで信用して使い続けた。 フシギバナとの受け回し、リザードンXの起点作成&回復、どちらの軸でも必要なため、よほど刺さっていない時以外は選出する。 特防に性格補正をかけることで、 ステロを撒かれてもメガカイリューの流星群やメガマフォクシーのマジカルシャインをギリ受け切れる 。 ラムの実っぽいガブリアスにイカサマを撃てるか否かがとても大事なポケモンだが、 バナブラッキーに出てくるガブリアスのラム率はかなり高い ためイカサマを押しまくり、イージーウィンを量産した。 ねがいごと+まもるで 相性不利な構築相手に引き分けを狙える のがとても偉く、個人的にはカバルドンよりも圧倒的に使いやすく感じている。 技構成は言わずもがななイカサマ、リザードンを回復出来るのも優秀なねがいごと、残飯と相性がいい守るまでは確定。本構築ではリザードンが竜舞する隙を作りたいのであくびを選択。 ブラッキーのジャージを普段着にするぐらいには好きなポケモンなので、結果を出せて嬉しい。 選出率1位 。最終日勝率61％ 調整意図:HBぶっぱ(じゃないと剣舞珠ミミッキュが受からないため) 本構築の受け駒その2。一般枠に軒並み強いと見せかけて、全部怪しい。最終日2日前まではかなり強くイージーウィンを連発してくれていたが、最終日はチャンピオン級付近でのメタが厳しく選出率と信頼が落ちてしまった。 基本はブラッキーとの受け回しが成立しそうなら初手に選出する。対マスカーニャ性能が本構築で一番高いため、 マスカーニャが出てきそうかつフェアリータイプも出てきそうなら選出 したい。 やどりぎのタネがガブリアスやブリジュラスのステロドラテ展開に強く 、こちらのHPを削られ過ぎることなく処理できるのが強かった。 技構成は鋼への打点で大地、回復ソースとして必須な光合成は確定。ギガドレイン・ヘドロ爆弾・やどりぎのタネから2つ選択だが、ブリジュラスのミラコを透かせるやどりぎ、カバルドンへの打点としてギガドレインとなった。メガフラエッテにカモられ続けたので毒技も欲しくはあった。 正直最後の方は全く出す気にならなかったので、基本軸ではあったが変えるならこの枠だったと思う。ただ受け駒2+攻め駒1という自分の得意なポケモン対戦スタイルを思い出させてくれたので感謝している。 選出率3位 。最終日勝率57％ 調整意図:ASぶっぱ、火力が欲しいのでA特化 ①バナサイクルで厳しいメガマフォクシーをスカーフで上から縛れる水タイプ ②フェアリーの一貫が凄い構築なためフェアリー等倍以下 ③悪タイプを呼ばない(格闘タイプもフェアリータイプも居ない為処理に手間取る) ④火力と最低限のサイクル介入に耐えうる耐久がある この条件に当てはまるポケモンを配信中に視聴者に聞いてみたところ、イルカマンが一番当てはまっていたため採用。正直どうなんだとずっと思っていたが、他の候補(メスイダイトウなど)よりは明確に強かったため採用し続けた。 基本はウェーブタックルの通りがいい構築のみに選出。ニンフィアやカバルドンなどをゴリ押したいなと思った時にも選出を検討する。 ナイーブフォルムでスタートするため一度交代が必須なのが難点だが、本構築はステロ撒きをリザードンが強烈に呼ぶため、 初手ガブリアスにクイックターンを撃ち、ダメージで型を判別しつつフォルムチェンジ のパターンが多く、そこまで気になることは無かった。 技構成は交代しつつ相手へのダメージも期待できるクイックターン、最大火力のウェーブタックル、ブリジュラスに撃つインファイトまでは確定で、れいとうパンチは撃つ機会が一度しかなかった(しかもマスカーニャに耐えられた)のでジェットパンチでいいかもしれない。 ウェーブタックル2発でイダイトウを倒してくれた時は本当にヒーローに見えた。 選出率5位 。最終日勝率60％ 調整意図:ASぶっぱ、火力が欲しいので意地っ張り 最強ポケモン枠。シンプルに滅茶苦茶強かった。 基本はリザードン構築などステルスロックが欲しい相手に選出する。 ステルスロックを見せると相手の脳内から剣舞が消えてくれる ことが多く、結果的に剣舞が刺さって相手の構築が崩壊する試合が多々あった。技範囲を広げたいと思う試合もあったが、本構築では今回の技構成が最適だったと思う。 最終戦スケイルショット4発当ててくれて本当にありがとう。大事な試合全てで活躍してくれて、まさに主人公でした。 選出率6位 。最終日勝率87％←神。 調整意図 A:+1ドラゴンクローでHB特化ガブリアスを最大乱数切り確1 S:ミラー・85族意識で振り切り H:あまり 最後の補完枠、と思いきや最終的にエースとなった。 本構築のMVP 。 当初は グロスサザンアシレとカイリューガルドに強いポケモンとして採用 したが、結局最後はリザードンを出せるか否かを考えていた。 カバルドンが出されそうな時やメガフシギバナをどうしても選出に絡めたいとき以外は選出する。 バナブラッキーに強いアーマーガアやハッサムを起点にガブまで貫けるため、リザードンを見せただけで勝つ試合も多々あった。 本構築はステルスロックを撒かれるのを基本阻止できないが、 ブラッキーのあくび→ねがいごと→リザードン交代でステルスロックのダメージを帳消しにすることが出来る ため、ステロに困る試合はほぼ無かった。 技構成は最大打点のフレアドライブ、コンセプトの竜舞まで確定。本構築でフシギバナ以外が不利なアシレーヌをワンパン出来るよう雷パンチは欲しい。ドラゴンクローは逆鱗と選択だが、ドラクロに火力不足を感じたことは無い。 メガシンカの中で一番好きなポケモンなので、共にチャンピオン級を達成出来て嬉しかった。個人的脳内では強いけど実際に使うと微妙なメガシンカ筆頭だったが、最終日は脳内イメージ通りの活躍だった。 選出率4位 。最終日勝率84％←2回しか負けてません。 【選出】 ①メガフシギバナ+ブラッキー+オンバーンorイルカマン バナブラで受けまわしつつオンバーンかイルカマンで詰める。マフォ構築にバナを出したい時はイルカマンを初手選出、それ以外は基本初手メガフシギバナ(初動でメガしておきたい)。どうしてもステロが撒きたい時はガブリアスを出すこともある。 ②ガブリアス+ブラッキー+メガリザードンX リザXが通せそうならこの選出。ガブステロ→ブラッキーあくびの流れにはこだわらず、目の前のポケモンを倒せそうなら積極的に倒していく。 ③メガリザードンX+フシギバナ(非メガ)+@1 リザードンを出したいがフシギバナで受けたいポケモン(ミミッキュなど)が居てどちらも出したい時のみ2メガ選出もした。フシギバナを見せるとリザードンへの警戒が薄れてくれた。@1は刺さっているポケモンがいなければブラッキー。 【重いポケモン・構築】 ・メガフラエッテ ・ニンフィア ドラゴン3体かつフシギバナに毒技が無いのでめちゃくちゃ重い。フラエッテには最終日全敗。 ・メガムクホーク 対面で勝てるポケモンがオンバーンしかいない。最終日一度も当たらなかったのでセーフ。 ・壁展開 メガバシャーモを壁下だとオンバーンしか倒せず剣舞されて負ける。 【結果】 【感想】 チャンピオンズではM-1の最高レート2470が自己ベストで、それ以降は中々結果を残せずにいた中で、なんとか4シーズン目にして最終チャンピオン級を達成出来て取りあえず安心しています。次は2桁目標でやります。 オンバーンをこだわりメガネ以外で使うのが難しすぎて外そうかと思った回数は数え切れませんが、結果的には使いやすい挑発いのちのたま型に辿り着き、お荷物ではなく構築に必要な1ピースとして共に戦えてよかったです。こだわりメガネ返して下さい。後ノーマルテラス。 【最後に】 ここまで読んでくださった方ありがとうございました。良かったらXのフォロー、YouTubeのチャンネル登録よろしくお願いいたします。質問があればXのDMか、YouTubeのコメント欄まで。 ポスト お おちあいと お おちあいと ポケノート ツール サポート 記事一覧 チーム管理 お問い合わせ 記事検索 記事一覧 記事検索 チーム管理 お問い合わせ
M-4,あき雨前線北上中｜鈴木けい,https://note.com/kei_yaya/n/ne6f5f47ef573,"あき雨前線北上中｜鈴木けい 投稿 ログイン 会員登録 あき雨前線北上中 3 鈴木けい 2026年8月5日 23:51 鈴木けいと申します。シーズンM-4で初めてチャンピオン級を達成しました。ということで記事にまとめました。 構築 充電無いのは気にしないでください ご自由に使ってください 構築経緯 シーズンM-1で雨パを中心に握っていて、M-Bでラグラージが解禁されたということでラグラージ軸の雨パが注目されていたので触ってみたところ、スターミーの方が強くね？ってことで逆張りでスターミー軸をまた握ることにしました。 真面目な話スターミーの方が優れている点として 純粋にラグラージのウェーブタックルよりもスターミーのアクアブレイクの方が火力が高い サブウェポンの火力が違いすぎる 先制技がある 雨に依存しすぎていない などが挙げられると思います。詳しく説明すると、1は雨下でスターミーはH振りガブリアスをそこそこ1発で倒せますがラグラージはできないです。反動ダメージまで考えたらスターミーの方が全抜き性能は高いです。2はスターミーならメガニウム、フシギバナ、カイリュー辺りをボコボコにできます。しかし、ラグラージも地面打点があるのでブリジュラスとギルガルドに強いので優れてる点と言うよりかは差別化になるかなと思います。3は普通に先制技は強いです。雨なくても先制できます。4はリザYとかAキュウコンなどに抗えたり、雨が切れても強いです。 という感じでスターミーを採用し、雨の取り巻きのぺリッパーとブリジュラスを採用しました。ブリジュラスは色んなポケモンと殴りあえるようにHDベースにすることが決めました。 もう1メガ枠としてM-3で最終11位のまき（さん付けるのはムカつくので敬称略）のこちらの記事 【シーズンM3  最終11位  かまし系カバジュラエッテ】 - Sweet Memories☆ こんにちはまきです。今回は一桁順位を取ることはできなかったのですが個人的に納得のいく構築を組むことができたので簡潔に記事を maki-poke7.hatenablog.com を参考にして、スターミーと相性がいいフラエッテを採用しました。 雨選出をすると普通にブリジュラスがきついのでギルガルドを採用。体感ギャラドスがキツかったのでスカーフマスカーニャを採用して構築ができました。 個体紹介 M-1の記事 https://pokesol.app/u/kei_shinypoke/articles/e9b4f318995db46d も合わせてご覧下さい。端的に言うと前回と同じNNの説明省きます。 スターミー@スターミナイト NN：透ちゃんっす 特性：自然回復→力持ち 性格：意地っ張り 実数値 137（2）-167（32↑）-125-×-125-172（32） アクアブレイク/しねんのずつき/アクアジェット/アイススピナー AS：振り切り火力を求めてA特化 H：余り 全部ぶっ壊します。火力が高い方が嬉しいのでA特化。クイックターンで逃げるよりも範囲を伸ばした方がいいと思ったのでこの技構成になりました。エスパー打点はサイコカッターだと命中安定やキングシールドに触らないのは強いですが、触らなくても落とせないのでより威力の高い＋怯んだら宇宙なので思念採用。技構成はずっと変わりません。 フラエッテ（えいえんのはな）@フラエッテナイト NN：Anniversary 花なのでアルストロメリアの曲から 特性：フラワーベール→フェアリーオーラ 性格：臆病 実数値 159（10）-×-107-199（24）-168-169（32↑） ムーンフォース/ドレインキッス/めいそう/はめつのひかり S：できるだけ上から動きたいから最速 H：16n-1 C：あまり 正直見た目圧採用。ブリジュラス楽に処理出来たらこっちのブリジュラスが通るなみたいな構築に投げてました。瞑想3ウエポンが一番強いっす。 ぺリッパー@きあいのタスキ NN：Fiction Rain 特性：あめふらし 性格：冷静 実数値 167（32）-70-122（2）-161（32↑）-90-76↓ ウェザーボール/ぼうふう/でんこうせっか/とんぼがえり C：火力が欲しいから特化 S：後攻とんぼしたいから最遅 HB：余り 雨始動要因。かつ技威力が高すぎて対面性能がバカ高い。相手のHDブリジュラスを気合いで削るためにより技威力の高いウェザーボールを採用。カバルドンに天候を取られてもスターミーに引けば問題ないため、なみのりである必要はないかなと。暴風ととんぼがえりは確定枠。電光石火は初手キラフロルにウェザボ→電光石火と打つとステロが撒かれないため雨をもう一度展開できたり、タスキやマルスケを潰してスターミーの一貫を作ったりでめちゃくちゃ偉かったです。2回だけ初手キラフロルにジェム→カバルドン引きとガブリアス引きでケアされましたがどっちもスターミーで勝ってるので問題なかったです。 ブリジュラス@カゴのみ NN：Imcomingsoon 特性：持久力 性格：図太い 実数値 197（32）-×-165↑-146（1）-116（31）-107（2） りゅうのはどう/ラスターカノン/エレクトロビーム/眠る H：振り切り B：性格補正だけでも結構伸びるので C：能力上昇の効率 S：無振りロトム抜き D：できるだけ高く ほぼ全ての対面に勝てる最強の枠。雷撃#7にて対戦外でshow（さんを付けるのムカ以下略）が雨のブリを眠カゴで使ってるのを見てそれも強そうだなってずっと思ってたのを今回採用しました。耐久をバランスよく振って、CSを調整しました。特攻ダウンの有無や命中安定を意識してりゅうのはどうを採用。あとはとりあえずでラスカとクトロビを採用。普通にメガ枠より強かったです。 ギルガルド@たべのこし NN：Unsung Heroes アンティーカの曲より。騎士とかそういうモチーフ。 特性：バトルスイッチ 性格：生意気 実数値 167（32）-70-163（3）-70-210（32↑）-72↓ シャドーボール/アイアンヘッド/かげうち/キングシールド H：振り切り B：ガブリアスの地震意識 D：できるだけ高く ACS：AC両方使うのでSにしか下降補正かけれない＋できるだけシールドフォルムで攻撃を受けるため 対ブリジュラス意識枠。ブリジュラスがいても雨で頑張るみたいなことをずっとしてたのであまり投げていない。ブリジュラス意識のシャドボ。フラエッテ意識のドッヘン。あととりあえずの影とグシル。諸説だけど顔がいいのでOKです。 マスカーニャ@こだわりスカーフ NN：Heroes Thief この衣装名より。快盗って感じするから。 特性：変幻自在 性格：意地っ張り 実数値 183（32）-143↑-116（26）-×-90-151（8） トリックフラワー/イカサマ/とんぼがえり/けたぐり A：トリフラで大体のメガギャラドスを確定1発 S：最速ギャラドス抜き、ついでに最速ブリジュラス抜き H：振り切り B：あまり 対ギャラドス意識枠。ギャラドスだけ処理出来ればいいので最低限のAだけ担保して、どんだけS振っても2舞ギャラドス抜けないのでSも最低限、残り耐久に。ギャラドスに強いのでトリフラと熱血。対面操作のとんぼがえり。ドドゲザンにスターミーで択負けると厳しそうなのでけたぐり。イカサマ打ってるだけで普通に強かったです。 キツいポケモン メガゲンガー HDブリジュラス ギルガルド ハラバリー ダイケンキ 一応全員気合いで勝てるので気合いで何とかしてください。 TN紹介 涼本あきほさんの写真集のタイトルより 一応Amazonのリンク貼っときますね 【電子書籍限定カバー･電子限定特典付】涼本あきほ1st写真集 あきいちばん (声グラe-books) www.amazon.co.jp 3,773 円 (2026年08月05日 23:47時点 詳しくはこちら) Amazon.co.jpで購入する 終わりに そろそろ雨捨てたいです。スターミーは好きだけど雨はそんなに好きじゃないです。次は2桁目指して頑張るぞい。 一言 涼本あきほさん大好きです。 ダウンロード copy いいなと思ったら応援しよう！ チップで応援する 3 鈴木けい フォロー シャニマスが好き トップ ゲーム ゲーム noteプレミアム note pro ヘルプ プライバシー クリエイターへのお問い合わせ フィードバック ご利用規約 通常ポイント利用特約 加盟店規約 資金決済法に基づく表示 特商法表記 投資情報の免責事項"
M-4,"【M-4 シングル 最終214位,269位】 秘剣リザガブアマガ - とある山下美月推し",https://em-h.hatenablog.com/entry/2026/08/06/162622,"【M-4 シングル 最終214位,269位】　秘剣リザガブアマガ - とある山下美月推し とある山下美月推し 読者になる とある山下美月推し 2026 - 08 - 06 【M-4 シングル 最終214位,269位】　秘剣リザガブアマガ こんにちは！シーズンM-4お疲れ様でした！最終2桁を取ることは出来なかったですが、初の最終チャンピオン級と楽しい最終日だったので記事を書きました！ 最後まで読んでくれたら嬉しいです！！ 並びは↓です！ それでは構築を紹介します！ ①構築経緯 ②個体紹介 メガリザードンY @ リザードナイトY アーマーガア @ オボンの実 ガブリアス @ 拘りスカーフ メガスターミー @ スターミナイト ハラバリー @ 残飯 ダイケンキ(ヒスイ) @ 黒い眼鏡 ③選出 ④重いポケモン ⑤結果 ⑥レンタルチーム ⑦最終日対戦動画 ①構築経緯 羽休めを採用した耐久振り控えめメガリザードンY が、HP管理さえ出来れば環境TOPのポケモンに対して複数回行動が出来る、対面性能とサイクル性能を両立することが出来ることを評価し採用した。特に、対処の難しいブリジュラス、カバルドン、アーマーガアに対しての解決策として非常に有効であり、特殊メガ進化の中でも特に有利であることを評価した。 次に、メガリザードンYを使う上で、ステルスロックと使用率トップのガブリアスについての解決策が必要であると考えた。 霧払いアーマーガア がステルスロックを除去することによってメガリザードンYのサイクル性能を低下させない、ガブリアスに対して明確な受け出しポケモンとして成立することを評価して採用した。 ここまでで、電気の一環切り、ガブリアスに対して遂行速度が早く、メガリザードン等の相手の崩しに対してのストッパーにもなれる 最速スカーフガブリアス を採用した。メガリザードンY ＋アーマーガア＋ガブリアスを1つの強い選出とした。 次に、ガブリアス入りに対して毎回前述した選出をしていまうと、取り巻きによってサイクルが不利になったり、見えない崩しに引っかかってしまうことが多く対応範囲を広げる必要があると感じた。そこで、ガブリアス、カバルドン、メガマフォクシーに弱くない第二のメガ進化ポケモンとして アイススピナーを採用したメガスターミー を採用した。 次に、メガスターミーを選出した際にアーマーガアに加えて、メガカイリューの受け駒として特殊受けを採用したいと考えた。そこで、攻め意識さんも採用した 残飯ハラバリー が受けを成立しながらも対面操作から崩しを行えることを評価して採用した。 最後にイダイトウやブリジュラスに対して、撒菱を撒きながら崩しも可能で、対面的に動くこともできる ヒスイダイケンキ を採用した。特に、崩し性能の高いギルガルドや一定数いるゲッコウガに強く、ここまで重いギャラドスに弱くないことを評価した。 コンセプト ・強い選出を複数選出段階で用意し、対応範囲を広げた構築 ・サイクル性能を極限まで高めて、プレイングの幅を広げた構築 ・高火力＋強い受け駒の選出圧力がある攻めサイクル ②個体紹介 メガリザードンY @ リザードナイトY 特性: 日照り 性格: 控えめ 185(32)- 111 -118(20)- 209(11) -135-123(3) オーバーヒート / ウェザーボール / ソーラービーム / 羽休め 【調整】 HB-特化ガブリアスの岩石封じ確定耐え C-補正なしHD32振りブリジュラスオーバーヒートで確定1発 H18振りメガゲンガーをウェザーボールで確定一発 S-無振りガブリアス、メガフラエッテ抜き この構築のMVP。高火力で受けを破壊する瞬間が最高すぎる。アマガと合わせることで、選出率を高めることが出来た。ウェザボはゲンガーはブリへの乱数が大きく変わる、晴れが無くなってもオバヒがあるので放射を必要とする盤面が少ないことから採用した。H振りだけでD方面も固く、晴れ下でアシレの水技の受け出しや、ブリの10万を羽で受けれるなど本当にプレイングの幅が広がるポケモンだった。耐久に厚くすることで、火力に振っていないマスカーニャのジェムを耐えたりなど、不意の岩技で即負けする展開を防ぐことができた。晴れの有無で火力が大幅に変わってしまうので、ターンの管理を徹底することを心がけていた。 アーマーガア @ オボンの実 特性: プレッシャー 性格: 呑気 205(32)-107- 157(18) -73-121(16)- 78 蜻蛉帰り / アイアンヘッド / 羽休め / 霧払い 【調整】 HB-晴れ化陽気ガブリアスの剣舞炎の牙確定耐え D-余り S-ニンフィア、ブラッキー、ミラー意識 PPカラス。特性は、ステロのPP枯らし、ブリ10万枯らしを考えてプレッシャー一択。努力値はアマガ引きに特殊ポケモンに釣られた際にも対応できるよう、少しD方面にも降っている。アイヘはミミッキュやフラエッテ、フロルなどの削りとして採用した。アマガの中でも弱い型ではあるが、耐性面が優れているためあまり問題を感じなかった。霧払いはステロの除去だけではなく、一定数いた壁構築への解決策にもなった。晴れ下で受け出しすることによって、アシレやスターミーの技を半減以下に抑えられる点も良かった。 ガブリアス @ 拘りスカーフ 特性: 鮫肌 性格: 陽気 185(2)-182(32)-115- 90 -105- 169(32) 逆鱗 / 地震 / 岩雪崩 / 炎の牙 【調整】 A-ぶっぱ S-最速 H-余り ガブのスカーフという持ち物は一貫性が無くあまり強いと感じていないが、技が一環しない場合に明確な引き先がいる場合は解決出来ることが多くあまり問題なかった。そもそもチャンピオンズにおいてスカーフという持ち物は相手の技選択に依存し、願望プレイになりがちなため、構築単位で解決する必要があると考えている。雪崩はリザYやガモスへダメージ意識で採用している。あと1つはステロ、炎牙、毒突きから選択となるが、ステロは霧払いと相性が悪く明確な崩しになりにくい、メガニウムはリザYで見れることから炎牙を採用した。晴れ下の炎牙の火力がそれなりにあるので、稀に炎牙が一環して勝てる試合もあった。 メガスターミー @ スターミナイト 特性: 力持ち 性格: 陽気 137(2)-152(32)-125- 135 -125- 189(32) クイックターン / サイコカッター / アイススピナー / アクアジェット 【調整】 A-ぶっぱ S-最速 H-余り 受けポケモンを用意することによって、高火力対面操作技のクイタンが安定択になることが多く最強のポケモンだった。グロスやルカリオ意識で最速にしている。サイコカッターは瞑想アシレ、ムクホーク、ロップ、バナを意識して採用している。アクブレが欲しい盤面はあったが、カバルドンはスピナー＋クイタンで倒せることが多い、グロスが鉄壁の採用率が減ったためクイタン＋スカガブで倒しやすいことから今回は採用を見送った。 ハラバリー @ 残飯 特性: 電気に変える 性格: 穏やか 215(31)- 75 -114(3)-123- 143(27) -70(5) ボルトチェンジ / 水浸し / 毒々 / 怠ける 【調整】 HD-特化メガカイリューの流星群2回を残飯＋ステルスロック込みで確定耐え HB-特化珠ミミッキュの剣舞珠じゃれつくを最高乱数切り耐え S-S2振りカバルドン抜き 攻め意識さんが配信で使っていたのと同じ調整。やはり受けポケモンでありながら、対面操作技を使えることが強く、電気に変えるを発動した際のダメージにも期待した。B方面も固く、ルカリオのインファイトを受けてボルチェンで倒せたりほとんどの攻撃を一度耐えて対面操作が出来る点も優秀であった。前期最終2位の方がS2振りカバを使っていたので、それを抜ける5振りハラバリーを使ったが、一度もカバに抜かれることななかった。持ち物はお盆と選択だが、アマガと一緒に組む場合は数値受けのハラバリーの回復を優先させる必要があるため、残飯一択であると考える。適当に使っていて強いポケモンではないので、HP管理や技選択が非常に重要なポケモンであると感じている。 ダイケンキ(ヒスイ) @ 黒い眼鏡 特性: 切れ味 性格: 意地っ張り 185(20)- 176(32) -101(1)- 108 -86(1)-117(12) アクアカッター / 秘剣・知恵波 / 聖なる剣 / 不意打ち 【調整】 A-特化 HD-特化ブリジュラス、サザンドラの流星群を75%耐え S-S11振りブリジュラス抜き（出来るだけ早く） 前期最終1位の攻め意識さんと同じ調整。この構築のラストピースであり、カッコ良すぎるポケモン。アマガ＋ハラバリーに対しての崩し枠に対して滅法強く、選出を合わせることによって神のポケモンとなった。アクアカッターはシェルブレードと選択だが、命中安定、非接触でガブ鮫肌やガルドのキンシを防げる点を評価して採用している。知恵波は命中90で外したら試合展開が不利になってしまうことが多いが、それでも採用する価値がある技だと感じている。黒い眼鏡＋不意の火力のリーチが凄まじく、撒菱を絡めたサイクルであらゆるポケモンを縛っていった。ブリのSラインが不明のためこの調整で使っていたが、CS以外には抜かれなかったためもう少し耐久に回してもいいかもしれない。 ③選出 １,リザードン＋ガブリアス＋アーマーガア ２,スターミー＋アーマーガア＋ハラバリー（ダイケンキを絡めるか検討） １と２が多いが、臨機応変に対応する。選出画面で試合展開を考え、負けないような選出をする。不利構築や全対応が難しい構築のみ、選出を合わせる。 ④重いポケモン ・メガギャラドス 技構成によって対処の方法が変わるので、初見で対応するのが難しかった。基本的には晴れ下のリザY＋スカガブで対応するが、再戦時にウィップがないと分かった時にはダイケンキを選出したい。非メガならハラバリーで見れるので、選出画面でメガか非メガかを判断することが重要である。 ・スカーフ水ロトム＋ガブリアス ミトムがスカーフの場合はリザYの上からボルチェンを打たれてしまうため、ハラバリーに引いても展開が不利になってしまう。積極的にガブを選出したいが、フラエッテなどのメガ枠によってあまり選出することが出来なっかった。初手の水ロトムにハラバリーを合わせて交代先に毒を入れ試合を進めるのが一番の解決策であると考える。 ⑤結果 TN 華よい　　最終214位（R2396） TN ふるーら　最終269位（R2388） 推しの山下美月ちゃんが華よいのCMやってます！！ 所感 チャンピオンズが出て3シーズンは最終日なかなか安定して勝つことが難しかったが、ようやくそれなりの結果を出すことが出来て安心した。特に今期は自分がチャンピオンズにおいて足りていないのは選出だと感じていたため、選出を重視して取り組んだ。今期の構築は、M-3から考えていたものを少し変えただけで、軸のポケモンにはほとんど変化がない。構築完成度もそれなりに高いと自負しているが、構築が強いから勝てたという訳ではない。 現時点では、チャンピオンズは基本的に構築がある程度強いのは前提として、「同じ構築を使い続けて、選出やプレイングを極める」というのも一つの選択肢であると感じた。ただ、最上位では環境に合わせて構築をカスタマイズする能力を求められているため、今後は構築作成能力も身につけたいと考えている。 今期は朝8時時点で、2ROMチャンピオン級にいたため、全然最終2桁を目指せる位置にはいた。最後はサブロムも合わせて10連勝出来たため、よっぽどの運要素や不利構築を引かなければ勝てる状況にはいた。ただ、最終2桁まで数回勝たなければいけないのと、集中力的にも限界を迎えていたため、潜らないという選択肢を取った。今期は最終日のレートもある程度高く、休憩を取りつつもゲームをプレイすることが出来て良かった。最上位のプレイヤーは連続してプレイする集中力も持っているため、いずれ集中力を鍛えていきたいと思う。 チャンピオンズが出てからも毎シーズン序盤は安定して1桁〜2桁前半にいるので、取り組み方は大きく間違っていないと思う。今後も最終2桁を目標に全力でこのゲームをやっていきたい。 ⑥レンタルチーム チームID:EKADUEKB74 レンタルチームを公開します。しばらく公開しているので、是非使ってください！！ ⑦最終日対戦動画 youtu.be 【Special Thanks】 ★最終チャンピオン級を応援してくれてモチベーションを上げてくれる友達 ★いつも配信でプレイングを学ばせてもらっている攻め意識さん Em_h 2026-08-06 16:26 読者になる 広告を非表示にする もっと読む コメントを書く 夢見バドアルセ » プロフィール id:Em_h 読者です 読者をやめる 読者になる 読者になる このブログについて 検索 リンク はてなブログ ブログをはじめる 週刊はてなブログ はてなブログPro 最新記事 【M-4 シングル 最終214位,269位】　秘剣リザガブアマガ 夢見バドアルセ 【S32最終213位Release,moonblast!!】 【S28最終518位 S29最終657位　夢想ランドカミカイナ】 【S19 最終800位 七色変幻自在蒼響】 月別アーカイブ ▼ ▶ 2026 2026 / 8 2026 / 4 ▼ ▶ 2025 2025 / 8 2025 / 5 ▼ ▶ 2024 2024 / 7 2024 / 4 ▼ ▶ 2021 2021 / 3 2021 / 2 2021 / 1 ▼ ▶ 2020 2020 / 11 はてなブログをはじめよう！ Em_hさんは、はてなブログを使っています。あなたもはてなブログをはじめてみませんか？ はてなブログをはじめる（無料） はてなブログとは とある山下美月推し Powered by Hatena Blog | ブログを報告する 引用をストックしました ストック一覧を見る 閉じる 引用するにはまずログインしてください ログイン 閉じる 引用をストックできませんでした。再度お試しください 閉じる 限定公開記事のため引用できません。 読者です 読者をやめる 読者になる 読者になる"
M-4,【M-4使用構築】†ドドゲギャラクシー†石撒き職人を添えて【最終215位/R2395】 - ムトウのブログ,https://muto-1005.hatenadiary.jp/entry/2026/08/06/213952,【M-4使用構築】†ドドゲギャラクシー†石撒き職人を添えて【最終215位/R2395】 - ムトウのブログ ムトウのブログ 読者になる ムトウのブログ X:@muto_1005 2026 - 08 - 06 【M-4使用構築】†ドドゲギャラクシー†石撒き職人を添えて【最終215位/R2395】 この構築名を昔からずっと記事のタイトルにしたかった 初めましての方は初めまして！ そうでない方はご無沙汰しております！ ムトウです。 今回はポケモンチャンピオンズ、シーズンM-4最終日にて使用した構築の記事となります。 いつも通り緩ーく書いていきますので、その辺はご容赦願います。 そんな中で少しでも参考になる点がありましたら嬉しいです。 では早速。 ■ 最終成績 ■ 構築詳細 ※バトメモのテキストを使用させていただきました ■ コンセプト ・ドドゲザンを活躍させる(いつもの ・使いたかった ドラテガブとのシナジーを意識 ■ 構築経緯 シーズン終了まで残り24時間程、構築無し、レートも無し。 所謂絶望的な状況下だったので、今期は諦めて使ってみたかったドラテガブを練習するかーってノリから始まりました() とういうわけで前シーズン(M-3)使用していた構築をほぼ流用しつつガブの型を襷→ドラテ型に変更。 M-3の使用構築はこれ↓ ドドゲガブマフォorギャラが攻守共に補完が良く、前シーズンで使用していた際に軸として無難に強かったと感じたため、残りの2枠(ドラパ/キュウコン)だけポケモンを変更することにした。 あとドドゲザンは持ち物をラム→黒い眼鏡に変更。 とりあえずガブの設置技の削りと合わせて最大限相手を落とせる範囲が広がるように。 この4匹では相手のギャラドスやミミロップが厳しいと思ったため、それらを誤魔化しつつガブの設置技を最大限に活かすことができるHB残飯の欠伸ニンフィアを採用。 ラスト1枠はアマガブリグロス辺りに強く、尚且つ足が速い奴が欲しい、ビビヨンの眠り粉の一貫、フェアリーの一貫、これら諸々を考えた結果スカーフサーフゴーを採用。 お得意(だと思ってる)の 拘りトリックを絡めた戦術を取れるのも合ってるかなと思った次第。 構築が完成 並びとしては前シーズンに結果を出された構築と大分似たものになってしまったり、そもそも同じような基本軸の並びが流行っていたりしたのもあって、メタが厚くあまり勝てないかもなぁとは思いつつ、状況や心境的にそこはあまり気にしてなかったので、とりあえずこれで最終日はレート2000辺りから乗り込むことに。 【個別】 お馴染みの相棒枠。 ガブの設置技+ニンフィアの欠伸ループ+ドドゲザンでスイープする動きがシンプルながら強力で、メガ無し選出も結構した。実質メガシンカポケモン。 調整に関しては、今回は意地ASで使用。 理由としてはバナハッサム辺りを剣舞を絡めてコイツでゴリ押しするルートが欲しかったため。 (抜ける確証はなく相手の調整依存になってしまうものの、抜けたら試合展開が楽になってラッキー程度ぐらいではある) あとアシレーヌの足が速い傾向にあった気がするので、素早さ調整のイタチごっこを気にせず上から殴れる点は良かったかもしれない。 ちなみにガブの地震+鮫肌耐えとかの調整も強いと思うので、調整に関しては構築や好みの問題で変えるのが良いと思う。 石撒き職人。 調整はどこかで見つけたのをそのまま使わせていただいたもの。（だいぶ前に育成したので忘れました() 場持ちの良さからの設置物+ドラテによる荒らし性能が本当に強く、襷がなくとも物理耐久面は勿論、特殊耐久面でも特化アシレーヌのムンフォを耐えてしまう化け物なので、アシレと対面してしまった際も最低限の仕事はこなしてくれた。 割とSに振ってるのも活きた場面はあったような気がする。 頼もしすぎるポケモンだった。 威嚇で相手の物理火力を低下させることによって、自身やドドゲザンの起点を無理矢理作れたり、非メガ時にはドドゲザンと耐性面において補完が取れている点が優秀。 今更語る必要はないとは思うが、後述するマフォ意識で選出されるスターミー/イダイトウ/ダイケンキ/ミミッキュ/ソウブレイズ等といった、 この辺りのポケモンに強めなのでマフォの相方メガとしても優秀。 状況によっては敢えてメガらないという選択が割と発生するポケモンなので、その辺は使ってて考えることあって楽しいポケモンだと思う。 技構成はシンプルな構成で完結した。 カバに対してや等倍相手への一致打点として滝登りが欲しくて、ブリジュラスやロトム、ギルガルドなんかに地震が欲しい、ガブやカイリューに対して氷のキバ、積み技の竜舞。 ちなみにXYの頃から使ってみたかったメガシンカなので、チャンピオンズになってメガシンカルールが帰ってきて、そして使うことができたのは良かった。 特性とタイプによりドドゲザンと耐性面で補完が取れており、尚且つドドゲザンが苦手な格闘タイプに対してタイプ一致抜群を叩きつけられる等、これも今更自分が語る必要無いくらい認知されていて、結果も出されている攻守共に優秀な相性補完。 そんな理由から雑に採用。 調整はCSぶっぱ、環境にいる高速ポケモン意識で最速。 オバヒは誘うブラッキーを1回巧んでしまえば大体ワンパンできて、そのままイージーウィンできることも多々あったのが強力と感じた。あと特化ハラバリーも8割くらいで吹き飛ぶ。 M-3の時は居座ってきたメガライチュウYもワンパンでよく吹き飛んでいったが、今期は割りかし耐えられた。 草結びはマフォを受けようとしてきたヤドラン、あとたまにいたミロカロスが巧み込みで吹き飛んでったり、ダイケンキやスターミー、イダイトウとかにも食らわせた際は良いダメージが入る。 巧んだ後やステロがあれば後出しのギャラドスに対して安定した強力な打点となったり、バンギに対しても同様で使い勝手は良かった。 サイコキネシスではなくサイコショックなのは瞑想してくるフラエッテやアシレ意識。 とにかく崩し性能が高く、ガブの設置技も合わさることで受け系統の構築に対しては無類の強さを発揮した。 ちなみにギャラドスと組ませることで構築名を†ギャラクシー†と名付けることができて、なんかカッコよくなるのは昔から有名。 ガブの設置技2種と合わせて最大限にウザくなる可愛いウサギ（...ウサギだよね？ 相手の選出によっては設置技2種+コイツだけで対戦が終わることもあった。 グロスを始めとしたニンフィアが苦手な鋼タイプ達に関しては取り巻きが大分強い為、それら苦手なポケモン達にも臆せず選出することができた。 それよりも個人的にはメガゲンが厄介。 メガシンカされてると逃げれない上、対処が面倒なのでなるべく選出したくない。 トレンドと言えるくらい流行ってたポケモンとその型ではあったので、最終日にはタコられるだろうとは思ってたけど、それでも想定以上の強さは感じた。 とはいえ今期は最終日の2桁帯に踏み入れてなかったので、上の方では通用してたのかは分からない。 あと舞ってくるギャラによく投げてたものの、怯んだら普通に終わりかねない。 欲しいと思ってた要素が諸々揃ってたり、好みの性能だったので採用した枠。 ただ構築の中では一番の諸説枠ではある。 そして選出率はそこまで高くないのであまり語ることがない() 10万ボルトは一度も打たなかったので、構築や好みの問題で他に欲しい技あれば変えていい。 あとゴルラの弱体化はやりすぎじゃね？ ■ 選出 ①ガブ/ニンフ/マフォorギャラorドドゲ ②ガブ/マフォorギャラ/ドドゲ 上記2パターンが多い、相手の構築によって必要なら臨機応変に。 サーフゴーはビビヨンに震えたりフラエッテを厚くみたい時なんかに。 ■ 苦手なの トリルやバトンなんかのギミック系は特にしんどかった。 単体だとヒスイダイケンキ、カバもそこそこ面倒。 ■ あとがき 今回は最終日だけ謎に勝てたので、運良く最終チャンピオン級までは這い上がることができましたが、個人的な目標(最終2桁以上、自己ベスト更新)にはシーズン中の取り組み具合や勝率からも自信が持てず、モチベも低下してしまい、非常に厳しいと感じてたシーズンでした。 そんな感じのまま迎えてしまった最終日だったので、そこからレートを約400盛れた事が今になって自分でも驚いていますし、たまたま噛み合ったり運が良かったのもあるとは思いますけど、ある程度自信にはなったかなーって今は思います。 ただ取り組み方は全然ダメですし、2桁目指さずにギブアップしたのは勿体なさも少し感じつつ、諸々込みで己の弱さが出てしまったとは思います。 そろそろチャンピオンズでも2桁以上の実績が欲しいですねー。 シーズンが終わる度に最上位勢ホント凄いなーと、しみじみ思うやつ。修羅の道すぎる。 とはいえ最終チャンピオン級は4シーズン目にして初めてなので、そこは嬉しいですし安堵もしてます！ 次の記事はいつになるか分かりません。 気に入った構築ができたり、満足いく結果が出せたらになると思います。 ちなみに皆さんはそんなんとか順位とか気にせず、書きたいと思ったら書いて良いと思います！ まぁそんなところで... また頑張りたいと思います！ ここまで見てくださった方、ありがとうございました！ノ よければXもフォローしてね →@muto_1005 muto_1005 2026-08-06 21:39 読者になる 広告を非表示にする 関連記事 2026-03-03 【S39使用構築】ミライオーガウェーニバル【最終99位/R1972/SVシングル】 シーズン39お疲れさまでした。 今回使用した構築になります↓ ■ … 2026-01-07 【S37使用構築】土下座未来鳳凰【最終87位/R2005/SVシングル】 シーズン37お疲れさまでした！ 今回使用した構築になります↓ ■ … 2025-05-02 【S29使用構築】スカーフルギア×ドドゲザン【最終37位/R2039/SVシングル】 シーズン29お疲れ様でした！ ランクマに復帰して約1年半が経過… 2024-10-02 【S22使用構築】スカーフカイリュー+ミミッキュガチグマ【最終395位/R2008/SVシングル】 シーズン22お疲れさまでした。 レギュH環境の1stシーズン、苦戦… 2024-08-03 【S20使用構築】不死鳥と土下座男【最終112位/R2038/SVシングル】 シーズン20お疲れさまでした！ sv環境における自己ベスト記録を… もっと読む コメントを書く SV振り返り » プロフィール id:muto_1005 読者です 読者をやめる 読者になる 読者になる このブログについて 検索 リンク はてなブログ ブログをはじめる 週刊はてなブログ はてなブログPro 最新記事 【M-4使用構築】†ドドゲギャラクシー†石撒き職人を添えて【最終215位/R2395】 SV振り返り 【S39使用構築】ミライオーガウェーニバル【最終99位/R1972/SVシングル】 【S37使用構築】土下座未来鳳凰【最終87位/R2005/SVシングル】 【使用構築まとめ】-AIBOと共に- 月別アーカイブ ▼ ▶ 2026 2026 / 8 2026 / 4 2026 / 3 2026 / 1 ▼ ▶ 2025 2025 / 8 2025 / 5 2025 / 1 ▼ ▶ 2024 2024 / 10 2024 / 9 2024 / 8 2024 / 5 はてなブログをはじめよう！ muto_1005さんは、はてなブログを使っています。あなたもはてなブログをはじめてみませんか？ はてなブログをはじめる（無料） はてなブログとは ムトウのブログ Powered by Hatena Blog | ブログを報告する 引用をストックしました ストック一覧を見る 閉じる 引用するにはまずログインしてください ログイン 閉じる 引用をストックできませんでした。再度お試しください 閉じる 限定公開記事のため引用できません。 読者です 読者をやめる 読者になる 読者になる
M-4,好きなポケモンで勝つ楽しさ：チャンピオンの秘訣💪 - どらけんのお散歩レート,https://doraneko42895.hatenablog.com/entry/2026/08/06/131124,"チャンピオンクラスのポケモン構築術 - どらけんのお散歩レート どらけんのお散歩レート 読者になる どらけんのお散歩レート ポケモンの調整やパーティ、レート環境について書いていきます。TwitterID doraneko_poke 2026 - 08 - 06 自分で組んで勝つための、構築の作り方と直し方 ポケモンチャンピオンズ（シングル）｜シーズンM4 最終216位・レート2395・マンスリーチャレンジ46位 この記事は、自分の構築で勝ちたい人に向けて、私が普段どうやって構築を組んで、どう直しているのかを順番に書いたものです。最初はまったく勝てなかった一つの構築を、この順番でどう直してこの成績まで持っていったのか、実例として最後にまるごと紹介します。 はじめに 最初に断っておくと、これから書くことは全部私の自論です。間違っているところもあると思いますし、もっと深く考えられる部分もあるはずです。あくまで「私はこう組んでいる」という一例として、気楽に読んでもらえたら嬉しいです。 想定しているのは、自分で構築を組んで結果を残したい人です。強い人の構築を借りて回すのはもうできる、でもそろそろ自分の構築で勝ちたい。私自身がずっとそう思ってきたので、普段どういう順番で、何を考えて構築を組んでいるのかを、できるだけそのまま書いてみます。 そして最後に、実際にこのやり方で組んだ構築を一つ、まるっと紹介します。これがなかなか面白くて、最初はあまり勝てなかった構築が、直していくうちにチャンピオン級まで化けてくれました。方法論の話だけだとどうしてもふわっとするので、最後はこの実例で答え合わせをしてもらう形にしています。 はじめに 第0章：構築は""組む順番""を意識する 第1章：環境を読む メタには時間の流れがある 強い構築は、上から降りてくる では、どこを狙うか 第2章：軸を決める 強みを""勝ち方""に翻訳する ①②と③④は、性質がぜんぜん違う 見た目の強さに騙されない 第3章：必要な要素を洗い出す 段階1：その軸が動き出す条件 段階2：その軸で""どう勝つか""というシナリオ 書き出したものが、次の""求人票""になる 第4章：2匹目以降で埋める 「並び → シナリオ → ポケモン」の順で埋める ダメージ計算で""気のせい""を潰す 第5章：回して磨く とにかく、相手を記録する 初手は、いちばん記録する価値がある 穴はゼロにできない。最小にしたら、あとは回数 第6章：穴を塞ぐ まず、負けを""切り分ける"" 直すのは、いちばん刺さっている穴から 一度に、一つだけ。最小の変更で そして、また回す 実例：勝てなかった構築を、チャンピオン級まで 環境読み：確実に湧く並びを狙う 軸：メガクチート v1（7/10）：組んでみた。けど勝てない v2（7/14）：捕まえて消す仕組みを足す v3（7/16）：メガギャラドスへの切り返し v4（7/21）：受け系を割る、完成形 最終構築（v4）の6匹 回しながら見えてきたこと ポケモンはそのまま、中身を変える 振り返って まとめ 第0章：構築は""組む順番""を意識する 私が構築を組むときに一番意識しているのは、組む順番です。ここは個人的にかなり大事なポイントだと思っています。 強いポケモンを6匹並べれば強くなりそうなものですが、これが意外と勝てない。。。 私はこれを、順番を飛ばして組んでいるからだと考えています。イメージとしては、家を建てる前に家具だけ先に買い込んでいる感じ。一つひとつはいい家具でも、置く場所が決まっていないと部屋はまとまらないですよね。 私の場合は、だいたいこの6ステップの順番で組んでいます。 環境を読む — まず""誰と戦うか""を知る 軸を決める — 主役の1匹と、その""勝ち方""を決める 必要な要素を洗い出す — 主役が勝つために""何がいるか""を書き出す 2匹目以降で埋める — 洗い出した要素を、残りのポケモンで満たす 回して磨く — 実戦で使い込み、相手を記録して選出を鍛える 穴を塞ぐ — 見えてきた弱点を、一つずつ直す ちなみに、①環境を読むと②軸を決めるは、どちらが先でもいいと思っています。好きなポケモン（軸）から入って後から環境をすり合わせてもいいし、環境を見てから軸を決めてもいい。ここだけは前後しても問題ない、というのが私の感覚です。反対に③以降は、前の工程が土台になるので、順番どおりがおすすめです。 なぜこの順番なのか。ひとことで言えば、前のステップが決まらないと次が決められないからです。私の中ではこれは""手順""というより、""前提が次の前提を呼ぶ連鎖""みたいな感覚で、ここが腑に落ちると構築はぐっと組みやすくなります。一つずつ理由を書いてみます。 環境を読むを最初に置くのは、倒す相手が見えていないと、軸も残りのポケモンも選びようがないからです。ここを飛ばすのは相手の見えない試合をするようなもので、さすがに分が悪い。だから私は必ずここから始めます。 軸を決めるでは、主役の勝ち方まで決めてしまいます。「このポケモンでどう勝つのか」まで言葉にできると、構築の指針が一気に定まる。ここが背骨だと思っています。 必要な要素を洗い出すは、「主役が勝つにはこの役割とこの対策がいる」を先に決めておく工程です。ここをはっきりさせておくと、次のポケモン選びで迷いにくくなります。 2匹目以降で埋めるで、ようやくポケモンを足していきます。リストの穴を埋めるように選ぶので、「なんとなく強いから入れた」が減る。ここでダメージ計算を使って、勝ち筋を感覚ではなく数字にしておくのが、地味ですがかなり効きます。 回して磨くは、完成した構築を実戦で使い込む段階です。個人的にはここがいちばん伸びを感じる工程で、相手の初手や選出を記録していくと、自分の選出がどんどん鋭くなっていきます。チャンピオンズで「構築の練度が大事」と言われるのは、この部分のことだと思っています。 穴を塞ぐでは、実戦でしか見えなかった弱点を直します。コツは一つずつ、最小限に。まとめていじると、それまで積んだ練度が一度リセットされてしまう感覚があるからです。 次の章から、この順番に沿って書いていきます。 第1章：環境を読む 構築を組む前に、まずやるのは環境を知ることです。誰が多くて、何が流行っていて、どういう並びをよく見るのか。ここがぼんやりしたまま組み始めると、結局「強そうなポケモン」を並べるだけになってしまうので、毎回ここから入ります。 そのうえで、環境を見るときに意識している軸が2つあります。時間の流れと、レートの高さです。 メタには時間の流れがある 環境は、シーズンの中でどんどん形を変えていきます。これを、メタが時計みたいに回っていくイメージで捉えています。 シーズンの序盤は、多くの人が前シーズンの上位構築や、Xでバズった構築を借りて回します。何が強いのかを知るために、まず実績のあるものを使うわけですね。なので序盤の環境は、「前シーズンの記事がそのまま並んでいる」みたいな状態になりやすいです。 中盤になると、今度はその流行りに勝つための構築が増えてきます。序盤に暴れていた並びを狩る側、つまりカウンターが出回ってくる時期です。 そして終盤に近づくと、序盤に強かった構築はだんだん数を減らしていきます。ただ面白いのが、ここで一周まわって復活してくるポケモンがいることです。強い人ほど「メタられた状態でどう勝つか」を考えるので、中盤で減ったポケモンが「今なら逆に刺さる」と戻ってくる。私はこの揺り戻しまで含めて、時計が一周する感覚で見ています。 強い構築は、上から降りてくる もう一つ意識しているのが、レートの高さという軸です。 私の感覚では、強い構築は高いレート帯で先に生まれて、時間差で下のレート帯に降りてきます。理由はシンプルで、強い構築を組んだ人が勝ち上がっていって、その人に負けた人がその構築を真似するからです。こうして、一段ずつ下へ広がっていきます。 ここから学んだのは、自分のいるレート帯だけを見ていると、どうしても後手に回るということです。なので、できるだけ自分の一つ上のレート帯で何が流行り始めているかを見るようにしています。降ってくる前に対策を用意できると、かなり戦いやすくなります。 では、どこを狙うか 時間とレート、この2つの軸で環境を眺めると、「今、自分はどの流れの中にいるのか」が見えてきます。そのうえで、自分がどこを狙って構築を組むかを決めます。 私はよく、中盤のカウンターを狙って組みます。序盤に流行る構築は、前シーズンの勝ち組という""ほぼ確実に湧く母集団""なので、そこを叩きにいくのは読みが外れにくいからです。もちろん、序盤の流行りにそのまま乗るやり方も、終盤の裏を取りにいくやり方もあって、ここは完全に好みと戦略だと思います。大事なのは、なんとなく組むのではなく、""どの流れを狙って組んでいるのか""を自分で分かっていることかなと考えています。 第2章：軸を決める 環境が見えてきたら、次は軸になるポケモンを決めます。ここはもう、好きなポケモンで大丈夫です。強いと感じたポケモンでもいいし、単純に使いたいポケモンでもいい。私は、ここでテンションが上がるかどうかは意外と大事だと思っていて、好きなポケモンだと自然と使い込むので、結果的に練度も上がっていきます。 ただ、置いて終わりにはしません。軸を決めるというのは、正確には「そのポケモンの強みを理解して、""どう勝つのか""まで決める」ことだと考えています。ここがこの章で一番伝えたいところです。 強みを""勝ち方""に翻訳する 同じポケモンでも、何を強みにして勝つかは一つとは限りません。軸のポケモンを、その勝ち方でだいたい次のように分けて考えています。 環境で対面性能が高い … 出てきた相手に、正面から撃ち合って勝てる 環境でサイクル性能が高い … 有利な対面を作り続けて、じわじわ削って勝つ 対面はそこまででも、条件が揃えば全抜きできる … 剣舞や竜の舞などを積んで崩していく 条件が揃えば、まず崩されない … コスモパワーや、どくびし＋羽休めのように、相手の攻め手を無力化して勝つ ③④の条件を整えるためのサポート … 上のポケモンが仕事をできるように支える役 軸を置いたら、「このポケモンはどのタイプで勝つのか」をまず自分の中でハッキリさせます。これが決まると、次の章の「必要な要素」が自然と見えてくるからです。 ①②と③④は、性質がぜんぜん違う この5つ、さらに2つのグループに分けて見ています。 ①②は、そのポケモン単体で勝ち筋が成立するタイプです。対面で強い、サイクルで強い、というのはポケモンの性能そのものが勝ち筋になっている。だから、まわりに求めるものは比較的少なくて済みます。 一方③④は、条件付きの勝ち筋です。積んで全抜きするにも、崩されない置物になるにも、""そのための条件""が揃って初めて成立する。そして⑤は、その条件を用意してあげる役です。 たとえば私の中のイメージだと、ピクシーは④寄りです。相手の攻撃を耐えながらコスモパワーや瞑想を積んで、被弾を半分以下に抑えられる状態を作れれば、そこからは崩されにくい。バシャーモは③で、相手の攻撃を一回耐えるか、誰かに隙を作ってもらって剣舞を積めれば、一気に攻め込めます。どちらも「条件が揃えば強い」ポケモンで、その条件こそが、次の章で洗い出す""必要な要素""になります。 見た目の強さに騙されない 一つだけ、気をつけていることがあります。それは、①対面性能が高いポケモンと、③積んで全抜きするポケモンを、混同しないことです。 一見すると""対面最強""に見えるアタッカーでも、よく見ると壁や削りがないと本当の意味では全部を抜けない、つまり中身は③だった、ということがけっこうあります。ここを①だと思い込んで、サポートなしでそのまま投げると、あっさり止まってしまう。軸を決めるとき、「これは単体で勝てるのか、それとも条件が要るのか」を毎回自分に問い直すようにしています。 第3章：必要な要素を洗い出す 軸のタイプが決まったら、次はその軸が勝つために""何がいるか""を書き出していきます。前の章で、③④は条件付きの勝ち筋だと書きました。その「条件」を具体的に言葉にするのが、この工程です。 私はこの""必要な要素""を、2段階に分けて考えています。 段階1：その軸が動き出す条件 まず一つ目は、軸のポケモンが""仕事を始められる""ための条件です。 たとえばバシャーモなら、「相手の攻撃を一回耐える」か「誰かに隙を作ってもらって剣舞を積む」。この状態を作れて初めて、攻めのスイッチが入ります。逆に言うと、この条件を用意できないと、どんなに強い軸でも置物になってしまう。まず、「このポケモンは、何があれば動き出せるのか」を一番に書き出します。 段階2：その軸で""どう勝つか""というシナリオ そして、ここが個人的に一番大事だと思っているところです。 軸を決めると、つい「このポケモンで全部倒す」と考えがちなんですが、そうは考えていません。一匹に「相手6匹、全員よろしく」と丸投げするのは、さすがに酷ですし、だいたい途中で力尽きます。大事なのは、環境に多い並びに対して""どう勝つか""という筋書き、つまりシナリオを描けることだと思っています。 たとえば「この並びが相手なら、初手はこう動いて、ここで軸を通して、この一匹を崩せば勝ち筋が通る」。軸はそのシナリオの中で、自分の担当範囲をしっかり刈れればいい。全抜きはあくまで結果の一つであって、目的ではないんですよね。 書き出したものが、次の""求人票""になる この2段階、「軸が動き出す条件」と「勝つためのシナリオ」を言葉にしておくと、この時点で頭の中には、ちょっとした求人票ができあがっています。「求む・バシャーモに剣舞の隙を作れる方」「相手のあのポケモンを一人で見きれる方、歓迎」みたいな感じですね。 こうして""どんなポケモンに来てほしいか""がはっきりしていると、次の2匹目選びがぐっと楽になります。逆に、ここが曖昧なまま面接を始めると、なんとなく強いだけのポケモンばかり集まってきて、結局また寄せ集めに逆戻り。なので、この求人票づくりにけっこう時間をかけます。 第4章：2匹目以降で埋める 軸と、その軸に必要な要素、前の章でいう""求人票""がそろったら、いよいよ2匹目以降を決めていきます。ここは、出した求人にどんどん採用を出していく感覚に近いです。 「並び → シナリオ → ポケモン」の順で埋める ここで守っている順番があります。 「この並びが相手」→「だからこう勝つ（シナリオ）」→「それを成立させるにはこのポケモン」の順で考えることです。 これが逆になると、だいたいうまくいきません。「このポケモン強いから入れよう、で、どう使う?」から入ると、結局シナリオのない寄せ集めになってしまう。なので、まず倒したい並びを一つ置いて、それに勝つ筋書きを描いて、その筋書きに""欠けているピース""を埋めるポケモンを探す、という流れにしています。 たとえば「この並びには、初手でこのポケモンを見せて、途中でこっちに引いて、そこから軸を通したい」と決めると、自然と「じゃあ、その引き先は誰?」「軸が積む隙は誰が作る?」がはっきりしてきます。求人票に書いた""欲しい人材""に、ちゃんと応募が来るイメージですね。 ダメージ計算で""気のせい""を潰す シナリオができたら、私はそれを必ず数字で確かめます。ここでダメージ計算の出番です。 というのも、「たぶんこれで倒せる」の""たぶん""が、対戦ではけっこう裏切ってくるんですよね。「確定で落ちるのか」「乱数何%で耐えるのか」を計算して、感覚の""勝てそう""を、事実の""この条件なら勝てる""に変えていく。努力値や持ち物、性格も、この段階で「あと何があれば足りるか」を見ながら詰めていきます。地味な作業ですが、ここをやるかどうかで勝率がけっこう変わると感じています。 第5章：回して磨く 構築ができたら、あとは実戦で使い込んでいきます。ここは、作った構築を""仕上げていく""段階です。そして、この工程がいちばん自分の勝率を伸ばしてくれると思っています。 チャンピオンズで「構築の練度が大事」とよく言われますが、私の理解では、その正体はここにあります。同じ構築をずっと使い続けることで、相手のことが少しずつ見えてくる。それが、そのまま強さになっていくんです。 とにかく、相手を記録する 私が実戦で必ずやっているのが、相手の記録です。組んだときに想定していた選出や技選択をぶつけつつ、相手がどんな選出をしてきたか、どの技を打ってきたか、どこで交換してきたかを、こまめに残していきます。 これを続けると、「この構築を相手にしたとき、人はだいたいこう動く」というのが見えてきます。相手の手が読めるようになると、こちらの選出や技選択も自然と鋭くなって、勝ちやすくなる。地道ですが、これが練度の中身だと思っています。 初手は、いちばん記録する価値がある なかでもとくに重視しているのが、相手の初手です。 初手には、相手が""こちらの何を嫌がっているか""がわりとはっきり出ます。相手はこちらの弱点を突ける初手を選んでくることが多いので、そこを記録しておくと、「この構築を相手にすると、この並びには初手でこれが来やすい」というパターンが溜まっていきます。あとは、その初手に合わせてこちらの選出を調整できると、勝率がぐっと上がります。 さらに、初手だけでなく""後ろ""も予想しながら回しています。「このポケモンと相手のこのポケモンが対面したら、後ろにあのポケモンがいないとケアが効かないな」といった読みは、対戦しているとけっこう当たります。だから毎試合、""初手の予想＋後ろの予想""をセットでやるようにしています。 穴はゼロにできない。最小にしたら、あとは回数 最後に、これは心構えの話でもあるんですが、どれだけ考えても、完璧な構築にはなりません。穴は必ず、どこかに残ります。 なので、穴を""消しきる""ことは目指しません。目指すのは、穴を最小にすること。そこまでやったら、あとはレート対戦をとにかくたくさん回します。回せば回すほど記録が溜まって、選出も読みも磨かれていく。そしてこの記録は、次の章で構築そのものを直すときにも、そのまま効いてきます。 第6章：穴を塞ぐ 前の章で「穴は必ず残る」と書きました。この章は、その残った穴を、実戦を通して少しずつ直していく話です。私はこの作業を、構築づくりでいちばん地味で、いちばん効く工程だと思っています。 まず、負けを""切り分ける"" 負けたとき、最初にやるのは、その負けの原因を分けることです。「これは構築の穴で負けたのか、それとも自分のプレイング（選出や立ち回り）のミスで負けたのか」。 ここを分けずにいじると、けっこう危ないんですよね。プレイングのミスで負けただけなのに「このポケモンが悪い」と抜いてしまって、せっかくいい構築を壊してしまう、みたいなことが起きます。だから私は、数戦の負けだけでは判断しません。同じような負け方が何度も出てきて、初めて「これは構築の穴だな」と認定します。 直すのは、いちばん刺さっている穴から 構築の穴だと分かったら、次はどこから直すかです。私は、""いちばん刺さっている穴""から手をつけます。 第5章で記録を取る話をしましたが、あれがここで効いてきます。どの並びに、どのポケモンに、いちばん負けているのか。記録を見ると、それが頻度ではっきり見える。あれもこれもと気になりますが、まずは一番よく負けている一つに絞ります。 一度に、一つだけ。最小の変更で そして、ここが私のこだわりなんですが、直すときは一度に一つだけ、しかもできるだけ小さく変えます。ポケモンを1匹だけ入れ替える、あるいは技や持ち物、素早さの調整だけで済むなら、それで十分なことも多いです。 なぜ丸ごと作り直さないかというと、同じ骨格を保っておくと、それまで積み上げた練度と記録がそのまま生き続けるからです。毎回全部を組み替えていると、また一から相手を覚え直しになってしまって、なかなか強くなっていかない。少しずつ直すからこそ、直した分がまるっと経験値になっていく感覚があります。 そして、また回す 直したら、また実戦に戻ります。記録する → いちばん刺さっている穴を見つける → 最小限に直す → また記録する。このループをひたすら回していくのが、私の改善のやり方です。 派手さはないですが、このループを続けた構築は、最初とは別物みたいに強くなっていきます。 実例：勝てなかった構築を、チャンピオン級まで ここまで6つのステップを書いてきました。最後に、それを私が実際に組んだ一つの構築で辿り直してみます。正直に言うと、この構築は最初、まったく勝てませんでした。そこから少しずつ直していって、最終的にはチャンピオン級まで届きました。その全記録です。 環境読み：確実に湧く並びを狙う シーズンの序盤、前シーズン（シーズンM3）の上位を眺めて、「カバルドン＋カイリュー＋ガルド＋マスカーニャ」と「メタグロス＋カバルドン＋アシレーヌ」あたりが、まず間違いなく流行ると読みました。前期の勝ち組は、序盤にほぼ確実に湧く母集団です。だから私は、中盤のカウンターとして、この並びに勝てる構築を組むことにしました。 軸：メガクチート 軸には、好きで強いと思っていたメガクチートを選びました。コンセプトは対面構築、つまり一匹一匹が正面から撃ち合って対面を取っていく形なので、クチートも積んで崩すというより、その高い対面性能をそのまま活かす使い方です。技に剣舞は入れていましたが、""隙を作って積ませる""前提で周りを固める、という発想では組んでいませんでした。 対面構築では、それぞれのポケモンが自分の対面をしっかり取れることが前提になります。逆に言うと、正面からは取りにくい相手、たとえば受けやサイクルで粘ってくる並びが、あとから穴として出てきやすい。実際この構築も、のちのち、まさにそこで苦しむことになります。 v1（7/10）：組んでみた。けど勝てない 最初に組んだのは、こんな対面構築でした。 メガクチート／ムシャーナ（トリル・いやしのねがい）／タスキゲッコウガ／頑丈ブリジュラス／珠ミミッキュ／滅びメガゲンガー 回しながら相手の初手を記録すると、ニトロチャージのリザードンY、ウォッシュロトム、ハッサム、ブリジュラス、サザンドラ、マスカーニャあたりがよく来ました。そこでブリジュラスに岩石封じを積んで対応しました。 ところが、実際に回してみると思ったより勝てない。ドヒドイデ、フシギバナ、それにカバルドン＋アシレーヌ＋メタグロスといった、受けやバランス寄りの並びに、まるで歯が立たなかったんです。対面構築が一番苦手とする相手に、きれいに詰まっていました。さらに、初手なら岩石封じで見られていたリザードンYも、後発から出てこられると対応が間に合わず、そこも勝てないままでした。 v2（7/14）：捕まえて消す仕組みを足す 一番刺さっていた穴は、メタグロスとサザンドラでした。そこで最小限の変更として、ムシャーナをアシレーヌに替え、メガゲンガーを崩し型（たたりめ／おにび／ヘドロウェーブ／いたみわけ）にしました。 狙いは、アシレーヌのクイックターンからメガゲンガーに繋いで、かげふみでメタグロスやサザンドラを縛って処理すること。対面構築では正面から取れない相手を、トラップで1匹だけ引きずり出して消す、という仕組みを後付けしたわけです。 また、クチートのかみなりパンチをほのおのキバに変更、素早さについても無振りメガハッサム抜きまで調整しました。これによって激戦区の素早さ実数値80～95までを制することができるようになり、勝率もぐっと上がりましたし、初手のハッサムをすぐに瀕死にすることができるようになりました。 v3（7/16）：メガギャラドスへの切り返し 次に見えてきた穴は、メガギャラドスでした。積まれると止まらない。そこでブリジュラスを抜いて、v1で外していたムシャーナを呼び戻しました。いやしのねがいでメガクチートをもう一度戦線に戻したり、トリックルームで上を取ったりと、""切り返し役""としてしっかり効いてくれました。 v4（7/21）：受け系を割る、完成形 最後まで重かったのが、フシギバナ入りの構築や、水タイプを2匹並べても平気で出てくるカバルドン、それにリザードンやマフォクシーでした。ここでミミッキュを抜いて、ラムのみを持たせた剣舞ガブリアスを入れました。ラムのみのおかげで、あくびや状態異常を気にせず剣舞を積めるので、受け寄りの並びをこじ開けられるようになりました。 あわせて、メガゲンガーを特攻特化に振り直しました。理由ははっきりしていて、メガフシギバナへのヘドロウェーブの通りを速くすることと、メタグロスを落としきる確率を上げるためです。第4章で書いた「ダメージ計算で気のせいを潰す」を、まさにここでやっています。 技構成も、この特攻特化にあわせて見直しました。とくにみちづれは、受けループ相手に一体倒したあと、さらにみちづれでもう一体持っていくために入れています。あわせて、リザードンYやガルーラのように、どうしても1対1で取らないといけない相手に打つ択にもなります。ただ最終日は、バトン構築とよく当たったので、みちづれをほろびのうたに変えて使っていました。相手の顔ぶれに合わせて、最後の一枠は差し替えていた感じですね。 さらにガブリアスは、最初いじっぱりで使っていたのを、ようきの最速に変えました。環境に素早いカイリューや最速のメガフラエッテが増えていたからです。これは第1章の環境読みが、努力値の一振りに直結した例ですね。 この形で、シーズン中盤にチャンピオン級とマンスリーチャレンジ46位に届き、最終的にはシーズンM4を最終216位・レート2395で締めくくることができました。 最終構築（v4）の6匹 メガクチート （クチートナイト／ちからもち）：じゃれつく・ふいうち・ほのおのキバ・つるぎのまい メガゲンガー （ゲンガナイト／かげふみ・特攻特化）：シャドーボール・ヘドロウェーブ・まもる・みちづれ（最終日はほろびのうた） ゲッコウガ （きあいのタスキ／げきりゅう）：なみのり・みずしゅりけん・あくのはどう・れいとうビーム アシレーヌ （オボンのみ／げきりゅう）：うたかたのアリア・アクアジェット・ムーンフォース・クイックターン ガブリアス （ラムのみ／さめはだ・ようき最速）：スケイルショット・じしん・ほのおのキバ・つるぎのまい ムシャーナ （たべのこし／シンクロ）：ムーンフォース・いやしのねがい・あくび・トリックルーム 回しながら見えてきたこと ちなみに、この構築を回していると、相手はゲッコウガへの初手負けを嫌がる傾向があって、マスカーニャやブリジュラスを初手に出してくることが多かったです。それが分かってからは、相手の初手を見た瞬間にこちらの選出を寄せられるようになって、勝率がまた一段上がりました。第5章の「初手を記録する」が効いてくる場面です。 ポケモンはそのまま、中身を変える 改善というと、ポケモンの入れ替えばかりに目が行きがちですが、""同じポケモンの中身を変える""のも、立派な改善です。この構築だと、メガゲンガーがまさにそれでした。 メガゲンガーは、v1から最後まで一度も抜けていません。でも中身は、v1の滅び型（ほろびのうた・みちづれ）から、v2以降の崩し型（たたりめ・おにび）、そしてv4の特攻特化（シャドーボール中心）へと、役割を変えながら3回も姿を変えています。同じポケモンでも、技や持ち物を変えるだけで、担当できる仕事がまるっと変わる。抜かずに""配置転換""で対応できたのは、けっこう大きかったです。 ガブリアスの性格変更も同じ発想です。ポケモン自体は変えずに、いじっぱりをようきの最速に振り直しただけで、それまで抜けなかった速いポケモンに追いつけるようになりました。ブリジュラスに岩石封じを積んで初手の対応力を上げたのも、同じ""中身の調整""ですね。 私は、こういう1匹の中の微調整も、""一度に一つだけ""の改善と同じものだと考えています。むしろ入れ替えるより先に、まず中身をいじって直せないかを探ることのほうが多いくらいです。 振り返って v1からv4まで、毎回変えたのは1〜2匹だけです。骨格は保ったまま、そのとき一番刺さっている穴を一つずつ塞いでいった。それが積み重なって、最初はまったく勝てなかった構築が、気づけばチャンピオン級になっていました。ここまで書いてきた6ステップは、実際にはこんなふうに回っていた、という話でした。 まとめ 長くなりましたが、私が構築を組むときの流れは、結局この一本道です。 環境を読んで、軸を決めて、その軸に必要な要素を洗い出して、2匹目以降で埋めていく。あとは実戦で回して磨いて、見えてきた穴を一つずつ塞いでいく。派手なことは何もなくて、この地味な繰り返しの先に、""自分で組んで勝てる構築""があると思っています。 大事なのは、たぶん2つだけです。一つは、完璧を最初から目指さないこと。穴は必ず残るので、最小にしたら回数を回して、一つずつ直していけばいい。もう一つは、記録を取ること。相手を記録した分だけ、選出も読みも構築も鋭くなっていきます。 そして最後に、これは方法論とは別の話なんですが、やっぱり好きなポケモンで組むのがいちばんだと思っています。好きだと自然と使い込むし、負けても「次はどう勝たせようか」と考えられる。その気持ちが、結局いちばんの原動力になります。 ここまで書いたことは全部、あくまで私のやり方です。合うところだけ持って帰ってもらって、あなたの好きなポケモンで、あなたの構築で勝てたなら、それがいちばん嬉しいです。 # ポケモンチャンピオンズ # メガクチート # 構築 # チャンピオン級 # マンスリーチャレンジ doraneko42895 2026-08-06 13:11 読者になる 広告を非表示にする コメントを書く もっと読む « チャンピオン2395達成 ｜ M-4最終日メガク… 【S21 最終183位 レート2007】白バドは正… » プロフィール 読者です 読者をやめる 読者になる 読者になる このブログについて 検索 リンク はてなブログ ブログをはじめる 週刊はてなブログ はてなブログPro 最新記事 チャンピオン2395達成 ｜ M-4最終日メガクチート構築 自分で組んで勝つための、構築の作り方と直し方 【S21 最終183位 レート2007】白バドは正直強すぎる 【S20最終421位】白バド＋カバコントロール　~勝利のシナリオ~ やっとテストも終わり、、、Twitterも、、、 月別アーカイブ ▼ ▶ 2026 2026 / 8 ▼ ▶ 2024 2024 / 9 2024 / 8 ▼ ▶ 2017 2017 / 1 ▼ ▶ 2016 2016 / 6 2016 / 4 2016 / 2 2016 / 1 ▼ ▶ 2015 2015 / 12 2015 / 11 2015 / 10 2015 / 9 2015 / 8 2015 / 5 2015 / 4 2015 / 3 2015 / 2 はてなブログをはじめよう！ doraneko42895さんは、はてなブログを使っています。あなたもはてなブログをはじめてみませんか？ はてなブログをはじめる（無料） はてなブログとは どらけんのお散歩レート Powered by Hatena Blog | ブログを報告する 引用をストックしました ストック一覧を見る 閉じる 引用するにはまずログインしてください ログイン 閉じる 引用をストックできませんでした。再度お試しください 閉じる 限定公開記事のため引用できません。 読者です 読者をやめる 読者になる 読者になる"
M-4,【シーズンM4最終220位】1メガキュウコンギャラ - ポケモン構築記事置き場,https://id28e.hatenablog.com/entry/2026/08/07/213556,【シーズンM4最終220位】1メガキュウコンギャラ - ポケモン構築記事置き場 ポケモン構築記事置き場 読者になる ポケモン構築記事置き場 2026 - 08 - 07 【シーズンM4最終220位】1メガキュウコンギャラ アクシスです。 初めて最終チャンピオン級をとれたので構築記事書きました！ 【使用構築】 【構築経緯】 アローラキュウコン＋メガギャラドス がパワーがあると感じたため軸として採用。 次に、メガギャラドスがきつめな相手（マスカーニャ、アーマーガア、ブラッキー、メガメガニウム)に強めなサブ積みエースとして命の玉 バシャーモ を採用。 4体目としては、アローラキュウコンが出しにくい相手(ゲッコウガ、ゲンガー、マフォクシー)に戦えて、ステロ・ドラゴンテールにより起点作成が行える HDブリジュラス を採用。 5体目としては、ここまでで重めなメガフシギバナに対して戦え、崩しも行えるラムのみ 剣舞ガブリアス を採用。 6体目としてはメガムクホークやニンフィアに強く、あくびの一貫を切ることができる HBサーフゴー を採用。 構築が完成した。 【個体紹介】 メガギャラドス @ ギャラドスナイト 特性: かたやぶり 性格: いじっぱり 171(1)-227(32)-130(1)-81-150-133(32) たきのぼり / じしん / こおりのキバ / りゅうのまい 構築のエース。 今回の構築が1メガであったため、選出率は8~9割程度と、非常に多くの試合に選出した。 レギュレーションMAと比較して増加したミミッキュで止まりにくい積みエースであるのが偉い。 2龍舞してしまえばほとんどの相手を貫けるのが非常に強力。 メガ前後でタイプが変化するため、この場面でメガして問題がないか等考えながらプレイすることを心掛けた。 特にゲッコウガ対面や裏にアシレーヌ、マスカーニャが控えている場合は安易にメガを切らないよう注意。 技としては、ブリジュラスや水ロトム等に打つじしん、メガカイリューに打つ氷の牙、積み技のりゅうのまい、安定一致打点のたきのぼりを採用した。 正直、パワーウィップがあれば対ギャラドス(メガ、非メガともに)、アシレーヌがかなり楽になるので、パワーウィップは十分採用理由がある技だとは思うが、本構築の積みエースであるメガギャラドスの最高打点が命中85%だと安定しないと考え、今回はたきのぼりを採用した。 環境からメガカイリューが減れば、氷の牙はほかの技に変えてもいいかも。 キュウコン(アローラ) @ ひかりのねんど 特性: ゆきふらし 性格: おくびょう 165(17)-78-96(1)-123(22)-120-170(26) ふぶき / フリーズドライ / オーロラベール / アンコール 調整意図 HB：A特化メガミミロップの猫騙し＋飛び膝蹴りを確定耐え S：最速102族抜き 調整はM3最終31位の とっつぁんさんの構築記事を参考にさせていただきました。 【シーズンM-3 最終31位】復活のバシャバトン - 積んで殴るだけ 削りも行える壁貼り要員。 このデフレ環境の中で、8ターン継続する両壁を1ターンで貼れることは非常に強かった。 特に、M3やM4の前半に多かったメガメタグロスがM4の中盤以降減っていたのがかなり追い風だった。 壁貼り要因というのはもちろんだが、ガブリアスやアシレーヌ等に強めなポケモンという点も非常によい。 カバルドンを合わせられたり、あと投げされることがかなりあったがここまでCを振っていることで、壁ははれないものの、フリーズドライやふぶきでカバルドンを倒せるorかなり削ることができる。(対面ステルスロックで居座ってくるカバルドンがかなり多かった。) 技としては、採用理由のオーロラベール、一致高打点のふぶき、水タイプに削りを入れることができるフリーズドライ、起点回避ができるアンコールとした。 アローラキュウコンを相手にしているときから思っていたが、アローラキュウコンのアンコール強すぎ。 バシャーモ @ いのちのたま 特性: かそく 性格: いじっぱり 157(2)-189(32)-90-117-90-132(32) フレアドライブ / とびひざげり / つるぎのまい / まもる メガギャラドスがきつい相手に強いサブエース。 メガギャラドスがきつめなマスカーニャ、アーマーガア、ブラッキー、メガメガニウム等に強く出られる。 技は一致打点のフレアドライブ、とびひざげり、まもる、つるぎのまいとした。 最終日前まではとびひざげりはインファイトで使っていたが、インファイトのBDダウンや、BDダウンを嫌って打ったフレアドライブの反動ダメージで負けたことが何回かあったためとびひざげりを採用。 一体で全抜きみたいな展開はそこまでなかったが、確実に仕事をしてくれた。 ブリジュラス @ オボンのみ 特性: じきゅうりょく 性格: おだやか 197(32)-112-150-145-126(30)-109(4) ドラゴンテール / ラスターカノン / ステルスロック / ミラーコート 調整意図 HD：なるべく高く S：ミラー意識のS振り 起点作成要員。 アローラキュウコンがきつめなゲッコウガ、ゲンガー、マフォクシー、リザードン等に展開を作れるポケモンとして採用。 選出率こそそこまで高くはなかったが、出した試合はしっかり盤面を荒らしてくれた。 ガブリアス @ ラムのみ 特性: さめはだ 性格: いじっぱり 185(2)-200(32)-115-90-105-154(32) スケイルショット / じしん / ほのおのキバ / つるぎのまい 普通のラムガブ。 メガフシギバナに出していくポケモン＋顔が強い枠として採用。 ラムのみを持たせたことによって、カバルドンの処理ルートが広がったのはよかった。 サーフゴー @ シュカのみ 特性: おうごんのからだ 性格: ずぶとい 194(32)-72-149(21)-154(1)-111-116(12) シャドーボール / ゴールドラッシュ / わるだくみ / じこさいせい メガムクホークに強い＆特殊の崩し枠として採用。 環境にそこそこいたニンフィアにめっぽう強かったのもよかった。 また、アマガハラバリーに対しても非常に強かった。 【選出】 アローラキュウコンが投げられる際は、優先して投げる。 投げられない場合は基本的にはブリジュラスを投げる。 その他は臨機応変に。 基本選出 アローラキュウコン、メガギャラドス、バシャーモ。 アローラキュウコンが出しにくいとき ブリジュラス、メガギャラドス@1 相手の構築にフシギバナがいるとき ガブリアス@2 相手の構築にムクホークがいるとき サーフゴー@2 【結果】 【最後に】 初めて最終チャンピオン級とることができてとてもうれしいです！ 22時あたりで200位くらいだったので、このまま逃げ切れるかと思ったら、9時頃には290位くらいに順位が落ちてしまっていたので、潜ったところ3連敗したときはどうなることやらと思いましたが、そこからまくって最終チャンピオン級とれました。 今後もチャンピオン級や最終2桁目指していきたいと思います。 ここまで読んでくださってありがとうございます。少しでも皆様の参考になれば幸いです。 A837493 2026-08-07 21:35 読者になる 広告を非表示にする もっと読む コメントを書く 【SV S38 最終155位】バドザシ » プロフィール id:A837493 読者です 読者をやめる 読者になる 読者になる このブログについて 検索 リンク はてなブログ ブログをはじめる 週刊はてなブログ はてなブログPro 最新記事 【シーズンM4最終220位】1メガキュウコンギャラ 【SV S38 最終155位】バドザシ 【SV S36 最終259位】破壊白バドアルセ 月別アーカイブ ▼ ▶ 2026 2026 / 8 2026 / 2 ▼ ▶ 2025 2025 / 12 はてなブログをはじめよう！ A837493さんは、はてなブログを使っています。あなたもはてなブログをはじめてみませんか？ はてなブログをはじめる（無料） はてなブログとは ポケモン構築記事置き場 Powered by Hatena Blog | ブログを報告する 引用をストックしました ストック一覧を見る 閉じる 引用するにはまずログインしてください ログイン 閉じる 引用をストックできませんでした。再度お試しください 閉じる 限定公開記事のため引用できません。 読者です 読者をやめる 読者になる 読者になる
M-4,【シーズンM-4：最終221位】分担ミミガブイダイ,https://pokesol.app/u/fuuro_poke/articles/79dff873e65babf3,"【シーズンM-4：最終221位】分担ミミガブイダイ ログイン ポケノート 注目記事 記事検索 ツール ダメージ計算(準備中) チーム管理 Pokémon Soldier X YouTube Twitch GitHub サポート お問い合わせ 条項 利用規約 プライバシーポリシー 免責事項 0 鮫 鮫島フウロ 目次 ページトップへ 【シーズンM-4：最終221位】分担ミミガブイダイ 構築記事 シングル M-B M-4 2026年8月5日 に公開 【挨拶】 こんにちは。鮫島フウロと申します。 シーズンMA-1からポケモンチャンピオンズを遊んでいましたが、MB-4で初めて最終チャンピオン級に残ることができたので、構築記事を書くことにしました。 参考にした構築は以下です。ありがとうございます！ 「アレンジさせていただいた」と言うと聞こえは良いですが、だいぶゴリゴリにパクっているので、怒られたら消します。 【構築経緯】 MB-3で記録を残された構築をいろいろ試している中で、対面ベースのミミガブイダイ構築が非常に手に馴染んだので、使わせていただくこととした。1800くらいで停滞していたものが2000くらいまでパッと抜けられたのは、この構築のパワーによるものだと思う。 使用していく中で「パーティが物理に偏っているためスコヴィランやアーマーガアなどの物理受けが非常に厄介で、ゲンガーの選出がほぼ強制されてしまう」点が自分のプレイングでは解消できなかったため、構築を少し変更することにした。特に役割が曖昧に感じたミミッキュを外し、前述のスコヴィランやアーマーガアに強くゲンガーの負担を分散させられるポケモンとして、特殊炎打点を持ち崩しも担えるHBウルガモスを採用した。 ちなみに、この「ゲンガーの負担をウルガモスと分担しよう」という着想からこの構築名にしています。 【個体紹介】 ・ミミロップ 調整は丸パクリ。ありがとうございます。 HBはガブの逆鱗+鮫肌を触れる程度、A特化、Sは準速120族抜き。 周知の事実だが、「ねこだまし」+タイプ一致高威力技のリーチが非常に長く重宝した。 特に、元記事に記載の通りで、普通のASガブリアスを「とびひざげり」+先制技で乱数とは言え落とせるのが大変偉かった。受けだしに来たガブリアスを鮫肌ダメのみで突破して数的有利で押し切るという展開が作れればほぼ勝ち。 ミミロップミラーをはじめとした130族より速いメガシンカ勢に後れを取るのが悩ましかったが、そこはプレイングで誤魔化せる範囲だった。ゲンガーも同様だが、何よりこの耐久と火力が魅力で下げられなかった。 ・ガブリアス 普通のASガブリアス。 メタグロスへのダメージを考慮し意地っ張りで採用していたこともあったが、ミラーで負けるのが許せなかったので最速。グロスの負担は最後に加入したウルガモスが和らげてくれたので、この構築のガブリアスは最速一択だと思う。 特筆すべきことがあるとしたら、初手ミミロップミラーとなったときにガブリアスに即引きして、そのままロップと相打ちくらいまで持っていくプレイングをよくとった。 ・イダイトウ カバルドン破壊兵器。お相手の構築にカバルドンがいた場合必ず選出した。 甘えた受けだしを許さない超火力に病みつき。イダイトウのメタとなるポケモン（マスカーニャ、サザンドラ、ヒスイダイケンキあたり）はミミロップが強いという点で補完が取れていた。この構築でカバルドンを簡単に倒せるのはイダイトウしかいないので、あくびをもらったときのプレイングは特に丁寧に行わなければならなかった。 裏から出てくるのが強いポケモンなのに初手から出しても強いのが本当に強い。 持ち物はワンチャン「いのちのたま」でもいいかもしれないが、耐久を優先して「しんぴのしずく」のままにした。珠にすると「ウェーブタックル」+「アクアジェット」の無振りマスカーニャへの乱数が変わったはず。 ・ブラッキー 元構築と異なり、最終的に「あくび」、「ねがいごと」型で採用した。 「どくどく」も当然強いのだが、遂行速度が速い技ではないので、その隙を突かれて負けてしまうことがあった。「あくび」で汎用性を取ったことによって勝利したシーンの方が自分は感じられたので、これでよかったと思う。でも「どくどく」も強い。と言うかたぶん自分が「どくどく」使うのが下手なだけ。ブラッキーに本来期待される役割を遂行しやすいのは「あくび」型で、そこからずらして使うのが「どくどく」型なのだろうとシーズン終わってから思う。 ゲンガーでフェアリー倒してブラッキーで詰み！　みたいな展開がかなりあり、ゲンガーブラッキーという並びの強さを実感した。 ・ウルガモス 構築の最後に入ってきたポケモン。しっかり強かった。 Hはステルスロックを踏んだ際すぐにオボンを食べられるよう偶数になるように、Sは１段階上昇で最速メガミミロップ抜き、余りはなるべく固くしたかったのでBに振っている。 ……などと偉そうに言っているが、これもどこかで拝見した調整。ありがとうございます。 前述のスコヴィランやアーマーガアに顔が強いほか、フラエッテやニンフィアなどの物理3体では厳しいフェアリー勢を詰ませることができ、強力だった。 あまり数値が高いわけではないので物理受けをさせようと思うと脆く感じることが多かったが、「ほのおのからだ」含めて相手を焼いてサイクル有利にすることを意識すると使いやすかった。正直「ほのおのからだ」で焼けた率は３割切っている気がするけど、ミミロップの「ねこだまし」にあてたときは必ず焼いてくれたのでえらかった。 範囲を取るため「あさのひざし」を切って「ギガドレイン」を採用したが、もともと補完枠で入ってきているしギガドレイン火力足りないしで、結局「マジカルフレイム」１ウェポンで詰ませを優先してもよかったのではないかとは思う。 ・ゲンガー 調整丸パクリポケモンその２。ありがとうございます。 Sは最速110族抜き。 こいつ神ポケモンすぎる。XYからポケモンしてた割にほぼ初めてちゃんとメガゲンガーを使いました。メガ後特性の「かげふみ」が尋常じゃなく強力で「お相手はメガゲンガー合わせられたら負けだから１回もミスれないけど、こっちは１度読み勝てば勝ち」という局面が多発するのが強すぎた。 有利対面はほぼ引かれたので、積極的に「おにび」を押すようにしていた。 Sを削っている以上、ミミロップと同様ミラーに弱かったが、耐久も火力も必要十分で削れなかった。 【選出】 カバルドンがいたらイダイトウを出す、ニンフィアがいたらゲンガーを出す、と言うふうに相手の構築に応じて選出するポケモンを決めていた。「臨機応変に」が合言葉だが、90秒のあいだに上手く試合展開をイメージできなかった場合は、以下の２パターンの選出を取ることが多かった。 ・ミミロップ+ガブリアス+イダイトウ 火力で押し切れそうな場合の選出。対面的に撃ち合うことを意識した。「う～ん、よくわかんね！」というときはだいたいこの選出。 ・ゲンガー+ブラッキー+ウルガモス ゲンガーが有利かつ物理勢が苦手とするポケモン（ニンフィアなど）がいた場合の選出。サイクルして、３体のうちどれかを通すことを意識した。 【厳しいポケモン】 ・マフォクシー Sを削っている関係でメガが２体とも不利を取るのが厳しかった。イダイトウでアクアジェットが通るようサイクルするか、ブラッキーでギリギリ受かると信じて頑張る。 ・ブラッキー 「まもる」を採用しているパターンが多い都合でミミロップでの処理が安定せず、残された処理ルートがウルガモスでめちゃくちゃ積むくらいしかない。選出されないことで対策とした。 ・ニンフィア 「ゲンガーでカモります！」みたいな書き方をしているし実際そうなのだが、ゲンガーを通せない場合ほぼ負け。 ・フシギバナ 物理勢３体が対面勝てないのが厳しい。一応ゲンガーが対面なら「おにび、いたみわけ、たたりめ」と動くことで「だいちのちから」から入ってくるフシギバナを咎めることができる。 ・ミミッキュ ウルガモスが強く出られはする。とはいえ普通に他の５体が弱点を突かれるのできつい。はじめから２体がかりで処理することを想定しておく。 ・「ちいさくなる」 マジで無理。なぜか終盤数を減らしていたのでよかった～。 【終わりに】 目標としていた最終チャンピオン級に残れて非常に嬉しいです。 正直まだ勝てそうな気配はあったけど初の最終チャンピオン級を優先して安全圏でとどまりました。いつか最終２桁順位目指したいですね。 シーズン１から5000位、3000位、2000位とパッとしない順位だったのですが、シーズン４は早めに手に馴染む構築を握り練度を高めていけたのが結果に繋がったと感じています。 今までVtuberをしていながらポケモンチャンピオンズを１回も配信したことがなかったのですが、これを機に少し配信でも触れてみようと思いますので、遊びに来てくれると嬉しいです。 ありがとうございました～！ ポスト 鮫 鮫島フウロ Vtuberとして活動していながら、今まで一度もチャンピオンズを配信したことがなかったものです。
戦績：チャンピオンズシーズンM-4:最終221位
ガチ対戦歴はXYから
プロフィールのイラストは @Panda_Toka さんからいただいたものです。 鮫 鮫島フウロ Vtuberとして活動していながら、今まで一度もチャンピオンズを配信したことがなかったものです。
戦績：チャンピオンズシーズンM-4:最終221位
ガチ対戦歴はXYから
プロフィールのイラストは @Panda_Toka さんからいただいたものです。 ポケノート ツール サポート 記事一覧 チーム管理 お問い合わせ 記事検索 記事一覧 記事検索 チーム管理 お問い合わせ"
M-4,【最終2394 227位】メガハガネール入り狂気の受け3メガ構築 - dorachan0910252’s diary,https://dorachan0910252.hatenablog.com/entry/2026/08/05/205528,【最終2394  227位】メガハガネール入りチャンピオン級到達　狂気の受け3メガ構築 - dorachan0910252’s diary dorachan0910252’s diary 読者になる dorachan0910252’s diary 2026 - 08 - 05 【最終2394  227位】メガハガネール入りチャンピオン級到達　狂気の受け3メガ構築 はじめに なぜメガハガネールを使おうと思ったのか？ スカウトで色違いでっかいハガネールが出た為、前シーズン後半から使用したのがきっかけです。 使用している内にこの可愛さに愛着が湧き、また可能性を感じたため今シーズンも使用することにしました。 勝率が70%を超える構築となりました。 メガハガネールの型について メガ後のすなのちからを有効に活用したトリルエースアタッカーと考えたときに、A125の種族値では火力も乏しく、ジャイロボールも最遅調整ができなくなったため火力が出ず、かといってのろいを積んでるとトリルターンがなくなってしまう。アタッカーとして活躍させることより、自慢の物理耐久を活かしたほうがよいと判断しました。 個別解説 メガハガネール @ハガネールナイト 特性：すなのちから（メガ前　がんじょう） 性格：わんぱく 能力ポイント：H31 A4 B30 D1 HB H2振りサザンドラをボディプレスで確定1発 意地っ張りガブリアスの地震を2耐え HD ひかえめサザンドラの特化きあいだま耐え A　H32振りメガクチートを威嚇込みで地震で確定2発   H32振りメガゲンガーを地震で確定1発 じしん ボディプレス じわれ ステルスロック 候補技(じわれの枠) てっぺき(ハッサムをより安定するために) ヘビーボンバー(フェアリー打点　740kgある) ストーンエッジ(がんじょうで耐えてリザードン、ウルガモスに) 役割ポケモン ：クチート、ミミッキュ、ドドゲザン、ブラッキー、カビゴン、ドヒドイデ、ブリジュラス、格闘技のないハッサム 圧倒的物理耐久で役割ポケモンを受ける。物理耐久はミミッキュの↑↑けんまい珠シャドクロを15.6%を除き3耐えするほどの耐久をもつ。 交代先に負担がかけづらいため、ステルスロック、じわれを採用。自力回復ができないためブラッキーと同時選出を推奨。 メガ進化前の特性がんじょうが強く、無理やりライチュウやルカリオを突破するのはもちろん、受けループのカビゴンのじわれをシャットアウトすることが可能。(無振りカビゴンの地震はメガ前でも4耐えする。) メガヤドラン @ヤドランナイト 特性：シェルアーマー（メガ前　さいせいりょく） 性格：ずぶとい 能力ポイント：H32 B32 C2 役割対象であるメガメタグロスのかみなりパンチに対してギリギリのためHBにぶっぱ。 ねっとう れいとうビーム てっぺき なまける 候補技(れいとうビームの枠) サイコキネシス(ゲンガー交代読みやメガムクホークの打点) かえんほうしゃ(アーマーガア、ハッサムの打点) ボディプレス(サザンドラ、ドドゲザンの打点) 役割ポケモン ：バシャーモ、スターミー、メタグロス、ガブリアス、ムクホーク等 ステまきガブやけんまいガブの打点として、ボディプレスではなくれいとうビームを採用。 役割ポケモンがいた場合は基本的に選出する。 メタグロスをブラッキーで見るのはNG メガフシギバナ @フシギバナイト 特性：あついしぼう（メガ前　ようりょくそ） 性格：ひかえめ　能力ポイント：H32 C20 D5 S9 HDルカリオのてっていこうせんをステロ込みで最高乱数切りで耐え S　2振り86族(ロトム)抜き 交代先に負担をかけるためあまりをC(目安　H2振りガブリアスを大地+リフストで超高乱数、H1振りギャラドスをリーフストーム2回で高乱数) ヘドロばくだん だいちのちから リーフストーム こうごうせい 候補技(なし) 役割ポケモン ：アシレーヌ、ニンフィア、カバルドン、ライチュウ、水ロトム、エルフーン等 アシレーヌがいたら基本的に選出する。 2メガ以上の選出の場合はフシギバナに進化を切らないことのほうが多い。 初手カバルドンが多いので、HDカバルドン以外を一撃(HDカバルドンは37.5%の乱数)で倒せるリーフストームを採用。メタグロス等に受けられてもそれなりに削れる点や、下がったCで出てくる積みポケモンをメタモンで牽制できるため使い勝手はかなり良かった。 フシギバナはSに振ってない固定観念から、Sに振ってないメガニウムやサーフゴー、甘えたS2振りロトムのボルトチェンジに刺さる機会が多かった。 どくびしを撒いてきそうな構築(キラフロル入り)には回収するために基本的に選出。 メガフラエッテにはメガ進化しても対面ですら勝てない場合が多いので過信は禁物。 メガ進化前のようりょくそは、リザードンYの上を取ることができることを片隅に入れておくとよい。 メタモン @こだわりスカーフ 特性：かわりもの 性格：なまいき 能力ポイント：H32 へんしん 役割ポケモン：フラエッテ、ルカリオ等の積みエース、バトン構築 基本的に選出段階で苦しい時しか選出しないポケモン。 フラエッテかルカリオがいた場合は必ず選出する。 ブラッキー @たべのこし 特性：シンクロ 性格：おだやか 能力ポイント：H32 D32 B2 ゲッコウガ、メガカイリューを安定してみるためにHDぶっぱ、不意のメガゲンガーのきあいだまを残飯込み高乱数で2耐えするため削れず。 物理耐久は、ガブリアスの剣舞地震をさめはだ込で乱数で死ぬので過信は禁物。 特性については、マジックミラー持ちに無理やり毒を入れる、毒ハラバリーおにびメガゲンガーのためにせいしんりょくではなくシンクロを採用。 イカサマ まもる ねがいごと どくどく 候補技(まもるねがいごとの枠) ほえる、つきのひかり(みがわりサザンドラ、みがわりウルガモス、バトン軸の対処として) 役割ポケモン ：ゲッコウガ、カイリュー、ゲンガー、マフォクシー、フェアリー以外の特殊アタッカー全般 耐久目安としてHDに特化させることで、残飯込みでメガニウムのマジカルシャインを5.8%を除き2耐えする。身代わりがなければ対面から勝つことが可能。 オススメはしないが、ねむるやめいそうがないアシレーヌやニンフィア等も無理やり突破することが可能。まもってからひくと釣り交換されるので、フシギバナに即引きが安定する。 回復技のないメガハガネールやガブリアスをねがいごとで回復させる動きが強い。 安易なまもるは首を絞めるので注意。 メタグロスをブラッキーで見るのはNG。 ガブリアス @いのちのたま 特性：さめはだ 性格：いじっぱり 能力ポイント：A32 S32 H2 A　HB特化サフゴを倒すためにぶっぱ(乱数68.7%) S　準速メガキラフロル、リザードン、サザンドラを抜くためにぶっぱ じしん スケイルショット ほのおのキバ つるぎのまい 候補技(ほのおのキバの枠) かみなりのキバ(ギャラドスやペリッパーの打点) がんせきふうじ(リザードンY、ウルガモスの打点) げきりん(ABイダイトウの打点、ステロ+珠で落ちるようになる) 役割ポケモン ：サーフゴー、ギルガルド、メガキラフロル、ハラバリー、ハッサム 100%選出される巧みサーフゴーを破壊する為に採用。 いじっぱりかつ珠にすることでHBサーフゴーを高乱数で落とすことができる。耐久やS調整しているサーフゴーが多いため、シュカのみ以外は基本的に一撃で落ちる。 初手に出て来やすいハッサムを破壊するためにほのおのキバを採用。 剣の舞でメガフシギバナ等を無理やり落とすコマとしても有用。 最近のイダイトウはスカーフじゃない型が多いので、ガブリアスを出すことを推奨。 基本選出 よくある選出例　(選出順) ガブリアス+フシギバナ+ブラッキー ガブリアス+ブラッキー+ハガネール フシギバナ+ブラッキー+ヤドラン ブラッキー+ハガネール+ヤドラン フシギバナ+ヤドラン+ハガネール フラエッテ等の無理な積みアタッカーがいた場合 ガブリアス+メタモン+フシギバナかブラッキー 初手起点作りのポケモンが来ることが多いため、先発ハガネールはとても弱いです。 初手来やすいポケモン ステまきガブリアス、カバルドン、てっぺきメタグロス、マフォクシー、リザードンY、キラフロル、ハッサム、その他ステロ撒きポケモン 一番の注意点としてリザードンがいた場合は、サイクルを崩壊させない為に、先発ブラッキーかガブリアスから入ろう。 入ってたら100%選出されるポケモン ステまきガブリアス、わるだくみサザンドラ、わるだくみサーフゴー、ちょうのまいウルガモス、特殊ルカリオ、スカーフじゃないイダイトウ 立ち回り 基本的な立ち回りとしてハガネール、ヤドラン、フシギバナ、ブラッキーで物理・特殊両面の数値受けを厚くしつつ、無理な積みアタッカーはメタモンで牽制or潰し、毒の効かない耐久ポケモンは珠ガブリアスで破壊することを意識する。 この構築を使うにあたって一番重要なこと。 当たり前にメガ2、3体同時選出するので、メガ石ははたきやトリックが効かない特性ねんちゃくを付与できるアイテムだと思おう。 細かい立ち回り ① メガ進化は1試合1体までだが、どのメガポケモンも役割対象へはメガ無しで十分に戦えるので、2メガ選出が基本となることが多い 。2メガ以上の選出の場合は、メガ進化は相手の選出がわかるか、予想できるまで温存。 例1 アシレーヌとフシギバナが対面した際に、自分の裏にはヤドラン。相手の裏にメタグロスの場合はフシギバナはメガ進化せずに攻撃する。理由として通常ヤドランが特化メタグロスのかみなりパンチが乱数2発で落ちてしまうからである。ヤドラン交換読みでかみなりパンチを打たれた場合、フシギバナでメガ権を切ってしまうとサイクルが崩壊してしまう。 ②相手から出てきたポケモンでアイテム予想をして立ち回る 。 例2 相手からサザンドラ出てきた場合、こちらは例えばブラッキーで対面したとする。一見有利な対面だと思うが、 スカーフサザンドラは間違いなくこの構築に出てこない ため、残飯やオボン等の身代わり、わるだくみ型を一点読みする必要がある。ガブリアスに即座に交代しスケイルショットで無理やり削るか、突破する動きをしなければならない。 さいごに 調整や改善点、質問があればぜひ教えてください。 同じ軸で組む人の参考になれば嬉しいです。 dorachan0910252 2026-08-05 20:55 読者になる 広告を非表示にする 関連記事 2016-07-19 タマザラシの日記 最高レート2043 こんにちは、どらちゃんと申します。 タマザラシ入りで2000を達… もっと読む コメントを書く 残業スタン 最高レート2007 » プロフィール id:dorachan0910252 読者です 読者をやめる 読者になる 読者になる このブログについて 検索 リンク はてなブログ ブログをはじめる 週刊はてなブログ はてなブログPro 最新記事 【最終2394  227位】メガハガネール入りチャンピオン級到達　狂気の受け3メガ構築 残業スタン 最高レート2007 タマザラシの日記  最高レート2043 HDブラッキーのススメ(最高2074最終2042) 月別アーカイブ ▼ ▶ 2026 2026 / 8 ▼ ▶ 2016 2016 / 10 2016 / 7 2016 / 3 はてなブログをはじめよう！ dorachan0910252さんは、はてなブログを使っています。あなたもはてなブログをはじめてみませんか？ はてなブログをはじめる（無料） はてなブログとは dorachan0910252’s diary Powered by Hatena Blog | ブログを報告する 引用をストックしました ストック一覧を見る 閉じる 引用するにはまずログインしてください ログイン 閉じる 引用をストックできませんでした。再度お試しください 閉じる 限定公開記事のため引用できません。 読者です 読者をやめる 読者になる 読者になる
M-4,시즌 4 최종 229위 엑자-메개닌 대면 파티 소개 - 포켓몬 챔피언스 마이너 갤러리,https://m.dcinside.com/board/pkmchampions/321489,
M-4,MB M-4 シングル ガブブラゲン 最終230位｜ポケモンパーティ構築 - ポケモン徹底攻略,https://yakkun.com/bbs/party/n8469,MB M-4 シングル　ガブブラゲン　最終230位｜ポケモンパーティ構築 - ポケモン徹底攻略 ポケモン徹底攻略 ポケ徹 掲示板 ポケモンチャンピオンズ ポケモンZA ポケモンSV 剣盾 BDSP ポケモンパーティ構築 チャンピオンズシングル MB M-4 シングル　ガブブラゲン　最終230位 図鑑 すべて ポケモンパーティ構築 (シングル) MB M-4 シングル　ガブブラゲン　最終230位 2026/08/05 22:05 / 更新:2026/08/06 23:57 閲覧数:4730  いいね:8 投稿者： ハナカワセミ ( @94f8Ofk ) チャンピオンズ / シングル / シーズンM-4 / 最終230位 レンタルチーム有 ブラッキー メガゲンガー エアームド アシレーヌ ガブリアス メガバシャーモ はじめに みなさんこんにちは。ハナカワセミと申します。 今回はシーズン4にて目標であるチャンピオン級達成したので、記念に記事を書いてみました。 最終日から2日前ぐらいに作った構築なので完成度は低いと思いますがぜひ読んでいってください。 レンタルコード：Y516S6L0J4 コンセプト ・ メガゲンガー で相手の崩し駒を処理して ブラッキー で詰ませる。 ・ ブラッキー を要にサイクルをまわして相手のポケモンを削り、こちらの高速アタッカーでスイープする。 構築経緯 物理特殊関係なく多くのポケモンに対して受け出すことができ、性能が好みの ブラッキー を使うことにした。 次にブラッキーと相性が良く、ブラッキーで詰ませる展開を目指すにあたって、ブラッキーに打点をもつポケモンを簡単に処理できる メガゲンガー を採用。 ブラッキー＋ゲンガーはミミッキュがやばすぎるため、そこに強くゲンガーの少し足りない火力をサポートしてくれる撒菱を採用した エアームド を採用。 次にメガマフォクシー、ヒスイダイケンキ、身代わり持ちのサザンに強く、バシャにも雰囲気強そうでカバの処理が楽になる アシレーヌ を採用。 構築の軸であるブラッキーと相性が良く単体スペックも高めで、リザードンやガモス、ライチュウyに強く、電気の一貫を切れるなどを評価して ガブリアス を採用 最後にメガルカリオやメガミミロップに強く、アシレーヌの被選出率を上げてくれそうな メガバシャーモ を採用。 #レンタルチーム公開 #サイクル #レギュレーションM-B この構築をポストする スポンサーリンク 使用ポケモン ブラッキー @ たべのこし ( わんぱく ) せいしんりょく HP:32 / 防御:32 / 特防:2 (252表示: HP:252 / 防御:252 / 特防:12) 実数値:202-85- 178 - 72 -152-85 イカサマ ねがいごと まもる あくび HBブッパ 性能がめちゃくちゃ好みのポケモン。大体のポケモンに受け出しでき、あくびから展開をつくることができる。技選択が難しいが慣れるしかない。 メガゲンガー @ ゲンガナイト ( おくびょう ) かげふみ HP:18 / 特攻:16 / 素早:32 (252表示: HP:140 / 特攻:124 / 素早:252) 実数値:153- 76 -100-206-115- 200 ヘドロウェーブ シャドーボール みちづれ まもる H：特化フラエッテのサイキネ1/4切り耐え 補正なしA32メガムクホークのブレバを最高乱数切り耐え C：メガキラフロルがシャドボ2発で落ちる S：同速意識で最速 ブラッキーで詰ませたりこちらのアタッカーを通すにあたって邪魔なポケモンをかげふみを活かして確実に処理する。瞑想を積まれたフラエッテやアシレに対しても道連れで確実に持っていくことができる。1:1交換はもちろん1:2交換まで狙え、設置技＋サイクルで相手のポケモンを削って終盤のスイーパーにもなれる。 エアームド @ オボンのみ ( わんぱく ) がんじょう HP:31 / 防御:32 / 素早:3 (252表示: HP:244 / 防御:252 / 素早:20) 実数値:171-100- 211 - 54 -90-93 アイアンヘッド まきびし はねやすめ ふきとばし HB：Hが奇数になるようにぶっぱ S：メガピクシー意識。あまり 対ミミッキュだけでなく相手のサイクルへの負荷をかけれる撒菱採用。これのおかげでゲンガーの足りない火力を補えたり、ブラッキーのあくびと合わせて相手のポケモンがボロボロになってサイクルを有利に進めることができた。積みの起点回避になる吹き飛ばしも設置技と相性がよく強かった。なぜかたくさんあたったギロチンドゲザに対しても特性のおかげで一撃技を無効にできて便利だった。 アシレーヌ @ カゴのみ ( ひかえめ ) げきりゅう HP:32 / 防御:17 / 素早:17 (252表示: HP:252 / 防御:132 / 素早:132) 実数値:187- 84 -111- 160 -136-97 うたかたのアリア ムーンフォース ねむる アンコール HB：なるべく高く C：無振りメガマフォクシーがステロ＋泡沫で落ちる。 S：ミラー意識。抜かれるたびにS上げてたらこうなった。 ゲンガー出さない時に相手のアシレを誤魔化せるのがこのポケモンしかいなかったのと、ギルガルドより早かったら楽だなと感じSに努力値を振った。剣舞インファ持ちのガルドがブラッキー、エアームド共に受かってないのでどうしようもない時は先に眠って、ポルガイへの耐性をつけてアシレで無理矢理ガルドをみたりしていた。身代わり持ちマフォクシーに対しての役割遂行能力が違うので波乗りではなく泡沫を採用。 ガブリアス @ きあいのタスキ ( ようき ) さめはだ 攻撃:32 / 防御:1 / 特防:1 / 素早:32 (252表示: 攻撃:252 / 防御:4 / 特防:4 / 素早:252) 実数値:183-182-116- 90 -106- 169 スケイルショット じしん いわなだれ ステルスロック ASブッパ 対面駒。初手にステロを撒いてブラッキーであくびしてるだけでも強かった。岩石耐え調整のリザードンが多かったので甘えずに岩雪崩採用。選出率は控えめ。 メガバシャーモ @ バシャーモナイト ( いじっぱり ) かそく 攻撃:32 / 防御:1 / 特防:1 / 素早:32 (252表示: 攻撃:252 / 防御:4 / 特防:4 / 素早:252) 実数値:155- 233 -101- 135 -101-152 フレアドライブ インファイト じしん まもる ASぶっぱ メガでなく球でもいいなと考えたけれど、せっかくメガ枠余ってるならということでメガでの採用。バシャーモを投げたいのにラウドボーンがいるから投げれないみたいな事を失くしたいため剣舞ではなく地震採用。ゲンガー入りにも関わらずアシレーヌをかなり投げられたのはブラッキーとバシャーモのおかげかなと考えている。 戦術と解説 選出 基本ゲンガー＋ブラッキー＋@1 ルカリオとかミミロップが見えたり、めちゃくちゃ刺さってるなと感じたらバシャーモ選出を検討する感じ。 相手に格闘メガ進化勢がいたらブラッキーを選出するかどうかは考えた方がいいかも。 キツいポケモン・並び メガカイリュー＋巧みサーフゴー＋ガブ受け その他諸々 終わりに 目標であるチャンピオン級を達成してめちゃくちゃ嬉しいです。疑問点とかあったら気軽に質問してください。ここまで読んでくださりありがとうございました。 投稿日時 : 2026/08/05 22:05 最終更新日時 : 2026/08/06 23:57 参考になった方は、★の投票をお願いします！ 登録不要でどなたでも「いいね!」を送れます！ この構築をツイートする スポンサーリンク コメント (0件) コメントはまだありません。 コメントを投稿 パーティ構築は多くの方が気軽に投稿できるサービスを目指しており、質問や称賛、建設的なコメントのみ投稿が可能です。投稿者の望まない否定的なコメントは禁止です。 名前: 本文: 削除キーは自分でコメントを削除する際に必要になります。 削除キー: スポンサーリンク ▲ ページの先頭へ ▲ ポケ徹 掲示板 ポケモンチャンピオンズ ポケモンZA ポケモンSV 剣盾 BDSP ポケモンパーティ構築 チャンピオンズシングル MB M-4 シングル　ガブブラゲン　最終230位 このサイトについて ｜ プライバシーポリシー ｜ ポケ徹@X(Twitter) ポケットモンスター・ポケモン・Pokémonは 任天堂 ・ クリーチャーズ ・ ゲームフリーク の登録商標です。 当サイトは個人ファンサイトであり、 株式会社ポケモン 他企業様とは一切関係ありません。下記はサイト独自の内容に関する著作権を示すものです。 © 2002-2026 Yakkun 最新ニュース レギュレーションMBで追加された新ポケモン一覧を掲載！ 2026/6/17 ダメージ計算ツールを公開！ 2026/4/23 ポケモンチャンピオンズ攻略を掲載！ 2026/4/4 【8/7〜8/14】最強キラフロルのレイド対策！ソロ攻略おすすめポケモンまとめ【ポケモンSV】 2026/08/07 【8/7〜9/4】4週連続で最強レイド開催！色違い・証持ちの大量発生も同時開催【ポケモンSV】 2026/08/07 ポケモンニュース一覧 ポケモンチャンピオンズ攻略 ポケモンZA攻略 ポケモンSV攻略 ポケモン剣盾攻略 レジェンズ アルセウス攻略 ダイパリメイク攻略 ピカブイ攻略 ポケモンGO攻略 ウルトラ サン/ムーン攻略 オメガルビー アルファサファイア攻略 ポケモンXY攻略 ブラックホワイト攻略 BW・BW2攻略 ハートゴールド ソウルシルバー攻略 ダイヤモンド/パール/プラチナ攻略 ファイアレッド リーフグリーン攻略 ルビー/サファイア/エメラルド攻略 ポケモンコロシアム ポケモンXD攻略 掲示板/チャット 無料ゲーム イラスト 情報/その他 人気コンテンツ ポケモン図鑑チャンピオンズ ポケモンチャンピオンズ育成論 ポケモンパーティ構築 対策ポケモン投票 タイプ相性表 タイプバランスチェッカー 性格(せいかく)補正表 個体値カリキュレーター ダメージ計算ツール 耐久調整ツール すばやさ調整ツール ポケモントレード(交換掲示板) オシャボおすすめ人気投票 ポケモンチャンピオンズ ポケモン図鑑チャンピオンズ 詳細検索 ポケモンチャンピオンズ育成論 内定ポケモン一覧 メガシンカポケモン一覧 対策ポケモン投票 最強ポケモン使用率ランキング 全ポケモンの出現・入手できるソフト一覧 ダメージ計算ツール ファイアレッド・リーフグリーン ポケモン図鑑アドバンス ポケモン一覧と入手方法 バージョン限定ポケモン 伝説のポケモン一覧と入手方法 見やすいストーリーの流れ 詳細なストーリー攻略ガイド クリア後のナナシマ攻略ガイド 旅パのおすすめポケモン マップと出現ポケモン わざマシン入手場所 タイプごとの技の分類(物理・特殊) ポケモン図鑑 (チャンピオンズ) ポケモン図鑑チャンピオンズ 詳細検索 内定ポケモン一覧 レギュMB追加ポケモン一覧 種族値ランキング メガシンカポケモン一覧 新メガシンカポケモン一覧 全ポケモンの出現・入手できるソフト一覧 ポケモン重さランキング ポケモン育成 ポケモンチャンピオンズ育成論 ポケモンパーティ構築 対策ポケモン投票 最強ポケモン使用率ランキング タイプ相性 タイプ相性表 タイプバランスチェッカー 性格(せいかく) 性格の能力補正表 便利ツール 個体値計算ツール ダメージ計算ツール すばやさ調整ツール 耐久調整ツール 攻略ガイド (チャンピオンズ) 変更点・変わることまとめ 能力ポイントと努力値の違い 個体値・種族値・努力値とは？ バトルの基礎知識まとめ 道具の効果 (チャンピオンズ) 道具の一覧と効果 レギュMBで追加された道具の一覧 オシャボおすすめ人気投票 データベース 特性の一覧と効果 新しい特性の一覧と効果 技の一覧と効果 覚える技の変更点まとめ 掲示板 ポケモントレード(交換掲示板) ポケモン知恵袋(質問投稿) パーティ構築 注目の育成論 【新星かそくエース】メガのタイミングが勝利のカギ！メガペンドラー いじっぱり / シェルアーマー / 対応メガストーン HP:24 / 特防:10 / 素早:32 きゅうけつ / ダストシュート / じしん / つるぎのまい 【M-Bダブル】確定急所りゅうせいぐんブリジュラス ひかえめ / じきゅうりょく / ピントレンズ HP:15 / 特攻:32 / 特防:19 りゅうせいぐん / ラスターカノン / まもる / きあいだめ 地震を耐えて確実に対面勝ちするブリジュラス ひかえめ / じきゅうりょく / シュカのみ HP:31 / 特攻:32 / 素早:3 りゅうせいぐん / 10まんボルト / ラスターカノン / あくのはどう 【物理完封】桃色の要塞、メガヤドラン ずぶとい / シェルアーマー / 対応メガストーン HP:32 / 防御:32 / 特防:2 ねっとう / ボディプレス / てっぺき / なまける 【シーズンM-1】HCD人魚さん ひかえめ / げきりゅう / オボンのみ HP:32 / 特攻:17 / 特防:17 うたかたのアリア / アクアジェット / ムーンフォース / ほろびのうた 続きを見る お知らせ 2026年6月25日(木) 「 ポケモンチャンピオンズ育成論 」のバトルデータを最新データ(レギュMB)に更新しました。 「 タイプバランスチェッカー 」の仮想敵を最新データに更新しました。 2026年6月17日(水) 「 レギュレーションMBの追加ポケモン一覧 」を公開しました！特性や覚える技なども掲載しています。 「 ダメージ計算ツール 」「 すばやさ比較調整ツール 」「 タイプバランスチェッカー 」がレギュMBに対応しました。 「 レギュレーションMBで追加された道具一覧 」を掲載しました。 2026年5月17日(木) 「 ダメージ計算ツール 」に「全技ダメ計」機能を追加しました！ 2026年4月23日(木) 「 ダメージ計算ツール 」を公開しました！ 2026年4月17日(金) 【ポケモンチャンピオンズ】新サービス「 対策ポケモン投票ランキング 」を掲載しました！ 2026年4月13日(月) 【ポケモンチャンピオンズ】「 最強ポケモン使用率ランキング 」を掲載しました！ 2026年4月12日(日) 「 タイプバランスチェッカー 」がポケモンチャンピオンズの仮想敵に対応しました！ 2026年4月11日(土) 「 ポケモンチャンピオンズ育成論 」を公開しました！ 2026年4月10日(金) 「 ポケモンパーティ構築 」がポケモンチャンピオンズに対応しました！ 「 ポケモンチャンピオンズで覚える技の変更点まとめ 」を掲載しました！ 「 すべての技の一覧と効果 」を掲載しました！ 2026年4月8日(水) 「 全ポケモンの出現・入手できるソフト一覧 」を掲載しました！ 「 【ポケモンチャンピオンズ】最初のポケモンおすすめ 」を掲載しました！ 2026年4月7日(火) 「 耐久調整ツール 」がポケモンチャンピオンズに対応しました！ 2026年4月6日(月) 「 【ポケモンチャンピオンズ】SVからの変更点・変わることまとめ 」を掲載しました！ 2026年4月5日(日) 「 タイプバランスチェッカー 」「 すばやさ比較調整ツール 」がポケモンチャンピオンズに対応しました！ 2026年4月4日(土) 「 ポケモンチャンピオンズ攻略 」を掲載しました！ 「 ポケモン図鑑チャンピオンズ 」「 ポケモンチャンピオンズの内定ポケモン一覧 」などを掲載しました！ 2026年4月1日(水) 「 ポケモン図鑑SV 」「 ポケモン図鑑ZA 」などのポケモンリストの絞り込み機能がパワーアップしました！ 2026年3月26日(木) 「 【ポケモンZA】ランクバトルシーズン9で使用可能なポケモン 」を掲載しました！ 2026年3月18日(水) 本日、配信開始！「 ポケモンXD 闇の旋風ダーク・ルギア攻略 」を掲載中！ 2026年3月5日(木) 「 【ポケモンZA】ランクバトルシーズン8で使用可能なポケモン 」を掲載しました！ 2026年3月3日(火) ファイアレッド・リーフグリーン「 旅パのおすすめポケモン 」を掲載しました！ 2026年2月27日(金) 本日配信開始！ニンテンドースイッチ版「 ファイアレッド・リーフグリーン攻略 」を掲載しました！ 「 ポケモン図鑑アドバンス 」「 カントー・ナナシマのポケモン一覧と入手方法 」「 バージョン限定ポケモン 」「 伝説のポケモン一覧と入手方法 」を掲載しました！ 「 見やすいストーリーの流れ 」「 詳細なストーリー攻略ガイド 」「 クリア後のナナシマ攻略ガイド 」「 マップと出現ポケモン 」を掲載しました！ 「 道具の効果と入手方法 」「 わざマシン一覧と入手方法 」「 教え技一覧と場所 」「 わざの効果と一覧 」「 特性の効果と一覧 」を掲載しました！ 「 タイプごとの技の分類(物理・特殊) 」を掲載しました！ 図鑑 すべて Language 最終更新日: 2026年8月6日(木)
M-4,【M-4シングル 最終235位 R2393】 カイリューガルドウツボット｜ワーオくん,https://note.com/super_waokun/n/nabe08248d055,"【M-4シングル 最終235位 R2393】       カイリューガルドウツボット｜ワーオくん 投稿 ログイン 会員登録 【M-4シングル 最終235位 R2393】       カイリューガルドウツボット 8 ワーオくん 2026年8月5日 19:59 ワーーーーーーオ！！！ ワーオの実況ことTNワーオや！！！！！！！ S4お疲れさまや！！！！！！！！ ポケモンチャンピオンズでチャンピオン級235位取れたわ！！！ レート2400は届かなかったけど歴代最高順位達成や！！！！ 今までで一番勝てたシーズンだったわ！！ ぜひ最後まで見てくれると嬉しいわ！！！！！ 【使用構築】 チームID:7JCE75MP9W 【構築経緯】 前期最終29位の構築を参考に使用しました。 M-Bからの新ポケモンであるメガメタグロス、メガバシャーモ、メガムクホーク、メガクチート、サーフゴー、コノヨザルなどに強く、メガフラエッテも減少傾向にあったことから、環境的に動かしやすいと感じたメガカイリューを軸としました。 カイリューが苦手とする氷・フェアリータイプに強く、タイプ相性補完にも優れるギルガルドを採用しました。 さらに、カイリューとギルガルドの性能を最大限引き出すため、毒菱を展開でき、初手性能も高い気合の襷キラフロルを採用しました。 物理受けとしては、カイリュー・ギルガルドの両方と相性が良いHBDカバルドンを採用しました。 ここまでの4体で重くなりがちなメガギャラドスやゲッコウガへの対策として、スカーフマスカーニャを採用しました。 最後の枠は、参考元ではメガフラエッテでしたが、実際に回していく中でメガギャラドスや積み構築に対して不安を感じたため、これらに対して切り返し性能の高いメガウツボットへ変更しました。 この変更によって積みエースへの回答を持ちつつ、選出の幅も広がり、自分なりに環境へ合わせた形で構築を完成させました。 【個体紹介】 メガカイリュー メガカイリュー @ カイリュナイト 特性: マルチスケイル(マルチスケイル) 能力補正: おくびょう 183(17)-129-135-191(26)-145-157(23) りゅうせいぐん / エアスラッシュ / かえんほうしゃ / はねやすめ 〈調整意図〉(前期最終29位と一緒) S-最速90族抜き、準速102族＋3 H-意地っ張りA特化珠ミミッキュのじゃれつくが40.9%〜49.7% C-できるだけ高く 本構築の軸。メガ枠１ 技構成は、最大火力となるりゅうせいぐん、安定した一致技のエアスラッシュ、鋼タイプへの打点となるかえんほうしゃ、サイクル戦で重要なはねやすめの4つです。 エアスラッシュによる怯みや、かえんほうしゃの火傷によって試合を優位に進められる場面も多く、数値だけでは測れない強さを持つポケモンだと感じました。３連怯みも多々あった 素早さは遅めのメガメタグロスを意識したラインまで伸ばしており、耐久面も絶妙で、多くの攻撃を耐えながら行動できる場面が多かったため、この調整には最後まで満足しています。 10まんボルトを採用したい場面もありましたが、最終的にはこの4つの技構成が最も安定して強いという結論に至りました。 カバルドン カバルドン @ オボンのみ 特性: すなおこし 能力補正: わんぱく 215(32)-132-172(19)-79-107(15)-67 じしん / あくび / ステルスロック / なまける 〈調整意図〉Ｄ：具体的な意図は忘れましたが、おくびょうメガライチュウÝのくさむすびを耐えられるようになってます。Ｈはぶっぱ。残りはＢ 物理受けクッションとして採用。 技構成は、安定した削りと打点となるじしん、起点作りとして優秀なあくび、展開の要となるステルスロックまでが確定。残り1枠は物理相手への安定性を重視し、回復技のなまけるを採用しました。 ステルスロックとあくびによる裏への負荷付けや、相手の展開阻害、さらには天候の書き換えなど役割が非常に多く、選出して腐る試合がほとんどない点が非常に優秀でした。 当初はHBベースで運用していましたが、特殊技を受ける機会も想定以上に多かったため、最終的にはHBD調整に落ち着いています。 特防にここまで振ることで特殊アタッカーへにも役割があって強かったです。 最強の起点作りポケモンとして、構築全体の安定感を大きく支えてくれる存在でした。 キラフロル キラフロル @ きあいのタスキ 特性: どくげしょう 能力補正: ひかえめ 159(1)-67-110-200(32)-102(1)-138(32) ヘドロばくだん / マジカルシャイン / だいちのちから / エナジーボール 〈調整意図〉CSぶっぱ　残りh,d 毒菱を展開する襷枠。 技構成は、フェアリーへの打点となるヘドロばくだん、鋼への打点となるだいちのちから、カバルドンやラグラージなどの地面タイプに有効なエナジーボール、ガブリアスやサザンドラへの打点となるマジカルシャインを採用しました。技構成は前期最終29位のものをそのまま使用しています。 このポケモンは相手のステルスロック展開に対して数的有利を取ることを重視しており、そのため技範囲を広く取っています。実際にガブリアスが剣の舞やステルスロックを選択した隙を突いて突破し、そのまま数的有利を得られた試合もありました。 また、毒菱を回収できるポケモンがいない構築には初手で毒菱を展開し、メガカイリューとギルガルドでサイクルを回すだけで勝てる試合も多く、本構築の潤滑油として大きく貢献してくれました。 ギルガルド ギルガルド(盾) @ たべのこし 特性: バトルスイッチ 能力補正: ゆうかん 167(32)-112(32)-161(1)-70-161(1)-72 ブレードフォルム 167    211    71    160    71    72 ポルターガイスト / つるぎのまい / かげうち / キングシールド 〈調整意図〉HAぶっぱ　残りb,d メガカイリューと相性の良いポケモン。 技構成はキングシールドを軸に、最大打点となるポルターガイスト、積み技のつるぎのまい、先制技のかげうちを採用しました。 ポルターガイストは相手の持ち物を確認できるため、相手の裏の持ち物まで推測しながら試合を組み立てやすい点が非常に強力でした。 当初は前期最終29位の構成と同じくせいなるつるぎを採用していましたが、崩し性能が物足りないと感じたため、最終日の残り1時間でつるぎのまいへ変更しました。 その代償として攻撃技がゴースト技のみとなり、ノーマルタイプや悪タイプにはほとんど打点を持てなくなりました。しかし、それ以上につるぎのまいによる制圧力と崩し性能の向上が魅力的であり、最終的にはこの変更が結果に繋がったと感じています。 メガウツボット メガウツボット @ ウツボットナイト 特性: とびだすなかみ(ようりょくそ) 能力補正: いじっぱり 187(32)-194(32)-105-139-115-92(2) パワーウィップ / はたきおとす / ちからをすいとる / ふいうち 〈調整意図〉HAぶっぱ　残りｓ２ 第2のメガ枠。 メガカイリューが苦手とするメガガルーラ、メガギャラドス、メガミミロップ、ガラルヤドキング、メガフラエッテに強く出られるポケモンとして採用しました。特に構築単位で重かったメガギャラドスを意識し、物理型で育成しています。 また、バトン構築などにも強かったです。 パワーウィップはメインウェポン。命中85と不安はありますが、威力120から繰り出される高火力は非常に魅力的で、外したのはランクマ期間を通して3回ほどしかありませんでした。 はたきおとすは持ち物がある相手には実質威力97.5となる優秀な技です。ウツボットを見るとギルガルド、サーフゴー、などが後投げされやすく、それらに有効打を与えられる点が非常に優秀でした。また、初手でキラフロルとブリジュラスを対面させやすくなるなど、選出誘導にも大きく貢献しました。 ちからをすいとるは攻撃を下げながら回復できる非常に強力な技で、多くの物理アタッカーを機能停止に追い込めました。この技のおかげで居座れる場面が多く、物理型との相性も抜群でした。 ふいうちは貴重な先制技です。読まれにくいことも多く、削れた相手を縛るだけでなく、倒された後のとびだすなかみと合わせて相手に大きな負荷をかけられました。 強力な特性であるとびだすなかみに注目されがちですが、それ以上に技構成が非常に優秀で、選出した試合では期待以上の活躍を見せてくれた1匹でした。 マスカーニャ マスカーニャ @ こだわりスカーフ 特性: へんげんじざい 能力補正: いじっぱり 157(6)-178(32)-91(1)-90-90-170(27) トリックフラワー / トリプルアクセル / かわらわり / とんぼがえり 〈調整意図〉Aぶっぱ　ｓ最速ガブリアス抜き　残りｈとｂ 高速スカーフ枠。諸説枠。 技構成はタイプ一致技のトリックフラワー、ドラゴンへの打点トリプルアクセル、対面操作技の蜻蛉返り、壁を破壊かつ、メガミミロップやメガルカリオ、ドドゲザンに打点を持てるかわらわりを採用しました。構築単位でメガギャラドスとゲッコウガが特に重いのでこれらの相手を見たら積極的に選出していました。かわらわりを打つ機会は少なかったですが、ブリジュラスに意外と入ったりしました。ですが、イカサマやトリックの方が強いです 選出 キラフロルカイリューギルガルド 6〜7割はこの選出 例:カバルドンウツボットマスカーニャ カイリューカバルドン マスカーニャなど メガシンカは相手によって見極めます。基本カイリューでいいです。 重いポケモン エンペルトハッサム、アーマーガア　ゲッコウガなど トリプルアクセル剣舞メガミミロップ 最後に 改めて235位、チャンピオン級に乗ることができて嬉しかったです。 今後は二桁、一桁目指して頑張りたいです。 この構築の使い方、最終日の対戦動画をYouTubeで出してるので良ければチャンネル登録、高評価よろしくお願いします！ ダウンロード copy いいなと思ったら応援しよう！ チップで応援する #ポケモンチャンピオンズ #構築記事 8 ワーオくん フォロー トップ ゲーム ゲーム noteプレミアム note pro ヘルプ プライバシー クリエイターへのお問い合わせ フィードバック ご利用規約 通常ポイント利用特約 加盟店規約 資金決済法に基づく表示 特商法表記 投資情報の免責事項"
M-4,2393점 최종 238위) 메가캥카 주축 대면파티소개 - 포켓몬 챔피언스 마이너 갤러리,https://m.dcinside.com/board/pkmchampions/318796,
M-4,【ポケモンチャンピオンズシーズンM-４ ２３９位】激運！偽装小さくなるサイクル｜チシャねこ,https://note.com/tisyaneko21626/n/nd8166cc90d9f,【ポケモンチャンピオンズシーズンM-４　２３９位】激運！偽装小さくなるサイクル｜チシャねこ 投稿 ログイン 会員登録 【ポケモンチャンピオンズシーズンM-４　２３９位】激運！偽装小さくなるサイクル 6 チシャねこ 2026年8月7日 20:27 ゲンガー強すぎ ・構築経緯 歳のせいか考えながらポケモンをするのがしんどくなってきて 小さくなるで楽に勝てないか と考えてM-3の構築を見漁っていたところ、スターミーハリーマンで小さくなる構築を見つけて感銘を受けたので参考にすることに。 参考ブログ→ 【M-3 最終796位】爆運ゲンハリスタ （勝手に載せているので怒られたらリンクは削除します） 最初はパーティをほぼ丸パクリして使っていたのですが、恐らく他にもこのパーティーを参考にしている方が結構いたらしく徐々に対策されていきました。某大手動画投稿者がハリーマンスターミーのちいさくなる対策喚起動画を上げるなどシーズン途中はかなり肩身が狭い思いをしていました。 それでも何とかして小さくなりたかったので パーティーを多少弄ることに。参考ブログに記載されている基本選出であるゲンガースターミーハリーマンが強すぎてこの３匹は弄らないことにして他３匹を変更。 この時点ではゲンガースターミーハリーマン以外ほぼ出さないだろうと思い、ちいさくなるを迷彩しつつ基本選出が厳しい必中技を持つライチュウYドドゲザンを見れるハラバリーアーマーガアの並びを採用。 ハラバリーアーマーガアはスターミーともよく組んでいたのでスターミーが小さくなるのか殴ってくるタイプなのか分かりづらくてよかったと思います。 問題はハリーマンでこいつがいるとスターミーハリーマンの並びがバレてしまうので何とか残り１匹でハリーマンを誤魔化せるポケモンを採用することに。 そこで思いついたのがすいすいハリーマンの雨パ偽装に見えるんじゃないかとペリッパーを採用。 （頼む！雨パに見えてくれえええと思いながら使ってました） ちなみにですがペリッパーアーマーガアハラバリーも１０戦に１回くらいは選出していました。 詳しくは個体解説で。 ・コンセプト 小さくなってなるべく楽して勝つ！ ・個体解説 ペリッパー＠こだわりスカーフ　特性：あめふらし 努力値Ｈ２　C３２　S３２ 性格：おくびょう 技：ウェザーボール　ぼうふう　とんぼがえり　れいとうビーム 選出率：６位 先述した通り雨パに偽装するためだけにパーティ入りしたペリカン。 ２～３回しか出してないのでよく分かりませんが意表をついてこだわりスカーフを持たせたら面白いかなと思いCSで採用。 スカーフとんぼがえりとハラバリーアーマーガアの相性がよく、出した試合は意外と活躍した印象でした。 所説枠過ぎるので別のポケモンでも大丈夫だと思います( ◠‿◠👌 ) ハリーマン＠たべのこし　特性：いかく 努力値Ｈ１７　Ｂ１７　S３２ 性格：ようき 技：じごくづき　みがわり　ちいさくなる　つるぎのまい 選出率：２位 構築の要その１。 タイプと特性が偉すぎて色々なポケモンを起点に小さくなってました。 特に必中技のトリックフラワー（珠は無理）に対してみがわりを残しつつ積めるのでマスカーニャはこいつのおかげで怖くありませんでした。 参考ブログにも書いてありますが音技封じ、どくびし回収、いたずらごころ無効と偉い要素満載ポケモン。 弱点は見ただけで小さくなるを警戒されること。 アーマーガア＠オボンのみ　特性：プレッシャー 努力値Ｈ３２　Ｂ２９　Ｄ５ 性格：わんぱく 技：アイアンヘッド　ボディプレス　てっぺき　はねやすめ 選出率：同率４位 ドドゲザン止める枠。 ライチュウYがいるパーティにハラバリーを出すためその場合も選出してました。ハラバリーを出した試合にはほぼ（多分全試合）セットで出してサイクルを回してました。 努力値は何故かDに５振ってますがよく分からないのでＢぶっぱでいいと思います（笑） 技はとんぼがえりを採用したかったのですがミミッキュやイダイトウ等ゴーストタイプに何もできないのが嫌だったので泣く泣くアイヘを採用。 アイヘ採用は結果的に大正解でした。 ドドゲザンを止めるためてっぺきボディプレスは確定。 パーティが苦手なスカーフガブリアスの抑圧になっていたと思うので採用して正解でした。 ハラバリー＠じしゃく　特性：でんきにかえる 努力値Ｈ３１　Ｂ４　Ｄ２６　S５ 性格：おだやか 技：パラボラチャージ　どくどく　なまける　みずびたし 選出率：同率４位 小さくなるパ最大の敵ライチュウYを止めるマン。 先述した通りアーマーガアと一緒に出すことが多く小さくなるのが無理そうなパーティには割とよく出してました。 アーマーガアがとんぼがえりを採用できなかったのでトンボルチェンのサイクルは諦めて、対面で強いパラボラチャージを採用。 本当はたべのこしを持ちたかったのですがハリーマンが持ってしまっていたのでパラポラの威力が上がる磁石を持たせることに。 努力値はＢがミミッキュの珠じゃれつく２発耐え、Ｓは無ぶりカバルドンに素早さ負けたくないので抜き抜き抜き調整。HDは特殊受けしたいので余り全て振り切り。 ゲンガー＠きあいのタスキ　特性：のろわれボディ 努力値Ｂ２　C３２　S３２ 性格：おくびょう 技：たたりめ　さいみんじゅつ　きあいだま　こごえるかぜ 選出率：１位 実はこのパーティで最強ポケモン。 基本選出の初手枠で適当に荒らしてスターミーハリーマンに繋ぐ役割。 パーティのメガできるポケモンがスターミーとゲンガーだけなのでメガに見られがちで、対戦相手が結構処理に困っていた印象でした。 さいみんじゅつときあいだまを採用していますが、このパーティの本質は小さくなるなので別に技を当てなくても勝てるところがポイント高かったです。さいみんきあいだまは当てればラッキーくらいで使うと外した時も心穏やかでいられます＾。＾ スカーフこだわりポケモンの技をのろわれボディで封じてスターミーハリーマンに繋げるのが最強でした。 スターミー＠スターミナイト　特性（メガ後）：ちからもち 努力値Ｈ３２　Ａ２　S３２ 性格：ようき 技：たきのぼり　みがわり　ちいさくなる　じこさいせい 選出率：３位 構築の要その２。 ハリーマンはいかくやタイプ受けでちいさくなるタイプでしたが、スターミーは単純に速いＳから小さくなるをしてごり押す感じでした。 たきのぼりはＰＰが多いので（ＰＰ１６でも足りない）採用。 たきのぼりでもＡＳガブリアスが確２だったり十分火力は足りてました。 小さくなったら技が当たらないよう祈りましょう。 ・基本選出 ドドゲザンライチュウＹがいないパーティ→ゲンガースターミーハリーマン ドドゲザンライチュウＹがいるパーティ→ハラバリーアーマーガア＋α ９割ゲンガースターミーハリーマンで勝てました。 ・苦手なポケモン 引き分けor無理：吠える持ちじきゅうりょくたべのこしブリジュラス ドヒドイデ　てんねんピクシー　ふきとばしカバルドン やや苦手：スカーフ持ちの特定ポケモン（ガブリアス、ロトム等） ・最後に 今シーズンはやりたいことでチャンピオン級に行けたので凄く嬉しいです。 最後は１１連勝してチャンピオン級に乗れたので運がよかっただけではなく普通に強いパーティだったのではないかと思います。 前回に続き２期連続チャンピオン級に乗れたので、（パーティは何も決まってないですが）次もチャンピオン級を目指して頑張ります！！！ 最後に宣伝なのですがいつもは KICK というサイトでランクマ配信や雑談配信をしています。是非遊びに来てください！ サブではありますが youtube や ツイッチ もやっています！（登録お願いします） 長くなってしまいましたがここまで読んでいただきありがとうございました！Ｍ－５も頑張りましょう！ ダウンロード copy いいなと思ったら応援しよう！ チップで応援する #ポケモン #ポケモンチャンピオンズ #構築記事 #チャンピオン級 6 チシャねこ フォロー トップ ゲーム RPG (ロールプレイングゲーム) noteプレミアム note pro ヘルプ プライバシー クリエイターへのお問い合わせ フィードバック ご利用規約 通常ポイント利用特約 加盟店規約 資金決済法に基づく表示 特商法表記 投資情報の免責事項
M-4,【M-4最終チャンピオン級】毒びし×身代わりリレー&鉄壁メタグロス【レート2392/240位】,https://pokesol.app/u/nbgrm/articles/d78b7c88fb3258c9,【M-4最終チャンピオン級】毒びし×身代わりリレー&鉄壁メタグロス【レート2392/240位】 ログイン ポケノート 注目記事 記事検索 ツール ダメージ計算(準備中) チーム管理 Pokémon Soldier X YouTube Twitch GitHub サポート お問い合わせ 条項 利用規約 プライバシーポリシー 免責事項 0 n nbgrm 目次 ページトップへ 【M-4最終チャンピオン級】毒びし×身代わりリレー&鉄壁メタグロス【レート2392/240位】 構築記事 シングル M-B M-4 どくびし みがわり 2026年8月5日 に公開 TN:なべぐらむ シーズンM-4お疲れ様でした。 会社のトイレで尻丸出しで最終戦潜って最終チャンピオンを達成した構築経緯とその構築を備忘としてこちらに残させていただきます。 以下に対戦のリンクを貼っているのでよければご覧ください。 目次 ①構築経緯 ②構築 ➂各ポケモンの調整 ④基本選出 ⑤あとがき ①構築経緯 毒びしで崩せる構築の範囲を増やそう、というところから組み始めました。 最初はオオニューラで毒びしを撒いていて、 毒びしに強い相手の鋼や毒タイプに強い鉄壁 メガメタグロス をエースとし、 地面の一貫を切るため浮いているポケモンで毒ダメージを稼ぎつつドラゴンテールで流せる カイリュー を採用して基本選出がまとまりました。 ただ、相手のガブリアスやメガカイリューに対して基本が出るポケモンがいないため、 オオニューラ➡ マスカーニャ へ変更しトリプルアクセル採用で3匹が決まりました。 それでも毒タイプやサーフゴー、ギルガルド、ミミッキュ、スカーフじゃないガブリアス等 つらいポケモンがそこそこ多かったため、まとめて起点にしやすい メガギャラドス を採用。 こちらのメガメタグロスに鋼技がないため、フェアリーが重いので ウルガモス を採用。 リザードンやライチュウを倒せるリソースがほぼないためステルスロック持ち ガブリアス を 補完として入れて構築が完成した。 ②構築 ➂各ポケモンの調整 調整は特筆すべき部分はないが、毒びしを踏まない浮いているポケモンに トリプルアクセルを打つため毒びしとセットで採用。 裏がステルスロックを撒かれやすい、ルカリオやギャラドスが起点にしに来るため 挑発を採用し、最後の枠はゲッコウガとアシレーヌに強いトリックフラワーを採用。 ギルガルドやサーフゴーも重いため悪技でもよい。 変幻自在にしているのは初手でアシレーヌをよく呼んだため、 毒びしで毒タイプになっておいてムーンフォースを受け、アクアジェット圏外で もう一度行動できるようにしたかったため。 耐久は適当に振り分け、S2振りブリジュラス抜きで調整。 個人的勝ち馬。 どくびしを撒いた後に投げて、カバルドンが受けに来るのでまず身代わりで透かす。 吹き飛ばしに対してドラゴンテールを打つことで身代わりを残しながら毒びしを踏ませることができるため、身代わりと羽休めでほぼ無限にダメージを稼げる。 ブリジュラスにも同じことができ、S2振りのブリジュラス抜きまで振っているため 相手の吠えるよりこちらのドラゴンテールを先行で打つことができる。 火炎放射はアーマーガアやギルガルド意識で入れているが、ほぼ倒せないため ➡アーマーガアは羽休めのPPを枯らして裏の鉄壁メタグロスで倒す ➡ギルガルドは身代わりなどで択にしてブレードフォルムを倒す みたいな処理をしていました。 おまけ程度に、受けループに勝てない！となった際にこいつだけで引き分けに持ち込めるのが神。 最速キラフロル抜き、Bほぼ特化で余りをHが奇数になるように調整。 毒びしとかなり相性のいい攻撃範囲。 鉄壁一回で身代わりがカバルドンの自身を高乱数で耐えるため、起点にできます。 もともと高速移動で使っていたが、ラス1カバルドンにあくびされて負けることが多かったので 身代わりを採用。 相手のマスカーニャがこちらのカイリューをトリプルアクセルで突破する展開は、 このメタグロスの起点にしやすかった。 この構築が重いフェアリータイプ系やギルガルド、サーフゴーに強いため採用。 サイコキネシスの採用理由は 相手のステルスロックに対して挑発マスカーニャを当てる ➡その後毒びしを撒く の展開になった時に毒タイプが出てきたときのために採用。 カバルドン、アシレーヌが重くそこに強くしたいためギガドレインは確定で あとはメガゲッコウガも倒せるように蝶の舞を採用。 メガマフォクシーが初手で出てきたときに毒びしを踏まず負け確定なため採用。 身代わりは毒ダメ稼ぎもあるが、ウルガモスとセットで出した際に スカーフガブリアスに岩石封じされているだけで負けるため、 起点出来るように採用した。 ミミッキュやギルガルドなど基本選出で重いポケモンにも強いため、 かなりいい補完になった。 岩石封じでS-1メガマフォクシー抜きで採用。 重いポケモンをすべて見たかったポケモン。 リザードンが重すぎるためステルスロック要因でもある。 メガゲッコウガも重いため、冷凍ビームを耐えれるようにヤチェで採用したが、 どうせ対面で勝てないのでガブリアスはもう少し考える余地があったと思う。 ④基本選出 A.マスカーニャ＋カイリュー＋メガメタグロス 毒びし撒いてカイリューで削ってメタグロスで全抜きします。 基本これを出せばOKです。 B.マスカーニャ＋ウルガモス＋メガギャラドス ギルガルド、サーフゴー、メガゲッコウガ、メガマフォクシー、毒タイプ、などのポケモン が3体くらいいればAの選出は通りにくいのでこちらで選出する。 C.ガブリアス＋ウルガモス＋メガギャラドス リザードンがいたらこれで選出したい。 ただ、リザードンYならマスカーニャ＋カイリューで何とかなることもあるため、 基本A選出していました。 ⑤あとがき 今シーズンはそこまで手ごたえがなかったのですが、無事チャンピオン級に到達しました。 最終日は仕事だったので、前日の夜に2300くらいで絶望していたのですが 通勤時間や大便中などでぶん回したらチャンピオン級に乗りました。 構築自体は結構いいものが組めたように感じるので、今シーズンも少し擦ろうと思ってます。 自分くらいのレートの構築はバレずらいと思うのでガンガンパクって、 よければ感想をXアカウント（@pscaca）に送っていただけると嬉しいです。 お疲れ様でした。 次シーズンは最終2ケタ目標です。 ポスト n nbgrm n nbgrm ポケノート ツール サポート 記事一覧 チーム管理 お問い合わせ 記事検索 記事一覧 記事検索 チーム管理 お問い合わせ
